region,estimate,number,confidence
afghanistan,0.0,0,
afghanistan,0.5,0,
afghanistan,1.0,0,
afghanistan,1.5,0,
afghanistan,2.0,0,
afghanistan,2.5,0,
afghanistan,3.0,0,
afghanistan,3.5,0,
afghanistan,4.0,0,
afghanistan,4.5,0,
afghanistan,5.0,0,
afghanistan,5.5,0,
afghanistan,6.0,0,
afghanistan,6.5,0,
afghanistan,7.0,0,
afghanistan,7.5,0,
afghanistan,8.0,0,
afghanistan,8.5,0,
afghanistan,9.0,0,
afghanistan,9.5,0,
afghanistan,10.0,0,
afghanistan,10.5,0,
afghanistan,11.0,0,
afghanistan,11.5,0,
afghanistan,12.0,0,
afghanistan,12.5,0,
afghanistan,13.0,0,
afghanistan,13.5,0,
afghanistan,14.0,0,
afghanistan,14.5,0,
afghanistan,15.0,0,
afghanistan,15.5,0,
afghanistan,16.0,0,
afghanistan,16.5,0,
afghanistan,17.0,0,
afghanistan,17.5,0,
afghanistan,18.0,0,
afghanistan,18.5,0,
afghanistan,19.0,0,
afghanistan,19.5,0,
afghanistan,20.0,0,
afghanistan,20.5,0,
afghanistan,21.0,0,
afghanistan,21.5,0,
afghanistan,22.0,0,
afghanistan,22.5,0,
afghanistan,23.0,0,
afghanistan,23.5,0,
afghanistan,24.0,0,
aland,0.0,0,
aland,0.5,0,
aland,1.0,0,
aland,1.5,0,
aland,2.0,0,
aland,2.5,0,
aland,3.0,0,
aland,3.5,0,
aland,4.0,0,
aland,4.5,0,
aland,5.0,0,
aland,5.5,0,
aland,6.0,0,
aland,6.5,0,
aland,7.0,0,
aland,7.5,0,
aland,8.0,0,
aland,8.5,0,
aland,9.0,0,
aland,9.5,0,
aland,10.0,0,
aland,10.5,0,
aland,11.0,0,
aland,11.5,0,
aland,12.0,0,
aland,12.5,0,
aland,13.0,0,
aland,13.5,0,
aland,14.0,0,
aland,14.5,0,
aland,15.0,0,
aland,15.5,0,
aland,16.0,0,
aland,16.5,0,
aland,17.0,0,
aland,17.5,0,
aland,18.0,0,
aland,18.5,0,
aland,19.0,0,
aland,19.5,0,
aland,20.0,0,
aland,20.5,0,
aland,21.0,0,
aland,21.5,0,
aland,22.0,0,
aland,22.5,0,
aland,23.0,0,
aland,23.5,0,
aland,24.0,0,
albania,0.0,0,
albania,0.5,0,
albania,1.0,0,
albania,1.5,0,
albania,2.0,0,
albania,2.5,0,
albania,3.0,0,
albania,3.5,0,
albania,4.0,0,
albania,4.5,0,
albania,5.0,0,
albania,5.5,0,
albania,6.0,0,
albania,6.5,0,
albania,7.0,0,
albania,7.5,0,
albania,8.0,0,
albania,8.5,0,
albania,9.0,0,
albania,9.5,0,
albania,10.0,0,
albania,10.5,0,
albania,11.0,0,
albania,11.5,0,
albania,12.0,0,
albania,12.5,0,
albania,13.0,0,
albania,13.5,0,
albania,14.0,0,
albania,14.5,0,
albania,15.0,0,
albania,15.5,0,
albania,16.0,0,
albania,16.5,0,
albania,17.0,0,
albania,17.5,0,
albania,18.0,0,
albania,18.5,0,
albania,19.0,0,
albania,19.5,0,
albania,20.0,0,
albania,20.5,0,
albania,21.0,0,
albania,21.5,0,
albania,22.0,0,
albania,22.5,0,
albania,23.0,0,
albania,23.5,0,
albania,24.0,0,
algeria,0.0,0,
algeria,0.5,0,
algeria,1.0,0,
algeria,1.5,0,
algeria,2.0,0,
algeria,2.5,0,
algeria,3.0,0,
algeria,3.5,0,
algeria,4.0,0,
algeria,4.5,0,
algeria,5.0,0,
algeria,5.5,0,
algeria,6.0,0,
algeria,6.5,0,
algeria,7.0,0,
algeria,7.5,0,
algeria,8.0,0,
algeria,8.5,0,
algeria,9.0,0,
algeria,9.5,0,
algeria,10.0,0,
algeria,10.5,0,
algeria,11.0,0,
algeria,11.5,0,
algeria,12.0,0,
algeria,12.5,0,
algeria,13.0,0,
algeria,13.5,0,
algeria,14.0,0,
algeria,14.5,0,
algeria,15.0,0,
algeria,15.5,0,
algeria,16.0,0,
algeria,16.5,0,
algeria,17.0,0,
algeria,17.5,0,
algeria,18.0,0,
algeria,18.5,0,
algeria,19.0,0,
algeria,19.5,0,
algeria,20.0,0,
algeria,20.5,0,
algeria,21.0,0,
algeria,21.5,0,
algeria,22.0,0,
algeria,22.5,0,
algeria,23.0,0,
algeria,23.5,0,
algeria,24.0,0,
andorra,0.0,0,
andorra,0.5,0,
andorra,1.0,0,
andorra,1.5,0,
andorra,2.0,0,
andorra,2.5,0,
andorra,3.0,0,
andorra,3.5,0,
andorra,4.0,0,
andorra,4.5,0,
andorra,5.0,0,
andorra,5.5,0,
andorra,6.0,0,
andorra,6.5,0,
andorra,7.0,0,
andorra,7.5,0,
andorra,8.0,0,
andorra,8.5,0,
andorra,9.0,0,
andorra,9.5,0,
andorra,10.0,0,
andorra,10.5,0,
andorra,11.0,0,
andorra,11.5,0,
andorra,12.0,0,
andorra,12.5,0,
andorra,13.0,0,
andorra,13.5,0,
andorra,14.0,0,
andorra,14.5,0,
andorra,15.0,0,
andorra,15.5,0,
andorra,16.0,0,
andorra,16.5,0,
andorra,17.0,0,
andorra,17.5,0,
andorra,18.0,0,
andorra,18.5,0,
andorra,19.0,0,
andorra,19.5,0,
andorra,20.0,0,
andorra,20.5,0,
andorra,21.0,0,
andorra,21.5,0,
andorra,22.0,0,
andorra,22.5,0,
andorra,23.0,0,
andorra,23.5,0,
andorra,24.0,0,
angola,0.0,0,
angola,0.5,0,
angola,1.0,0,
angola,1.5,0,
angola,2.0,0,
angola,2.5,0,
angola,3.0,0,
angola,3.5,0,
angola,4.0,0,
angola,4.5,0,
angola,5.0,0,
angola,5.5,0,
angola,6.0,0,
angola,6.5,0,
angola,7.0,0,
angola,7.5,0,
angola,8.0,0,
angola,8.5,0,
angola,9.0,0,
angola,9.5,0,
angola,10.0,0,
angola,10.5,0,
angola,11.0,0,
angola,11.5,0,
angola,12.0,0,
angola,12.5,0,
angola,13.0,0,
angola,13.5,0,
angola,14.0,0,
angola,14.5,0,
angola,15.0,0,
angola,15.5,0,
angola,16.0,0,
angola,16.5,0,
angola,17.0,0,
angola,17.5,0,
angola,18.0,0,
angola,18.5,0,
angola,19.0,0,
angola,19.5,0,
angola,20.0,0,
angola,20.5,0,
angola,21.0,0,
angola,21.5,0,
angola,22.0,0,
angola,22.5,0,
angola,23.0,0,
angola,23.5,0,
angola,24.0,0,
anguilla,0.0,0,
anguilla,0.5,0,
anguilla,1.0,0,
anguilla,1.5,0,
anguilla,2.0,0,
anguilla,2.5,0,
anguilla,3.0,0,
anguilla,3.5,0,
anguilla,4.0,0,
anguilla,4.5,0,
anguilla,5.0,0,
anguilla,5.5,0,
anguilla,6.0,0,
anguilla,6.5,0,
anguilla,7.0,0,
anguilla,7.5,0,
anguilla,8.0,0,
anguilla,8.5,0,
anguilla,9.0,0,
anguilla,9.5,0,
anguilla,10.0,0,
anguilla,10.5,0,
anguilla,11.0,0,
anguilla,11.5,0,
anguilla,12.0,0,
anguilla,12.5,0,
anguilla,13.0,0,
anguilla,13.5,0,
anguilla,14.0,0,
anguilla,14.5,0,
anguilla,15.0,0,
anguilla,15.5,0,
anguilla,16.0,0,
anguilla,16.5,0,
anguilla,17.0,0,
anguilla,17.5,0,
anguilla,18.0,0,
anguilla,18.5,0,
anguilla,19.0,0,
anguilla,19.5,0,
anguilla,20.0,0,
anguilla,20.5,0,
anguilla,21.0,0,
anguilla,21.5,0,
anguilla,22.0,0,
anguilla,22.5,0,
anguilla,23.0,0,
anguilla,23.5,0,
anguilla,24.0,0,
antarctica,0.0,0,
antarctica,0.5,0,
antarctica,1.0,0,
antarctica,1.5,0,
antarctica,2.0,0,
antarctica,2.5,0,
antarctica,3.0,0,
antarctica,3.5,0,
antarctica,4.0,0,
antarctica,4.5,0,
antarctica,5.0,0,
antarctica,5.5,0,
antarctica,6.0,0,
antarctica,6.5,0,
antarctica,7.0,0,
antarctica,7.5,0,
antarctica,8.0,0,
antarctica,8.5,0,
antarctica,9.0,0,
antarctica,9.5,0,
antarctica,10.0,0,
antarctica,10.5,0,
antarctica,11.0,0,
antarctica,11.5,0,
antarctica,12.0,0,
antarctica,12.5,0,
antarctica,13.0,0,
antarctica,13.5,0,
antarctica,14.0,0,
antarctica,14.5,0,
antarctica,15.0,0,
antarctica,15.5,0,
antarctica,16.0,0,
antarctica,16.5,0,
antarctica,17.0,0,
antarctica,17.5,0,
antarctica,18.0,0,
antarctica,18.5,0,
antarctica,19.0,0,
antarctica,19.5,0,
antarctica,20.0,0,
antarctica,20.5,0,
antarctica,21.0,0,
antarctica,21.5,0,
antarctica,22.0,0,
antarctica,22.5,0,
antarctica,23.0,0,
antarctica,23.5,0,
antarctica,24.0,0,
antigua_and_barbuda,0.0,0,
antigua_and_barbuda,0.5,0,
antigua_and_barbuda,1.0,0,
antigua_and_barbuda,1.5,0,
antigua_and_barbuda,2.0,0,
antigua_and_barbuda,2.5,0,
antigua_and_barbuda,3.0,0,
antigua_and_barbuda,3.5,0,
antigua_and_barbuda,4.0,0,
antigua_and_barbuda,4.5,0,
antigua_and_barbuda,5.0,0,
antigua_and_barbuda,5.5,0,
antigua_and_barbuda,6.0,0,
antigua_and_barbuda,6.5,0,
antigua_and_barbuda,7.0,0,
antigua_and_barbuda,7.5,0,
antigua_and_barbuda,8.0,0,
antigua_and_barbuda,8.5,0,
antigua_and_barbuda,9.0,0,
antigua_and_barbuda,9.5,0,
antigua_and_barbuda,10.0,0,
antigua_and_barbuda,10.5,0,
antigua_and_barbuda,11.0,0,
antigua_and_barbuda,11.5,0,
antigua_and_barbuda,12.0,0,
antigua_and_barbuda,12.5,0,
antigua_and_barbuda,13.0,0,
antigua_and_barbuda,13.5,0,
antigua_and_barbuda,14.0,0,
antigua_and_barbuda,14.5,0,
antigua_and_barbuda,15.0,0,
antigua_and_barbuda,15.5,0,
antigua_and_barbuda,16.0,0,
antigua_and_barbuda,16.5,0,
antigua_and_barbuda,17.0,0,
antigua_and_barbuda,17.5,0,
antigua_and_barbuda,18.0,0,
antigua_and_barbuda,18.5,0,
antigua_and_barbuda,19.0,0,
antigua_and_barbuda,19.5,0,
antigua_and_barbuda,20.0,0,
antigua_and_barbuda,20.5,0,
antigua_and_barbuda,21.0,0,
antigua_and_barbuda,21.5,0,
antigua_and_barbuda,22.0,0,
antigua_and_barbuda,22.5,0,
antigua_and_barbuda,23.0,0,
antigua_and_barbuda,23.5,0,
antigua_and_barbuda,24.0,0,
argentina,0.0,0,
argentina,0.5,0,
argentina,1.0,0,
argentina,1.5,0,
argentina,2.0,0,
argentina,2.5,0,
argentina,3.0,0,
argentina,3.5,0,
argentina,4.0,0,
argentina,4.5,0,
argentina,5.0,0,
argentina,5.5,0,
argentina,6.0,0,
argentina,6.5,0,
argentina,7.0,0,
argentina,7.5,0,
argentina,8.0,0,
argentina,8.5,0,
argentina,9.0,0,
argentina,9.5,0,
argentina,10.0,0,
argentina,10.5,0,
argentina,11.0,0,
argentina,11.5,0,
argentina,12.0,0,
argentina,12.5,0,
argentina,13.0,0,
argentina,13.5,0,
argentina,14.0,0,
argentina,14.5,0,
argentina,15.0,0,
argentina,15.5,0,
argentina,16.0,0,
argentina,16.5,0,
argentina,17.0,0,
argentina,17.5,0,
argentina,18.0,0,
argentina,18.5,0,
argentina,19.0,0,
argentina,19.5,0,
argentina,20.0,0,
argentina,20.5,0,
argentina,21.0,0,
argentina,21.5,0,
argentina,22.0,0,
argentina,22.5,0,
argentina,23.0,0,
argentina,23.5,0,
argentina,24.0,0,
armenia,0.0,0,
armenia,0.5,0,
armenia,1.0,0,
armenia,1.5,0,
armenia,2.0,0,
armenia,2.5,0,
armenia,3.0,0,
armenia,3.5,0,
armenia,4.0,0,
armenia,4.5,0,
armenia,5.0,0,
armenia,5.5,0,
armenia,6.0,0,
armenia,6.5,0,
armenia,7.0,0,
armenia,7.5,0,
armenia,8.0,0,
armenia,8.5,0,
armenia,9.0,0,
armenia,9.5,0,
armenia,10.0,0,
armenia,10.5,0,
armenia,11.0,0,
armenia,11.5,0,
armenia,12.0,0,
armenia,12.5,0,
armenia,13.0,0,
armenia,13.5,0,
armenia,14.0,0,
armenia,14.5,0,
armenia,15.0,0,
armenia,15.5,0,
armenia,16.0,0,
armenia,16.5,0,
armenia,17.0,0,
armenia,17.5,0,
armenia,18.0,0,
armenia,18.5,0,
armenia,19.0,0,
armenia,19.5,0,
armenia,20.0,0,
armenia,20.5,0,
armenia,21.0,0,
armenia,21.5,0,
armenia,22.0,0,
armenia,22.5,0,
armenia,23.0,0,
armenia,23.5,0,
armenia,24.0,0,
aruba,0.0,0,
aruba,0.5,0,
aruba,1.0,0,
aruba,1.5,0,
aruba,2.0,0,
aruba,2.5,0,
aruba,3.0,0,
aruba,3.5,0,
aruba,4.0,0,
aruba,4.5,0,
aruba,5.0,0,
aruba,5.5,0,
aruba,6.0,0,
aruba,6.5,0,
aruba,7.0,0,
aruba,7.5,0,
aruba,8.0,0,
aruba,8.5,0,
aruba,9.0,0,
aruba,9.5,0,
aruba,10.0,0,
aruba,10.5,0,
aruba,11.0,0,
aruba,11.5,0,
aruba,12.0,0,
aruba,12.5,0,
aruba,13.0,0,
aruba,13.5,0,
aruba,14.0,0,
aruba,14.5,0,
aruba,15.0,0,
aruba,15.5,0,
aruba,16.0,0,
aruba,16.5,0,
aruba,17.0,0,
aruba,17.5,0,
aruba,18.0,0,
aruba,18.5,0,
aruba,19.0,0,
aruba,19.5,0,
aruba,20.0,0,
aruba,20.5,0,
aruba,21.0,0,
aruba,21.5,0,
aruba,22.0,0,
aruba,22.5,0,
aruba,23.0,0,
aruba,23.5,0,
aruba,24.0,0,
australia,0.0,0,
australia,0.5,0,
australia,1.0,0,
australia,1.5,0,
australia,2.0,0,
australia,2.5,0,
australia,3.0,0,
australia,3.5,0,
australia,4.0,0,
australia,4.5,0,
australia,5.0,0,
australia,5.5,0,
australia,6.0,0,
australia,6.5,0,
australia,7.0,0,
australia,7.5,0,
australia,8.0,0,
australia,8.5,0,
australia,9.0,0,
australia,9.5,0,
australia,10.0,0,
australia,10.5,0,
australia,11.0,0,
australia,11.5,0,
australia,12.0,0,
australia,12.5,0,
australia,13.0,0,
australia,13.5,0,
australia,14.0,0,
australia,14.5,0,
australia,15.0,0,
australia,15.5,0,
australia,16.0,0,
australia,16.5,0,
australia,17.0,0,
australia,17.5,0,
australia,18.0,0,
australia,18.5,0,
australia,19.0,0,
australia,19.5,0,
australia,20.0,0,
australia,20.5,0,
australia,21.0,0,
australia,21.5,0,
australia,22.0,0,
australia,22.5,0,
australia,23.0,0,
australia,23.5,0,
australia,24.0,0,
austria,0.0,0,
austria,0.5,0,
austria,1.0,0,
austria,1.5,0,
austria,2.0,0,
austria,2.5,0,
austria,3.0,0,
austria,3.5,0,
austria,4.0,0,
austria,4.5,0,
austria,5.0,0,
austria,5.5,0,
austria,6.0,0,
austria,6.5,0,
austria,7.0,0,
austria,7.5,0,
austria,8.0,0,
austria,8.5,0,
austria,9.0,0,
austria,9.5,0,
austria,10.0,0,
austria,10.5,0,
austria,11.0,0,
austria,11.5,0,
austria,12.0,0,
austria,12.5,0,
austria,13.0,0,
austria,13.5,0,
austria,14.0,0,
austria,14.5,0,
austria,15.0,0,
austria,15.5,0,
austria,16.0,0,
austria,16.5,0,
austria,17.0,0,
austria,17.5,0,
austria,18.0,0,
austria,18.5,0,
austria,19.0,0,
austria,19.5,0,
austria,20.0,0,
austria,20.5,0,
austria,21.0,0,
austria,21.5,0,
austria,22.0,0,
austria,22.5,0,
austria,23.0,0,
austria,23.5,0,
austria,24.0,0,
azerbaijan,0.0,0,
azerbaijan,0.5,0,
azerbaijan,1.0,0,
azerbaijan,1.5,0,
azerbaijan,2.0,0,
azerbaijan,2.5,0,
azerbaijan,3.0,0,
azerbaijan,3.5,0,
azerbaijan,4.0,0,
azerbaijan,4.5,0,
azerbaijan,5.0,0,
azerbaijan,5.5,0,
azerbaijan,6.0,0,
azerbaijan,6.5,0,
azerbaijan,7.0,0,
azerbaijan,7.5,0,
azerbaijan,8.0,0,
azerbaijan,8.5,0,
azerbaijan,9.0,0,
azerbaijan,9.5,0,
azerbaijan,10.0,0,
azerbaijan,10.5,0,
azerbaijan,11.0,0,
azerbaijan,11.5,0,
azerbaijan,12.0,0,
azerbaijan,12.5,0,
azerbaijan,13.0,0,
azerbaijan,13.5,0,
azerbaijan,14.0,0,
azerbaijan,14.5,0,
azerbaijan,15.0,0,
azerbaijan,15.5,0,
azerbaijan,16.0,0,
azerbaijan,16.5,0,
azerbaijan,17.0,0,
azerbaijan,17.5,0,
azerbaijan,18.0,0,
azerbaijan,18.5,0,
azerbaijan,19.0,0,
azerbaijan,19.5,0,
azerbaijan,20.0,0,
azerbaijan,20.5,0,
azerbaijan,21.0,0,
azerbaijan,21.5,0,
azerbaijan,22.0,0,
azerbaijan,22.5,0,
azerbaijan,23.0,0,
azerbaijan,23.5,0,
azerbaijan,24.0,0,
bahrain,0.0,0,
bahrain,0.5,0,
bahrain,1.0,0,
bahrain,1.5,0,
bahrain,2.0,0,
bahrain,2.5,0,
bahrain,3.0,0,
bahrain,3.5,0,
bahrain,4.0,0,
bahrain,4.5,0,
bahrain,5.0,0,
bahrain,5.5,0,
bahrain,6.0,0,
bahrain,6.5,0,
bahrain,7.0,0,
bahrain,7.5,0,
bahrain,8.0,0,
bahrain,8.5,0,
bahrain,9.0,0,
bahrain,9.5,0,
bahrain,10.0,0,
bahrain,10.5,0,
bahrain,11.0,0,
bahrain,11.5,0,
bahrain,12.0,0,
bahrain,12.5,0,
bahrain,13.0,0,
bahrain,13.5,0,
bahrain,14.0,0,
bahrain,14.5,0,
bahrain,15.0,0,
bahrain,15.5,0,
bahrain,16.0,0,
bahrain,16.5,0,
bahrain,17.0,0,
bahrain,17.5,0,
bahrain,18.0,0,
bahrain,18.5,0,
bahrain,19.0,0,
bahrain,19.5,0,
bahrain,20.0,0,
bahrain,20.5,0,
bahrain,21.0,0,
bahrain,21.5,0,
bahrain,22.0,0,
bahrain,22.5,0,
bahrain,23.0,0,
bahrain,23.5,0,
bahrain,24.0,0,
bangladesh,0.0,0,
bangladesh,0.5,0,
bangladesh,1.0,0,
bangladesh,1.5,0,
bangladesh,2.0,0,
bangladesh,2.5,0,
bangladesh,3.0,0,
bangladesh,3.5,0,
bangladesh,4.0,0,
bangladesh,4.5,0,
bangladesh,5.0,0,
bangladesh,5.5,0,
bangladesh,6.0,0,
bangladesh,6.5,0,
bangladesh,7.0,0,
bangladesh,7.5,0,
bangladesh,8.0,0,
bangladesh,8.5,0,
bangladesh,9.0,0,
bangladesh,9.5,0,
bangladesh,10.0,0,
bangladesh,10.5,0,
bangladesh,11.0,0,
bangladesh,11.5,0,
bangladesh,12.0,0,
bangladesh,12.5,0,
bangladesh,13.0,0,
bangladesh,13.5,0,
bangladesh,14.0,0,
bangladesh,14.5,0,
bangladesh,15.0,0,
bangladesh,15.5,0,
bangladesh,16.0,0,
bangladesh,16.5,0,
bangladesh,17.0,0,
bangladesh,17.5,0,
bangladesh,18.0,0,
bangladesh,18.5,0,
bangladesh,19.0,0,
bangladesh,19.5,0,
bangladesh,20.0,0,
bangladesh,20.5,0,
bangladesh,21.0,0,
bangladesh,21.5,0,
bangladesh,22.0,0,
bangladesh,22.5,0,
bangladesh,23.0,0,
bangladesh,23.5,0,
bangladesh,24.0,0,
belarus,0.0,0,
belarus,0.5,0,
belarus,1.0,0,
belarus,1.5,0,
belarus,2.0,0,
belarus,2.5,0,
belarus,3.0,0,
belarus,3.5,0,
belarus,4.0,0,
belarus,4.5,0,
belarus,5.0,0,
belarus,5.5,0,
belarus,6.0,0,
belarus,6.5,0,
belarus,7.0,0,
belarus,7.5,0,
belarus,8.0,0,
belarus,8.5,0,
belarus,9.0,0,
belarus,9.5,0,
belarus,10.0,0,
belarus,10.5,0,
belarus,11.0,0,
belarus,11.5,0,
belarus,12.0,0,
belarus,12.5,0,
belarus,13.0,0,
belarus,13.5,0,
belarus,14.0,0,
belarus,14.5,0,
belarus,15.0,0,
belarus,15.5,0,
belarus,16.0,0,
belarus,16.5,0,
belarus,17.0,0,
belarus,17.5,0,
belarus,18.0,0,
belarus,18.5,0,
belarus,19.0,0,
belarus,19.5,0,
belarus,20.0,0,
belarus,20.5,0,
belarus,21.0,0,
belarus,21.5,0,
belarus,22.0,0,
belarus,22.5,0,
belarus,23.0,0,
belarus,23.5,0,
belarus,24.0,0,
belgium,0.0,0,
belgium,0.5,0,
belgium,1.0,0,
belgium,1.5,0,
belgium,2.0,0,
belgium,2.5,0,
belgium,3.0,0,
belgium,3.5,0,
belgium,4.0,0,
belgium,4.5,0,
belgium,5.0,0,
belgium,5.5,0,
belgium,6.0,0,
belgium,6.5,0,
belgium,7.0,0,
belgium,7.5,0,
belgium,8.0,0,
belgium,8.5,0,
belgium,9.0,0,
belgium,9.5,0,
belgium,10.0,0,
belgium,10.5,0,
belgium,11.0,0,
belgium,11.5,0,
belgium,12.0,0,
belgium,12.5,0,
belgium,13.0,0,
belgium,13.5,0,
belgium,14.0,0,
belgium,14.5,0,
belgium,15.0,0,
belgium,15.5,0,
belgium,16.0,0,
belgium,16.5,0,
belgium,17.0,0,
belgium,17.5,0,
belgium,18.0,0,
belgium,18.5,0,
belgium,19.0,0,
belgium,19.5,0,
belgium,20.0,0,
belgium,20.5,0,
belgium,21.0,0,
belgium,21.5,0,
belgium,22.0,0,
belgium,22.5,0,
belgium,23.0,0,
belgium,23.5,0,
belgium,24.0,0,
belize,0.0,0,
belize,0.5,0,
belize,1.0,0,
belize,1.5,0,
belize,2.0,0,
belize,2.5,0,
belize,3.0,0,
belize,3.5,0,
belize,4.0,0,
belize,4.5,0,
belize,5.0,0,
belize,5.5,0,
belize,6.0,0,
belize,6.5,0,
belize,7.0,0,
belize,7.5,0,
belize,8.0,0,
belize,8.5,0,
belize,9.0,0,
belize,9.5,0,
belize,10.0,0,
belize,10.5,0,
belize,11.0,0,
belize,11.5,0,
belize,12.0,0,
belize,12.5,0,
belize,13.0,0,
belize,13.5,0,
belize,14.0,0,
belize,14.5,0,
belize,15.0,0,
belize,15.5,0,
belize,16.0,0,
belize,16.5,0,
belize,17.0,0,
belize,17.5,0,
belize,18.0,0,
belize,18.5,0,
belize,19.0,0,
belize,19.5,0,
belize,20.0,0,
belize,20.5,0,
belize,21.0,0,
belize,21.5,0,
belize,22.0,0,
belize,22.5,0,
belize,23.0,0,
belize,23.5,0,
belize,24.0,0,
benin,0.0,0,0.4285009861932939
benin,0.5,0,0.6949554069119287
benin,1.0,0,0.7513656937724364
benin,1.5,0,0.7893098079916969
benin,2.0,0,0.8180954191218399
benin,2.5,0,0.8432114333753677
benin,3.0,0,0.8659411900902987
benin,3.5,0,0.8859043233563572
benin,4.0,0,0.8940845070422535
benin,4.5,0,0.9098334904178448
benin,5.0,0,0.92403265885694
benin,5.5,0,0.9329855537720706
benin,6.0,0,0.9417518897287683
benin,6.5,0,0.9458646616541353
benin,7.0,0,0.952544311034877
benin,7.5,0,0.9556270096463022
benin,8.0,0,0.9619326500732065
benin,8.5,0,0.9690117252931323
benin,9.0,0,0.9760765550239234
benin,9.5,0,0.9742212674543501
benin,10.0,0,0.9748803827751196
benin,10.5,0,0.9766483516483516
benin,11.0,0,0.985553772070626
benin,11.5,0,0.9887850467289719
benin,12.0,0,0.9890829694323144
benin,12.5,0,0.9896640826873385
benin,13.0,0,0.9882005899705014
benin,13.5,0,0.9862542955326461
benin,14.0,0,0.9874476987447699
benin,14.5,0,0.995
benin,15.0,0,1.0
benin,15.5,0,1.0
benin,16.0,0,1.0
benin,16.5,0,1.0
benin,17.0,0,1.0
benin,17.5,0,1.0
benin,18.0,0,1.0
benin,18.5,0,1.0
benin,19.0,0,1.0
benin,19.5,0,1.0
benin,20.0,0,1.0
benin,20.5,0,1.0
benin,21.0,0,1.0
benin,21.5,0,1.0
benin,22.0,0,1.0
benin,22.5,0,1.0
benin,23.0,0,1.0
benin,23.5,0,1.0
benin,24.0,0,1.0
bhutan,0.0,0,
bhutan,0.5,0,
bhutan,1.0,0,
bhutan,1.5,0,
bhutan,2.0,0,
bhutan,2.5,0,
bhutan,3.0,0,
bhutan,3.5,0,
bhutan,4.0,0,
bhutan,4.5,0,
bhutan,5.0,0,
bhutan,5.5,0,
bhutan,6.0,0,
bhutan,6.5,0,
bhutan,7.0,0,
bhutan,7.5,0,
bhutan,8.0,0,
bhutan,8.5,0,
bhutan,9.0,0,
bhutan,9.5,0,
bhutan,10.0,0,
bhutan,10.5,0,
bhutan,11.0,0,
bhutan,11.5,0,
bhutan,12.0,0,
bhutan,12.5,0,
bhutan,13.0,0,
bhutan,13.5,0,
bhutan,14.0,0,
bhutan,14.5,0,
bhutan,15.0,0,
bhutan,15.5,0,
bhutan,16.0,0,
bhutan,16.5,0,
bhutan,17.0,0,
bhutan,17.5,0,
bhutan,18.0,0,
bhutan,18.5,0,
bhutan,19.0,0,
bhutan,19.5,0,
bhutan,20.0,0,
bhutan,20.5,0,
bhutan,21.0,0,
bhutan,21.5,0,
bhutan,22.0,0,
bhutan,22.5,0,
bhutan,23.0,0,
bhutan,23.5,0,
bhutan,24.0,0,
bolivia,0.0,0,
bolivia,0.5,0,
bolivia,1.0,0,
bolivia,1.5,0,
bolivia,2.0,0,
bolivia,2.5,0,
bolivia,3.0,0,
bolivia,3.5,0,
bolivia,4.0,0,
bolivia,4.5,0,
bolivia,5.0,0,
bolivia,5.5,0,
bolivia,6.0,0,
bolivia,6.5,0,
bolivia,7.0,0,
bolivia,7.5,0,
bolivia,8.0,0,
bolivia,8.5,0,
bolivia,9.0,0,
bolivia,9.5,0,
bolivia,10.0,0,
bolivia,10.5,0,
bolivia,11.0,0,
bolivia,11.5,0,
bolivia,12.0,0,
bolivia,12.5,0,
bolivia,13.0,0,
bolivia,13.5,0,
bolivia,14.0,0,
bolivia,14.5,0,
bolivia,15.0,0,
bolivia,15.5,0,
bolivia,16.0,0,
bolivia,16.5,0,
bolivia,17.0,0,
bolivia,17.5,0,
bolivia,18.0,0,
bolivia,18.5,0,
bolivia,19.0,0,
bolivia,19.5,0,
bolivia,20.0,0,
bolivia,20.5,0,
bolivia,21.0,0,
bolivia,21.5,0,
bolivia,22.0,0,
bolivia,22.5,0,
bolivia,23.0,0,
bolivia,23.5,0,
bolivia,24.0,0,
bosnia_and_herzegovina,0.0,0,
bosnia_and_herzegovina,0.5,0,
bosnia_and_herzegovina,1.0,0,
bosnia_and_herzegovina,1.5,0,
bosnia_and_herzegovina,2.0,0,
bosnia_and_herzegovina,2.5,0,
bosnia_and_herzegovina,3.0,0,
bosnia_and_herzegovina,3.5,0,
bosnia_and_herzegovina,4.0,0,
bosnia_and_herzegovina,4.5,0,
bosnia_and_herzegovina,5.0,0,
bosnia_and_herzegovina,5.5,0,
bosnia_and_herzegovina,6.0,0,
bosnia_and_herzegovina,6.5,0,
bosnia_and_herzegovina,7.0,0,
bosnia_and_herzegovina,7.5,0,
bosnia_and_herzegovina,8.0,0,
bosnia_and_herzegovina,8.5,0,
bosnia_and_herzegovina,9.0,0,
bosnia_and_herzegovina,9.5,0,
bosnia_and_herzegovina,10.0,0,
bosnia_and_herzegovina,10.5,0,
bosnia_and_herzegovina,11.0,0,
bosnia_and_herzegovina,11.5,0,
bosnia_and_herzegovina,12.0,0,
bosnia_and_herzegovina,12.5,0,
bosnia_and_herzegovina,13.0,0,
bosnia_and_herzegovina,13.5,0,
bosnia_and_herzegovina,14.0,0,
bosnia_and_herzegovina,14.5,0,
bosnia_and_herzegovina,15.0,0,
bosnia_and_herzegovina,15.5,0,
bosnia_and_herzegovina,16.0,0,
bosnia_and_herzegovina,16.5,0,
bosnia_and_herzegovina,17.0,0,
bosnia_and_herzegovina,17.5,0,
bosnia_and_herzegovina,18.0,0,
bosnia_and_herzegovina,18.5,0,
bosnia_and_herzegovina,19.0,0,
bosnia_and_herzegovina,19.5,0,
bosnia_and_herzegovina,20.0,0,
bosnia_and_herzegovina,20.5,0,
bosnia_and_herzegovina,21.0,0,
bosnia_and_herzegovina,21.5,0,
bosnia_and_herzegovina,22.0,0,
bosnia_and_herzegovina,22.5,0,
bosnia_and_herzegovina,23.0,0,
bosnia_and_herzegovina,23.5,0,
bosnia_and_herzegovina,24.0,0,
botswana,0.0,0,
botswana,0.5,0,
botswana,1.0,0,
botswana,1.5,0,
botswana,2.0,0,
botswana,2.5,0,
botswana,3.0,0,
botswana,3.5,0,
botswana,4.0,0,
botswana,4.5,0,
botswana,5.0,0,
botswana,5.5,0,
botswana,6.0,0,
botswana,6.5,0,
botswana,7.0,0,
botswana,7.5,0,
botswana,8.0,0,
botswana,8.5,0,
botswana,9.0,0,
botswana,9.5,0,
botswana,10.0,0,
botswana,10.5,0,
botswana,11.0,0,
botswana,11.5,0,
botswana,12.0,0,
botswana,12.5,0,
botswana,13.0,0,
botswana,13.5,0,
botswana,14.0,0,
botswana,14.5,0,
botswana,15.0,0,
botswana,15.5,0,
botswana,16.0,0,
botswana,16.5,0,
botswana,17.0,0,
botswana,17.5,0,
botswana,18.0,0,
botswana,18.5,0,
botswana,19.0,0,
botswana,19.5,0,
botswana,20.0,0,
botswana,20.5,0,
botswana,21.0,0,
botswana,21.5,0,
botswana,22.0,0,
botswana,22.5,0,
botswana,23.0,0,
botswana,23.5,0,
botswana,24.0,0,
brazil,0.0,0,
brazil,0.5,0,
brazil,1.0,0,
brazil,1.5,0,
brazil,2.0,0,
brazil,2.5,0,
brazil,3.0,0,
brazil,3.5,0,
brazil,4.0,0,
brazil,4.5,0,
brazil,5.0,0,
brazil,5.5,0,
brazil,6.0,0,
brazil,6.5,0,
brazil,7.0,0,
brazil,7.5,0,
brazil,8.0,0,
brazil,8.5,0,
brazil,9.0,0,
brazil,9.5,0,
brazil,10.0,0,
brazil,10.5,0,
brazil,11.0,0,
brazil,11.5,0,
brazil,12.0,0,
brazil,12.5,0,
brazil,13.0,0,
brazil,13.5,0,
brazil,14.0,0,
brazil,14.5,0,
brazil,15.0,0,
brazil,15.5,0,
brazil,16.0,0,
brazil,16.5,0,
brazil,17.0,0,
brazil,17.5,0,
brazil,18.0,0,
brazil,18.5,0,
brazil,19.0,0,
brazil,19.5,0,
brazil,20.0,0,
brazil,20.5,0,
brazil,21.0,0,
brazil,21.5,0,
brazil,22.0,0,
brazil,22.5,0,
brazil,23.0,0,
brazil,23.5,0,
brazil,24.0,0,
brunei,0.0,0,
brunei,0.5,0,
brunei,1.0,0,
brunei,1.5,0,
brunei,2.0,0,
brunei,2.5,0,
brunei,3.0,0,
brunei,3.5,0,
brunei,4.0,0,
brunei,4.5,0,
brunei,5.0,0,
brunei,5.5,0,
brunei,6.0,0,
brunei,6.5,0,
brunei,7.0,0,
brunei,7.5,0,
brunei,8.0,0,
brunei,8.5,0,
brunei,9.0,0,
brunei,9.5,0,
brunei,10.0,0,
brunei,10.5,0,
brunei,11.0,0,
brunei,11.5,0,
brunei,12.0,0,
brunei,12.5,0,
brunei,13.0,0,
brunei,13.5,0,
brunei,14.0,0,
brunei,14.5,0,
brunei,15.0,0,
brunei,15.5,0,
brunei,16.0,0,
brunei,16.5,0,
brunei,17.0,0,
brunei,17.5,0,
brunei,18.0,0,
brunei,18.5,0,
brunei,19.0,0,
brunei,19.5,0,
brunei,20.0,0,
brunei,20.5,0,
brunei,21.0,0,
brunei,21.5,0,
brunei,22.0,0,
brunei,22.5,0,
brunei,23.0,0,
brunei,23.5,0,
brunei,24.0,0,
bulgaria,0.0,0,
bulgaria,0.5,0,
bulgaria,1.0,0,
bulgaria,1.5,0,
bulgaria,2.0,0,
bulgaria,2.5,0,
bulgaria,3.0,0,
bulgaria,3.5,0,
bulgaria,4.0,0,
bulgaria,4.5,0,
bulgaria,5.0,0,
bulgaria,5.5,0,
bulgaria,6.0,0,
bulgaria,6.5,0,
bulgaria,7.0,0,
bulgaria,7.5,0,
bulgaria,8.0,0,
bulgaria,8.5,0,
bulgaria,9.0,0,
bulgaria,9.5,0,
bulgaria,10.0,0,
bulgaria,10.5,0,
bulgaria,11.0,0,
bulgaria,11.5,0,
bulgaria,12.0,0,
bulgaria,12.5,0,
bulgaria,13.0,0,
bulgaria,13.5,0,
bulgaria,14.0,0,
bulgaria,14.5,0,
bulgaria,15.0,0,
bulgaria,15.5,0,
bulgaria,16.0,0,
bulgaria,16.5,0,
bulgaria,17.0,0,
bulgaria,17.5,0,
bulgaria,18.0,0,
bulgaria,18.5,0,
bulgaria,19.0,0,
bulgaria,19.5,0,
bulgaria,20.0,0,
bulgaria,20.5,0,
bulgaria,21.0,0,
bulgaria,21.5,0,
bulgaria,22.0,0,
bulgaria,22.5,0,
bulgaria,23.0,0,
bulgaria,23.5,0,
bulgaria,24.0,0,
burkina_faso,0.0,0,0.34083748639514233
burkina_faso,0.5,0,0.6900059136605559
burkina_faso,1.0,0,0.7497343251859724
burkina_faso,1.5,0,0.7924363636363636
burkina_faso,2.0,0,0.8292019830481369
burkina_faso,2.5,0,0.8554660126138752
burkina_faso,3.0,0,0.8799071746277316
burkina_faso,3.5,0,0.896832191780822
burkina_faso,4.0,0,0.9143738140417458
burkina_faso,4.5,0,0.9251629726205998
burkina_faso,5.0,0,0.9421343413783076
burkina_faso,5.5,0,0.9531804972554084
burkina_faso,6.0,0,0.963136971449223
burkina_faso,6.5,0,0.9659863945578231
burkina_faso,7.0,0,0.9688768606224628
burkina_faso,7.5,0,0.9736040609137055
burkina_faso,8.0,0,0.9741427768409219
burkina_faso,8.5,0,0.9749058971141782
burkina_faso,9.0,0,0.9737029140014215
burkina_faso,9.5,0,0.9728841413311422
burkina_faso,10.0,0,0.9805375347544022
burkina_faso,10.5,0,0.9803921568627451
burkina_faso,11.0,0,0.9825783972125436
burkina_faso,11.5,0,0.9840637450199203
burkina_faso,12.0,0,0.9848942598187311
burkina_faso,12.5,0,0.9816176470588235
burkina_faso,13.0,0,0.9847161572052402
burkina_faso,13.5,0,0.9821428571428571
burkina_faso,14.0,0,0.9791044776119403
burkina_faso,14.5,0,0.974910394265233
burkina_faso,15.0,0,0.9703389830508474
burkina_faso,15.5,0,0.970873786407767
burkina_faso,16.0,0,0.9720670391061452
burkina_faso,16.5,0,0.9662162162162162
burkina_faso,17.0,0,0.9841269841269841
burkina_faso,17.5,0,0.9803921568627451
burkina_faso,18.0,0,0.9759036144578314
burkina_faso,18.5,0,0.9696969696969697
burkina_faso,19.0,0,0.9642857142857143
burkina_faso,19.5,0,0.9607843137254902
burkina_faso,20.0,0,0.975
burkina_faso,20.5,0,0.96875
burkina_faso,21.0,0,1.0
burkina_faso,21.5,0,1.0
burkina_faso,22.0,0,1.0
burkina_faso,22.5,0,1.0
burkina_faso,23.0,0,1.0
burkina_faso,23.5,0,1.0
burkina_faso,24.0,0,1.0
burundi,0.0,0,
burundi,0.5,0,
burundi,1.0,0,
burundi,1.5,0,
burundi,2.0,0,
burundi,2.5,0,
burundi,3.0,0,
burundi,3.5,0,
burundi,4.0,0,
burundi,4.5,0,
burundi,5.0,0,
burundi,5.5,0,
burundi,6.0,0,
burundi,6.5,0,
burundi,7.0,0,
burundi,7.5,0,
burundi,8.0,0,
burundi,8.5,0,
burundi,9.0,0,
burundi,9.5,0,
burundi,10.0,0,
burundi,10.5,0,
burundi,11.0,0,
burundi,11.5,0,
burundi,12.0,0,
burundi,12.5,0,
burundi,13.0,0,
burundi,13.5,0,
burundi,14.0,0,
burundi,14.5,0,
burundi,15.0,0,
burundi,15.5,0,
burundi,16.0,0,
burundi,16.5,0,
burundi,17.0,0,
burundi,17.5,0,
burundi,18.0,0,
burundi,18.5,0,
burundi,19.0,0,
burundi,19.5,0,
burundi,20.0,0,
burundi,20.5,0,
burundi,21.0,0,
burundi,21.5,0,
burundi,22.0,0,
burundi,22.5,0,
burundi,23.0,0,
burundi,23.5,0,
burundi,24.0,0,
cambodia,0.0,0,
cambodia,0.5,0,
cambodia,1.0,0,
cambodia,1.5,0,
cambodia,2.0,0,
cambodia,2.5,0,
cambodia,3.0,0,
cambodia,3.5,0,
cambodia,4.0,0,
cambodia,4.5,0,
cambodia,5.0,0,
cambodia,5.5,0,
cambodia,6.0,0,
cambodia,6.5,0,
cambodia,7.0,0,
cambodia,7.5,0,
cambodia,8.0,0,
cambodia,8.5,0,
cambodia,9.0,0,
cambodia,9.5,0,
cambodia,10.0,0,
cambodia,10.5,0,
cambodia,11.0,0,
cambodia,11.5,0,
cambodia,12.0,0,
cambodia,12.5,0,
cambodia,13.0,0,
cambodia,13.5,0,
cambodia,14.0,0,
cambodia,14.5,0,
cambodia,15.0,0,
cambodia,15.5,0,
cambodia,16.0,0,
cambodia,16.5,0,
cambodia,17.0,0,
cambodia,17.5,0,
cambodia,18.0,0,
cambodia,18.5,0,
cambodia,19.0,0,
cambodia,19.5,0,
cambodia,20.0,0,
cambodia,20.5,0,
cambodia,21.0,0,
cambodia,21.5,0,
cambodia,22.0,0,
cambodia,22.5,0,
cambodia,23.0,0,
cambodia,23.5,0,
cambodia,24.0,0,
cameroon,0.0,0,0.5667095667095667
cameroon,0.5,0,0.7197334320621992
cameroon,1.0,0,0.773395995096036
cameroon,1.5,0,0.8113839285714286
cameroon,2.0,0,0.8344055277579223
cameroon,2.5,0,0.8547557840616966
cameroon,3.0,0,0.8756650798095772
cameroon,3.5,0,0.890937019969278
cameroon,4.0,0,0.9071744304658279
cameroon,4.5,0,0.9246212121212121
cameroon,5.0,0,0.9357952161141418
cameroon,5.5,0,0.9416195856873822
cameroon,6.0,0,0.944794952681388
cameroon,6.5,0,0.9512624779800353
cameroon,7.0,0,0.9559706470980653
cameroon,7.5,0,0.9674418604651163
cameroon,8.0,0,0.9726390114739629
cameroon,8.5,0,0.9838709677419355
cameroon,9.0,0,0.9850057670126874
cameroon,9.5,0,0.9932705248990579
cameroon,10.0,0,0.9922958397534669
cameroon,10.5,0,0.9913344887348353
cameroon,11.0,0,0.9920477137176938
cameroon,11.5,0,0.9931506849315068
cameroon,12.0,0,0.994579945799458
cameroon,12.5,0,0.9937694704049844
cameroon,13.0,0,0.993006993006993
cameroon,13.5,0,0.9918367346938776
cameroon,14.0,0,0.9904761904761905
cameroon,14.5,0,0.9885714285714285
cameroon,15.0,0,0.9863013698630136
cameroon,15.5,0,0.984
cameroon,16.0,0,0.9805825242718447
cameroon,16.5,0,0.9775280898876404
cameroon,17.0,0,1.0
cameroon,17.5,0,1.0
cameroon,18.0,0,1.0
cameroon,18.5,0,1.0
cameroon,19.0,0,1.0
cameroon,19.5,0,1.0
cameroon,20.0,0,1.0
cameroon,20.5,0,1.0
cameroon,21.0,0,1.0
cameroon,21.5,0,1.0
cameroon,22.0,0,1.0
cameroon,22.5,0,1.0
cameroon,23.0,0,1.0
cameroon,23.5,0,1.0
cameroon,24.0,0,
canada,0.0,0,
canada,0.5,0,
canada,1.0,0,
canada,1.5,0,
canada,2.0,0,
canada,2.5,0,
canada,3.0,0,
canada,3.5,0,
canada,4.0,0,
canada,4.5,0,
canada,5.0,0,
canada,5.5,0,
canada,6.0,0,
canada,6.5,0,
canada,7.0,0,
canada,7.5,0,
canada,8.0,0,
canada,8.5,0,
canada,9.0,0,
canada,9.5,0,
canada,10.0,0,
canada,10.5,0,
canada,11.0,0,
canada,11.5,0,
canada,12.0,0,
canada,12.5,0,
canada,13.0,0,
canada,13.5,0,
canada,14.0,0,
canada,14.5,0,
canada,15.0,0,
canada,15.5,0,
canada,16.0,0,
canada,16.5,0,
canada,17.0,0,
canada,17.5,0,
canada,18.0,0,
canada,18.5,0,
canada,19.0,0,
canada,19.5,0,
canada,20.0,0,
canada,20.5,0,
canada,21.0,0,
canada,21.5,0,
canada,22.0,0,
canada,22.5,0,
canada,23.0,0,
canada,23.5,0,
canada,24.0,0,
cape_verde,0.0,0,
cape_verde,0.5,0,
cape_verde,1.0,0,
cape_verde,1.5,0,
cape_verde,2.0,0,
cape_verde,2.5,0,
cape_verde,3.0,0,
cape_verde,3.5,0,
cape_verde,4.0,0,
cape_verde,4.5,0,
cape_verde,5.0,0,
cape_verde,5.5,0,
cape_verde,6.0,0,
cape_verde,6.5,0,
cape_verde,7.0,0,
cape_verde,7.5,0,
cape_verde,8.0,0,
cape_verde,8.5,0,
cape_verde,9.0,0,
cape_verde,9.5,0,
cape_verde,10.0,0,
cape_verde,10.5,0,
cape_verde,11.0,0,
cape_verde,11.5,0,
cape_verde,12.0,0,
cape_verde,12.5,0,
cape_verde,13.0,0,
cape_verde,13.5,0,
cape_verde,14.0,0,
cape_verde,14.5,0,
cape_verde,15.0,0,
cape_verde,15.5,0,
cape_verde,16.0,0,
cape_verde,16.5,0,
cape_verde,17.0,0,
cape_verde,17.5,0,
cape_verde,18.0,0,
cape_verde,18.5,0,
cape_verde,19.0,0,
cape_verde,19.5,0,
cape_verde,20.0,0,
cape_verde,20.5,0,
cape_verde,21.0,0,
cape_verde,21.5,0,
cape_verde,22.0,0,
cape_verde,22.5,0,
cape_verde,23.0,0,
cape_verde,23.5,0,
cape_verde,24.0,0,
cayman_islands,0.0,0,
cayman_islands,0.5,0,
cayman_islands,1.0,0,
cayman_islands,1.5,0,
cayman_islands,2.0,0,
cayman_islands,2.5,0,
cayman_islands,3.0,0,
cayman_islands,3.5,0,
cayman_islands,4.0,0,
cayman_islands,4.5,0,
cayman_islands,5.0,0,
cayman_islands,5.5,0,
cayman_islands,6.0,0,
cayman_islands,6.5,0,
cayman_islands,7.0,0,
cayman_islands,7.5,0,
cayman_islands,8.0,0,
cayman_islands,8.5,0,
cayman_islands,9.0,0,
cayman_islands,9.5,0,
cayman_islands,10.0,0,
cayman_islands,10.5,0,
cayman_islands,11.0,0,
cayman_islands,11.5,0,
cayman_islands,12.0,0,
cayman_islands,12.5,0,
cayman_islands,13.0,0,
cayman_islands,13.5,0,
cayman_islands,14.0,0,
cayman_islands,14.5,0,
cayman_islands,15.0,0,
cayman_islands,15.5,0,
cayman_islands,16.0,0,
cayman_islands,16.5,0,
cayman_islands,17.0,0,
cayman_islands,17.5,0,
cayman_islands,18.0,0,
cayman_islands,18.5,0,
cayman_islands,19.0,0,
cayman_islands,19.5,0,
cayman_islands,20.0,0,
cayman_islands,20.5,0,
cayman_islands,21.0,0,
cayman_islands,21.5,0,
cayman_islands,22.0,0,
cayman_islands,22.5,0,
cayman_islands,23.0,0,
cayman_islands,23.5,0,
cayman_islands,24.0,0,
central_african_republic,0.0,0,
central_african_republic,0.5,0,
central_african_republic,1.0,0,
central_african_republic,1.5,0,
central_african_republic,2.0,0,
central_african_republic,2.5,0,
central_african_republic,3.0,0,
central_african_republic,3.5,0,
central_african_republic,4.0,0,
central_african_republic,4.5,0,
central_african_republic,5.0,0,
central_african_republic,5.5,0,
central_african_republic,6.0,0,
central_african_republic,6.5,0,
central_african_republic,7.0,0,
central_african_republic,7.5,0,
central_african_republic,8.0,0,
central_african_republic,8.5,0,
central_african_republic,9.0,0,
central_african_republic,9.5,0,
central_african_republic,10.0,0,
central_african_republic,10.5,0,
central_african_republic,11.0,0,
central_african_republic,11.5,0,
central_african_republic,12.0,0,
central_african_republic,12.5,0,
central_african_republic,13.0,0,
central_african_republic,13.5,0,
central_african_republic,14.0,0,
central_african_republic,14.5,0,
central_african_republic,15.0,0,
central_african_republic,15.5,0,
central_african_republic,16.0,0,
central_african_republic,16.5,0,
central_african_republic,17.0,0,
central_african_republic,17.5,0,
central_african_republic,18.0,0,
central_african_republic,18.5,0,
central_african_republic,19.0,0,
central_african_republic,19.5,0,
central_african_republic,20.0,0,
central_african_republic,20.5,0,
central_african_republic,21.0,0,
central_african_republic,21.5,0,
central_african_republic,22.0,0,
central_african_republic,22.5,0,
central_african_republic,23.0,0,
central_african_republic,23.5,0,
central_african_republic,24.0,0,
chad,0.0,0,0.17896522476675147
chad,0.5,0,0.47762928529924464
chad,1.0,0,0.5317460317460317
chad,1.5,0,0.5820783132530121
chad,2.0,0,0.6099585062240664
chad,2.5,0,0.6366197183098592
chad,3.0,0,0.6508264462809917
chad,3.5,0,0.6802800466744457
chad,4.0,0,0.6993464052287581
chad,4.5,0,0.7103746397694525
chad,5.0,0,0.7168874172185431
chad,5.5,0,0.7414448669201521
chad,6.0,0,0.7661469933184856
chad,6.5,0,0.7774936061381074
chad,7.0,0,0.7970588235294118
chad,7.5,0,0.7973856209150327
chad,8.0,0,0.8029739776951673
chad,8.5,0,0.7966804979253111
chad,9.0,0,0.8097560975609757
chad,9.5,0,0.7944444444444444
chad,10.0,0,0.773972602739726
chad,10.5,0,0.782258064516129
chad,11.0,0,0.7777777777777778
chad,11.5,0,0.7906976744186046
chad,12.0,0,0.7808219178082192
chad,12.5,0,0.7540983606557377
chad,13.0,0,0.7272727272727273
chad,13.5,0,0.7551020408163265
chad,14.0,0,0.7435897435897436
chad,14.5,0,0.7352941176470589
chad,15.0,0,0.7586206896551724
chad,15.5,0,0.7692307692307693
chad,16.0,0,0.625
chad,16.5,0,0.6428571428571429
chad,17.0,0,0.6923076923076923
chad,17.5,0,0.6923076923076923
chad,18.0,0,0.6363636363636364
chad,18.5,0,0.6
chad,19.0,0,0.75
chad,19.5,0,0.6
chad,20.0,0,0.6
chad,20.5,0,0.75
chad,21.0,0,1.0
chad,21.5,0,1.0
chad,22.0,0,1.0
chad,22.5,0,
chad,23.0,0,
chad,23.5,0,
chad,24.0,0,
chile,0.0,0,
chile,0.5,0,
chile,1.0,0,
chile,1.5,0,
chile,2.0,0,
chile,2.5,0,
chile,3.0,0,
chile,3.5,0,
chile,4.0,0,
chile,4.5,0,
chile,5.0,0,
chile,5.5,0,
chile,6.0,0,
chile,6.5,0,
chile,7.0,0,
chile,7.5,0,
chile,8.0,0,
chile,8.5,0,
chile,9.0,0,
chile,9.5,0,
chile,10.0,0,
chile,10.5,0,
chile,11.0,0,
chile,11.5,0,
chile,12.0,0,
chile,12.5,0,
chile,13.0,0,
chile,13.5,0,
chile,14.0,0,
chile,14.5,0,
chile,15.0,0,
chile,15.5,0,
chile,16.0,0,
chile,16.5,0,
chile,17.0,0,
chile,17.5,0,
chile,18.0,0,
chile,18.5,0,
chile,19.0,0,
chile,19.5,0,
chile,20.0,0,
chile,20.5,0,
chile,21.0,0,
chile,21.5,0,
chile,22.0,0,
chile,22.5,0,
chile,23.0,0,
chile,23.5,0,
chile,24.0,0,
china,0.0,0,
china,0.5,0,
china,1.0,0,
china,1.5,0,
china,2.0,0,
china,2.5,0,
china,3.0,0,
china,3.5,0,
china,4.0,0,
china,4.5,0,
china,5.0,0,
china,5.5,0,
china,6.0,0,
china,6.5,0,
china,7.0,0,
china,7.5,0,
china,8.0,0,
china,8.5,0,
china,9.0,0,
china,9.5,0,
china,10.0,0,
china,10.5,0,
china,11.0,0,
china,11.5,0,
china,12.0,0,
china,12.5,0,
china,13.0,0,
china,13.5,0,
china,14.0,0,
china,14.5,0,
china,15.0,0,
china,15.5,0,
china,16.0,0,
china,16.5,0,
china,17.0,0,
china,17.5,0,
china,18.0,0,
china,18.5,0,
china,19.0,0,
china,19.5,0,
china,20.0,0,
china,20.5,0,
china,21.0,0,
china,21.5,0,
china,22.0,0,
china,22.5,0,
china,23.0,0,
china,23.5,0,
china,24.0,0,
colombia,0.0,0,
colombia,0.5,0,
colombia,1.0,0,
colombia,1.5,0,
colombia,2.0,0,
colombia,2.5,0,
colombia,3.0,0,
colombia,3.5,0,
colombia,4.0,0,
colombia,4.5,0,
colombia,5.0,0,
colombia,5.5,0,
colombia,6.0,0,
colombia,6.5,0,
colombia,7.0,0,
colombia,7.5,0,
colombia,8.0,0,
colombia,8.5,0,
colombia,9.0,0,
colombia,9.5,0,
colombia,10.0,0,
colombia,10.5,0,
colombia,11.0,0,
colombia,11.5,0,
colombia,12.0,0,
colombia,12.5,0,
colombia,13.0,0,
colombia,13.5,0,
colombia,14.0,0,
colombia,14.5,0,
colombia,15.0,0,
colombia,15.5,0,
colombia,16.0,0,
colombia,16.5,0,
colombia,17.0,0,
colombia,17.5,0,
colombia,18.0,0,
colombia,18.5,0,
colombia,19.0,0,
colombia,19.5,0,
colombia,20.0,0,
colombia,20.5,0,
colombia,21.0,0,
colombia,21.5,0,
colombia,22.0,0,
colombia,22.5,0,
colombia,23.0,0,
colombia,23.5,0,
colombia,24.0,0,
comoros,0.0,0,
comoros,0.5,0,
comoros,1.0,0,
comoros,1.5,0,
comoros,2.0,0,
comoros,2.5,0,
comoros,3.0,0,
comoros,3.5,0,
comoros,4.0,0,
comoros,4.5,0,
comoros,5.0,0,
comoros,5.5,0,
comoros,6.0,0,
comoros,6.5,0,
comoros,7.0,0,
comoros,7.5,0,
comoros,8.0,0,
comoros,8.5,0,
comoros,9.0,0,
comoros,9.5,0,
comoros,10.0,0,
comoros,10.5,0,
comoros,11.0,0,
comoros,11.5,0,
comoros,12.0,0,
comoros,12.5,0,
comoros,13.0,0,
comoros,13.5,0,
comoros,14.0,0,
comoros,14.5,0,
comoros,15.0,0,
comoros,15.5,0,
comoros,16.0,0,
comoros,16.5,0,
comoros,17.0,0,
comoros,17.5,0,
comoros,18.0,0,
comoros,18.5,0,
comoros,19.0,0,
comoros,19.5,0,
comoros,20.0,0,
comoros,20.5,0,
comoros,21.0,0,
comoros,21.5,0,
comoros,22.0,0,
comoros,22.5,0,
comoros,23.0,0,
comoros,23.5,0,
comoros,24.0,0,
costa_rica,0.0,0,0.4461942257217848
costa_rica,0.5,0,0.6778975741239892
costa_rica,1.0,0,0.7284671532846715
costa_rica,1.5,0,0.7732283464566929
costa_rica,2.0,0,0.7970297029702971
costa_rica,2.5,0,0.8295254833040422
costa_rica,3.0,0,0.8566037735849057
costa_rica,3.5,0,0.8633663366336634
costa_rica,4.0,0,0.8837209302325582
costa_rica,4.5,0,0.8984198645598194
costa_rica,5.0,0,0.9033816425120773
costa_rica,5.5,0,0.9053708439897699
costa_rica,6.0,0,0.9073569482288828
costa_rica,6.5,0,0.9129129129129129
costa_rica,7.0,0,0.9207920792079208
costa_rica,7.5,0,0.9202898550724637
costa_rica,8.0,0,0.9299610894941635
costa_rica,8.5,0,0.9377593360995851
costa_rica,9.0,0,0.9511111111111111
costa_rica,9.5,0,0.9514563106796117
costa_rica,10.0,0,0.9587628865979382
costa_rica,10.5,0,0.9617486338797814
costa_rica,11.0,0,0.9653179190751445
costa_rica,11.5,0,0.9629629629629629
costa_rica,12.0,0,0.9662162162162162
costa_rica,12.5,0,0.9621212121212122
costa_rica,13.0,0,0.9666666666666667
costa_rica,13.5,0,0.9652173913043478
costa_rica,14.0,0,0.9629629629629629
costa_rica,14.5,0,0.9583333333333334
costa_rica,15.0,0,0.9555555555555556
costa_rica,15.5,0,0.9534883720930233
costa_rica,16.0,0,0.9452054794520548
costa_rica,16.5,0,0.9393939393939394
costa_rica,17.0,0,0.9285714285714286
costa_rica,17.5,0,0.9183673469387755
costa_rica,18.0,0,0.925
costa_rica,18.5,0,0.9393939393939394
costa_rica,19.0,0,0.9333333333333333
costa_rica,19.5,0,0.9130434782608695
costa_rica,20.0,0,1.0
costa_rica,20.5,0,1.0
costa_rica,21.0,0,1.0
costa_rica,21.5,0,1.0
costa_rica,22.0,0,1.0
costa_rica,22.5,0,1.0
costa_rica,23.0,0,1.0
costa_rica,23.5,0,1.0
costa_rica,24.0,0,
croatia,0.0,0,
croatia,0.5,0,
croatia,1.0,0,
croatia,1.5,0,
croatia,2.0,0,
croatia,2.5,0,
croatia,3.0,0,
croatia,3.5,0,
croatia,4.0,0,
croatia,4.5,0,
croatia,5.0,0,
croatia,5.5,0,
croatia,6.0,0,
croatia,6.5,0,
croatia,7.0,0,
croatia,7.5,0,
croatia,8.0,0,
croatia,8.5,0,
croatia,9.0,0,
croatia,9.5,0,
croatia,10.0,0,
croatia,10.5,0,
croatia,11.0,0,
croatia,11.5,0,
croatia,12.0,0,
croatia,12.5,0,
croatia,13.0,0,
croatia,13.5,0,
croatia,14.0,0,
croatia,14.5,0,
croatia,15.0,0,
croatia,15.5,0,
croatia,16.0,0,
croatia,16.5,0,
croatia,17.0,0,
croatia,17.5,0,
croatia,18.0,0,
croatia,18.5,0,
croatia,19.0,0,
croatia,19.5,0,
croatia,20.0,0,
croatia,20.5,0,
croatia,21.0,0,
croatia,21.5,0,
croatia,22.0,0,
croatia,22.5,0,
croatia,23.0,0,
croatia,23.5,0,
croatia,24.0,0,
cuba,0.0,0,
cuba,0.5,0,
cuba,1.0,0,
cuba,1.5,0,
cuba,2.0,0,
cuba,2.5,0,
cuba,3.0,0,
cuba,3.5,0,
cuba,4.0,0,
cuba,4.5,0,
cuba,5.0,0,
cuba,5.5,0,
cuba,6.0,0,
cuba,6.5,0,
cuba,7.0,0,
cuba,7.5,0,
cuba,8.0,0,
cuba,8.5,0,
cuba,9.0,0,
cuba,9.5,0,
cuba,10.0,0,
cuba,10.5,0,
cuba,11.0,0,
cuba,11.5,0,
cuba,12.0,0,
cuba,12.5,0,
cuba,13.0,0,
cuba,13.5,0,
cuba,14.0,0,
cuba,14.5,0,
cuba,15.0,0,
cuba,15.5,0,
cuba,16.0,0,
cuba,16.5,0,
cuba,17.0,0,
cuba,17.5,0,
cuba,18.0,0,
cuba,18.5,0,
cuba,19.0,0,
cuba,19.5,0,
cuba,20.0,0,
cuba,20.5,0,
cuba,21.0,0,
cuba,21.5,0,
cuba,22.0,0,
cuba,22.5,0,
cuba,23.0,0,
cuba,23.5,0,
cuba,24.0,0,
cyprus,0.0,0,
cyprus,0.5,0,
cyprus,1.0,0,
cyprus,1.5,0,
cyprus,2.0,0,
cyprus,2.5,0,
cyprus,3.0,0,
cyprus,3.5,0,
cyprus,4.0,0,
cyprus,4.5,0,
cyprus,5.0,0,
cyprus,5.5,0,
cyprus,6.0,0,
cyprus,6.5,0,
cyprus,7.0,0,
cyprus,7.5,0,
cyprus,8.0,0,
cyprus,8.5,0,
cyprus,9.0,0,
cyprus,9.5,0,
cyprus,10.0,0,
cyprus,10.5,0,
cyprus,11.0,0,
cyprus,11.5,0,
cyprus,12.0,0,
cyprus,12.5,0,
cyprus,13.0,0,
cyprus,13.5,0,
cyprus,14.0,0,
cyprus,14.5,0,
cyprus,15.0,0,
cyprus,15.5,0,
cyprus,16.0,0,
cyprus,16.5,0,
cyprus,17.0,0,
cyprus,17.5,0,
cyprus,18.0,0,
cyprus,18.5,0,
cyprus,19.0,0,
cyprus,19.5,0,
cyprus,20.0,0,
cyprus,20.5,0,
cyprus,21.0,0,
cyprus,21.5,0,
cyprus,22.0,0,
cyprus,22.5,0,
cyprus,23.0,0,
cyprus,23.5,0,
cyprus,24.0,0,
czechia,0.0,0,
czechia,0.5,0,
czechia,1.0,0,
czechia,1.5,0,
czechia,2.0,0,
czechia,2.5,0,
czechia,3.0,0,
czechia,3.5,0,
czechia,4.0,0,
czechia,4.5,0,
czechia,5.0,0,
czechia,5.5,0,
czechia,6.0,0,
czechia,6.5,0,
czechia,7.0,0,
czechia,7.5,0,
czechia,8.0,0,
czechia,8.5,0,
czechia,9.0,0,
czechia,9.5,0,
czechia,10.0,0,
czechia,10.5,0,
czechia,11.0,0,
czechia,11.5,0,
czechia,12.0,0,
czechia,12.5,0,
czechia,13.0,0,
czechia,13.5,0,
czechia,14.0,0,
czechia,14.5,0,
czechia,15.0,0,
czechia,15.5,0,
czechia,16.0,0,
czechia,16.5,0,
czechia,17.0,0,
czechia,17.5,0,
czechia,18.0,0,
czechia,18.5,0,
czechia,19.0,0,
czechia,19.5,0,
czechia,20.0,0,
czechia,20.5,0,
czechia,21.0,0,
czechia,21.5,0,
czechia,22.0,0,
czechia,22.5,0,
czechia,23.0,0,
czechia,23.5,0,
czechia,24.0,0,
democratic_republic_of_the_congo,0.0,0,0.673590130916415
democratic_republic_of_the_congo,0.5,0,0.7737344093910492
democratic_republic_of_the_congo,1.0,0,0.8063547265254505
democratic_republic_of_the_congo,1.5,0,0.8277503825879953
democratic_republic_of_the_congo,2.0,0,0.8461821527138914
democratic_republic_of_the_congo,2.5,0,0.8586677208934572
democratic_republic_of_the_congo,3.0,0,0.8781648993724303
democratic_republic_of_the_congo,3.5,0,0.8944099378881988
democratic_republic_of_the_congo,4.0,0,0.908656399362719
democratic_republic_of_the_congo,4.5,0,0.93122009569378
democratic_republic_of_the_congo,5.0,0,0.9386172006745362
democratic_republic_of_the_congo,5.5,0,0.9438931297709924
democratic_republic_of_the_congo,6.0,0,0.9470056010340371
democratic_republic_of_the_congo,6.5,0,0.9523346303501945
democratic_republic_of_the_congo,7.0,0,0.9583795782463929
democratic_republic_of_the_congo,7.5,0,0.9602237414543194
democratic_republic_of_the_congo,8.0,0,0.9642346208869814
democratic_republic_of_the_congo,8.5,0,0.972338642078793
democratic_republic_of_the_congo,9.0,0,0.9772502472799208
democratic_republic_of_the_congo,9.5,0,0.9785310734463277
democratic_republic_of_the_congo,10.0,0,0.9803407601572739
democratic_republic_of_the_congo,10.5,0,0.9841772151898734
democratic_republic_of_the_congo,11.0,0,0.983177570093458
democratic_republic_of_the_congo,11.5,0,0.9850427350427351
democratic_republic_of_the_congo,12.0,0,0.9855769230769231
democratic_republic_of_the_congo,12.5,0,0.9833795013850416
democratic_republic_of_the_congo,13.0,0,0.9842271293375394
democratic_republic_of_the_congo,13.5,0,0.981549815498155
democratic_republic_of_the_congo,14.0,0,0.9827586206896551
democratic_republic_of_the_congo,14.5,0,0.98
democratic_republic_of_the_congo,15.0,0,0.9813664596273292
democratic_republic_of_the_congo,15.5,0,0.9844961240310077
democratic_republic_of_the_congo,16.0,0,1.0
democratic_republic_of_the_congo,16.5,0,1.0
democratic_republic_of_the_congo,17.0,0,1.0
democratic_republic_of_the_congo,17.5,0,1.0
democratic_republic_of_the_congo,18.0,0,1.0
democratic_republic_of_the_congo,18.5,0,1.0
democratic_republic_of_the_congo,19.0,0,1.0
democratic_republic_of_the_congo,19.5,0,1.0
democratic_republic_of_the_congo,20.0,0,1.0
democratic_republic_of_the_congo,20.5,0,1.0
democratic_republic_of_the_congo,21.0,0,1.0
democratic_republic_of_the_congo,21.5,0,1.0
democratic_republic_of_the_congo,22.0,0,1.0
democratic_republic_of_the_congo,22.5,0,1.0
democratic_republic_of_the_congo,23.0,0,1.0
democratic_republic_of_the_congo,23.5,0,1.0
democratic_republic_of_the_congo,24.0,0,
denmark,0.0,0,
denmark,0.5,0,
denmark,1.0,0,
denmark,1.5,0,
denmark,2.0,0,
denmark,2.5,0,
denmark,3.0,0,
denmark,3.5,0,
denmark,4.0,0,
denmark,4.5,0,
denmark,5.0,0,
denmark,5.5,0,
denmark,6.0,0,
denmark,6.5,0,
denmark,7.0,0,
denmark,7.5,0,
denmark,8.0,0,
denmark,8.5,0,
denmark,9.0,0,
denmark,9.5,0,
denmark,10.0,0,
denmark,10.5,0,
denmark,11.0,0,
denmark,11.5,0,
denmark,12.0,0,
denmark,12.5,0,
denmark,13.0,0,
denmark,13.5,0,
denmark,14.0,0,
denmark,14.5,0,
denmark,15.0,0,
denmark,15.5,0,
denmark,16.0,0,
denmark,16.5,0,
denmark,17.0,0,
denmark,17.5,0,
denmark,18.0,0,
denmark,18.5,0,
denmark,19.0,0,
denmark,19.5,0,
denmark,20.0,0,
denmark,20.5,0,
denmark,21.0,0,
denmark,21.5,0,
denmark,22.0,0,
denmark,22.5,0,
denmark,23.0,0,
denmark,23.5,0,
denmark,24.0,0,
djibouti,0.0,0,
djibouti,0.5,0,
djibouti,1.0,0,
djibouti,1.5,0,
djibouti,2.0,0,
djibouti,2.5,0,
djibouti,3.0,0,
djibouti,3.5,0,
djibouti,4.0,0,
djibouti,4.5,0,
djibouti,5.0,0,
djibouti,5.5,0,
djibouti,6.0,0,
djibouti,6.5,0,
djibouti,7.0,0,
djibouti,7.5,0,
djibouti,8.0,0,
djibouti,8.5,0,
djibouti,9.0,0,
djibouti,9.5,0,
djibouti,10.0,0,
djibouti,10.5,0,
djibouti,11.0,0,
djibouti,11.5,0,
djibouti,12.0,0,
djibouti,12.5,0,
djibouti,13.0,0,
djibouti,13.5,0,
djibouti,14.0,0,
djibouti,14.5,0,
djibouti,15.0,0,
djibouti,15.5,0,
djibouti,16.0,0,
djibouti,16.5,0,
djibouti,17.0,0,
djibouti,17.5,0,
djibouti,18.0,0,
djibouti,18.5,0,
djibouti,19.0,0,
djibouti,19.5,0,
djibouti,20.0,0,
djibouti,20.5,0,
djibouti,21.0,0,
djibouti,21.5,0,
djibouti,22.0,0,
djibouti,22.5,0,
djibouti,23.0,0,
djibouti,23.5,0,
djibouti,24.0,0,
dominican_republic,0.0,0,
dominican_republic,0.5,0,
dominican_republic,1.0,0,
dominican_republic,1.5,0,
dominican_republic,2.0,0,
dominican_republic,2.5,0,
dominican_republic,3.0,0,
dominican_republic,3.5,0,
dominican_republic,4.0,0,
dominican_republic,4.5,0,
dominican_republic,5.0,0,
dominican_republic,5.5,0,
dominican_republic,6.0,0,
dominican_republic,6.5,0,
dominican_republic,7.0,0,
dominican_republic,7.5,0,
dominican_republic,8.0,0,
dominican_republic,8.5,0,
dominican_republic,9.0,0,
dominican_republic,9.5,0,
dominican_republic,10.0,0,
dominican_republic,10.5,0,
dominican_republic,11.0,0,
dominican_republic,11.5,0,
dominican_republic,12.0,0,
dominican_republic,12.5,0,
dominican_republic,13.0,0,
dominican_republic,13.5,0,
dominican_republic,14.0,0,
dominican_republic,14.5,0,
dominican_republic,15.0,0,
dominican_republic,15.5,0,
dominican_republic,16.0,0,
dominican_republic,16.5,0,
dominican_republic,17.0,0,
dominican_republic,17.5,0,
dominican_republic,18.0,0,
dominican_republic,18.5,0,
dominican_republic,19.0,0,
dominican_republic,19.5,0,
dominican_republic,20.0,0,
dominican_republic,20.5,0,
dominican_republic,21.0,0,
dominican_republic,21.5,0,
dominican_republic,22.0,0,
dominican_republic,22.5,0,
dominican_republic,23.0,0,
dominican_republic,23.5,0,
dominican_republic,24.0,0,
ecuador,0.0,0,
ecuador,0.5,0,
ecuador,1.0,0,
ecuador,1.5,0,
ecuador,2.0,0,
ecuador,2.5,0,
ecuador,3.0,0,
ecuador,3.5,0,
ecuador,4.0,0,
ecuador,4.5,0,
ecuador,5.0,0,
ecuador,5.5,0,
ecuador,6.0,0,
ecuador,6.5,0,
ecuador,7.0,0,
ecuador,7.5,0,
ecuador,8.0,0,
ecuador,8.5,0,
ecuador,9.0,0,
ecuador,9.5,0,
ecuador,10.0,0,
ecuador,10.5,0,
ecuador,11.0,0,
ecuador,11.5,0,
ecuador,12.0,0,
ecuador,12.5,0,
ecuador,13.0,0,
ecuador,13.5,0,
ecuador,14.0,0,
ecuador,14.5,0,
ecuador,15.0,0,
ecuador,15.5,0,
ecuador,16.0,0,
ecuador,16.5,0,
ecuador,17.0,0,
ecuador,17.5,0,
ecuador,18.0,0,
ecuador,18.5,0,
ecuador,19.0,0,
ecuador,19.5,0,
ecuador,20.0,0,
ecuador,20.5,0,
ecuador,21.0,0,
ecuador,21.5,0,
ecuador,22.0,0,
ecuador,22.5,0,
ecuador,23.0,0,
ecuador,23.5,0,
ecuador,24.0,0,
egypt,0.0,0,
egypt,0.5,0,
egypt,1.0,0,
egypt,1.5,0,
egypt,2.0,0,
egypt,2.5,0,
egypt,3.0,0,
egypt,3.5,0,
egypt,4.0,0,
egypt,4.5,0,
egypt,5.0,0,
egypt,5.5,0,
egypt,6.0,0,
egypt,6.5,0,
egypt,7.0,0,
egypt,7.5,0,
egypt,8.0,0,
egypt,8.5,0,
egypt,9.0,0,
egypt,9.5,0,
egypt,10.0,0,
egypt,10.5,0,
egypt,11.0,0,
egypt,11.5,0,
egypt,12.0,0,
egypt,12.5,0,
egypt,13.0,0,
egypt,13.5,0,
egypt,14.0,0,
egypt,14.5,0,
egypt,15.0,0,
egypt,15.5,0,
egypt,16.0,0,
egypt,16.5,0,
egypt,17.0,0,
egypt,17.5,0,
egypt,18.0,0,
egypt,18.5,0,
egypt,19.0,0,
egypt,19.5,0,
egypt,20.0,0,
egypt,20.5,0,
egypt,21.0,0,
egypt,21.5,0,
egypt,22.0,0,
egypt,22.5,0,
egypt,23.0,0,
egypt,23.5,0,
egypt,24.0,0,
el_salvador,0.0,0,
el_salvador,0.5,0,
el_salvador,1.0,0,
el_salvador,1.5,0,
el_salvador,2.0,0,
el_salvador,2.5,0,
el_salvador,3.0,0,
el_salvador,3.5,0,
el_salvador,4.0,0,
el_salvador,4.5,0,
el_salvador,5.0,0,
el_salvador,5.5,0,
el_salvador,6.0,0,
el_salvador,6.5,0,
el_salvador,7.0,0,
el_salvador,7.5,0,
el_salvador,8.0,0,
el_salvador,8.5,0,
el_salvador,9.0,0,
el_salvador,9.5,0,
el_salvador,10.0,0,
el_salvador,10.5,0,
el_salvador,11.0,0,
el_salvador,11.5,0,
el_salvador,12.0,0,
el_salvador,12.5,0,
el_salvador,13.0,0,
el_salvador,13.5,0,
el_salvador,14.0,0,
el_salvador,14.5,0,
el_salvador,15.0,0,
el_salvador,15.5,0,
el_salvador,16.0,0,
el_salvador,16.5,0,
el_salvador,17.0,0,
el_salvador,17.5,0,
el_salvador,18.0,0,
el_salvador,18.5,0,
el_salvador,19.0,0,
el_salvador,19.5,0,
el_salvador,20.0,0,
el_salvador,20.5,0,
el_salvador,21.0,0,
el_salvador,21.5,0,
el_salvador,22.0,0,
el_salvador,22.5,0,
el_salvador,23.0,0,
el_salvador,23.5,0,
el_salvador,24.0,0,
equatorial_guinea,0.0,0,
equatorial_guinea,0.5,0,
equatorial_guinea,1.0,0,
equatorial_guinea,1.5,0,
equatorial_guinea,2.0,0,
equatorial_guinea,2.5,0,
equatorial_guinea,3.0,0,
equatorial_guinea,3.5,0,
equatorial_guinea,4.0,0,
equatorial_guinea,4.5,0,
equatorial_guinea,5.0,0,
equatorial_guinea,5.5,0,
equatorial_guinea,6.0,0,
equatorial_guinea,6.5,0,
equatorial_guinea,7.0,0,
equatorial_guinea,7.5,0,
equatorial_guinea,8.0,0,
equatorial_guinea,8.5,0,
equatorial_guinea,9.0,0,
equatorial_guinea,9.5,0,
equatorial_guinea,10.0,0,
equatorial_guinea,10.5,0,
equatorial_guinea,11.0,0,
equatorial_guinea,11.5,0,
equatorial_guinea,12.0,0,
equatorial_guinea,12.5,0,
equatorial_guinea,13.0,0,
equatorial_guinea,13.5,0,
equatorial_guinea,14.0,0,
equatorial_guinea,14.5,0,
equatorial_guinea,15.0,0,
equatorial_guinea,15.5,0,
equatorial_guinea,16.0,0,
equatorial_guinea,16.5,0,
equatorial_guinea,17.0,0,
equatorial_guinea,17.5,0,
equatorial_guinea,18.0,0,
equatorial_guinea,18.5,0,
equatorial_guinea,19.0,0,
equatorial_guinea,19.5,0,
equatorial_guinea,20.0,0,
equatorial_guinea,20.5,0,
equatorial_guinea,21.0,0,
equatorial_guinea,21.5,0,
equatorial_guinea,22.0,0,
equatorial_guinea,22.5,0,
equatorial_guinea,23.0,0,
equatorial_guinea,23.5,0,
equatorial_guinea,24.0,0,
eritrea,0.0,0,
eritrea,0.5,0,
eritrea,1.0,0,
eritrea,1.5,0,
eritrea,2.0,0,
eritrea,2.5,0,
eritrea,3.0,0,
eritrea,3.5,0,
eritrea,4.0,0,
eritrea,4.5,0,
eritrea,5.0,0,
eritrea,5.5,0,
eritrea,6.0,0,
eritrea,6.5,0,
eritrea,7.0,0,
eritrea,7.5,0,
eritrea,8.0,0,
eritrea,8.5,0,
eritrea,9.0,0,
eritrea,9.5,0,
eritrea,10.0,0,
eritrea,10.5,0,
eritrea,11.0,0,
eritrea,11.5,0,
eritrea,12.0,0,
eritrea,12.5,0,
eritrea,13.0,0,
eritrea,13.5,0,
eritrea,14.0,0,
eritrea,14.5,0,
eritrea,15.0,0,
eritrea,15.5,0,
eritrea,16.0,0,
eritrea,16.5,0,
eritrea,17.0,0,
eritrea,17.5,0,
eritrea,18.0,0,
eritrea,18.5,0,
eritrea,19.0,0,
eritrea,19.5,0,
eritrea,20.0,0,
eritrea,20.5,0,
eritrea,21.0,0,
eritrea,21.5,0,
eritrea,22.0,0,
eritrea,22.5,0,
eritrea,23.0,0,
eritrea,23.5,0,
eritrea,24.0,0,
estonia,0.0,0,
estonia,0.5,0,
estonia,1.0,0,
estonia,1.5,0,
estonia,2.0,0,
estonia,2.5,0,
estonia,3.0,0,
estonia,3.5,0,
estonia,4.0,0,
estonia,4.5,0,
estonia,5.0,0,
estonia,5.5,0,
estonia,6.0,0,
estonia,6.5,0,
estonia,7.0,0,
estonia,7.5,0,
estonia,8.0,0,
estonia,8.5,0,
estonia,9.0,0,
estonia,9.5,0,
estonia,10.0,0,
estonia,10.5,0,
estonia,11.0,0,
estonia,11.5,0,
estonia,12.0,0,
estonia,12.5,0,
estonia,13.0,0,
estonia,13.5,0,
estonia,14.0,0,
estonia,14.5,0,
estonia,15.0,0,
estonia,15.5,0,
estonia,16.0,0,
estonia,16.5,0,
estonia,17.0,0,
estonia,17.5,0,
estonia,18.0,0,
estonia,18.5,0,
estonia,19.0,0,
estonia,19.5,0,
estonia,20.0,0,
estonia,20.5,0,
estonia,21.0,0,
estonia,21.5,0,
estonia,22.0,0,
estonia,22.5,0,
estonia,23.0,0,
estonia,23.5,0,
estonia,24.0,0,
eswatini,0.0,0,
eswatini,0.5,0,
eswatini,1.0,0,
eswatini,1.5,0,
eswatini,2.0,0,
eswatini,2.5,0,
eswatini,3.0,0,
eswatini,3.5,0,
eswatini,4.0,0,
eswatini,4.5,0,
eswatini,5.0,0,
eswatini,5.5,0,
eswatini,6.0,0,
eswatini,6.5,0,
eswatini,7.0,0,
eswatini,7.5,0,
eswatini,8.0,0,
eswatini,8.5,0,
eswatini,9.0,0,
eswatini,9.5,0,
eswatini,10.0,0,
eswatini,10.5,0,
eswatini,11.0,0,
eswatini,11.5,0,
eswatini,12.0,0,
eswatini,12.5,0,
eswatini,13.0,0,
eswatini,13.5,0,
eswatini,14.0,0,
eswatini,14.5,0,
eswatini,15.0,0,
eswatini,15.5,0,
eswatini,16.0,0,
eswatini,16.5,0,
eswatini,17.0,0,
eswatini,17.5,0,
eswatini,18.0,0,
eswatini,18.5,0,
eswatini,19.0,0,
eswatini,19.5,0,
eswatini,20.0,0,
eswatini,20.5,0,
eswatini,21.0,0,
eswatini,21.5,0,
eswatini,22.0,0,
eswatini,22.5,0,
eswatini,23.0,0,
eswatini,23.5,0,
eswatini,24.0,0,
ethiopia,0.0,0,0.44439764111204716
ethiopia,0.5,0,0.6992429456297315
ethiopia,1.0,0,0.755695208169678
ethiopia,1.5,0,0.8001730103806228
ethiopia,2.0,0,0.8244937319189971
ethiopia,2.5,0,0.8509513742071881
ethiopia,3.0,0,0.8766006984866124
ethiopia,3.5,0,0.9053177691309987
ethiopia,4.0,0,0.9320531757754801
ethiopia,4.5,0,0.9424342105263158
ethiopia,5.0,0,0.9527272727272728
ethiopia,5.5,0,0.9536290322580645
ethiopia,6.0,0,0.973568281938326
ethiopia,6.5,0,0.9762470308788599
ethiopia,7.0,0,0.9745547073791349
ethiopia,7.5,0,0.9801136363636364
ethiopia,8.0,0,0.9777070063694268
ethiopia,8.5,0,0.9789473684210527
ethiopia,9.0,0,0.9847908745247148
ethiopia,9.5,0,0.9873417721518988
ethiopia,10.0,0,0.9908256880733946
ethiopia,10.5,0,1.0
ethiopia,11.0,0,1.0
ethiopia,11.5,0,1.0
ethiopia,12.0,0,1.0
ethiopia,12.5,0,1.0
ethiopia,13.0,0,1.0
ethiopia,13.5,0,1.0
ethiopia,14.0,0,1.0
ethiopia,14.5,0,1.0
ethiopia,15.0,0,1.0
ethiopia,15.5,0,1.0
ethiopia,16.0,0,1.0
ethiopia,16.5,0,1.0
ethiopia,17.0,0,1.0
ethiopia,17.5,0,1.0
ethiopia,18.0,0,1.0
ethiopia,18.5,0,1.0
ethiopia,19.0,0,1.0
ethiopia,19.5,0,1.0
ethiopia,20.0,0,1.0
ethiopia,20.5,0,1.0
ethiopia,21.0,0,1.0
ethiopia,21.5,0,
ethiopia,22.0,0,
ethiopia,22.5,0,
ethiopia,23.0,0,
ethiopia,23.5,0,
ethiopia,24.0,0,
falkland_islands,0.0,0,
falkland_islands,0.5,0,
falkland_islands,1.0,0,
falkland_islands,1.5,0,
falkland_islands,2.0,0,
falkland_islands,2.5,0,
falkland_islands,3.0,0,
falkland_islands,3.5,0,
falkland_islands,4.0,0,
falkland_islands,4.5,0,
falkland_islands,5.0,0,
falkland_islands,5.5,0,
falkland_islands,6.0,0,
falkland_islands,6.5,0,
falkland_islands,7.0,0,
falkland_islands,7.5,0,
falkland_islands,8.0,0,
falkland_islands,8.5,0,
falkland_islands,9.0,0,
falkland_islands,9.5,0,
falkland_islands,10.0,0,
falkland_islands,10.5,0,
falkland_islands,11.0,0,
falkland_islands,11.5,0,
falkland_islands,12.0,0,
falkland_islands,12.5,0,
falkland_islands,13.0,0,
falkland_islands,13.5,0,
falkland_islands,14.0,0,
falkland_islands,14.5,0,
falkland_islands,15.0,0,
falkland_islands,15.5,0,
falkland_islands,16.0,0,
falkland_islands,16.5,0,
falkland_islands,17.0,0,
falkland_islands,17.5,0,
falkland_islands,18.0,0,
falkland_islands,18.5,0,
falkland_islands,19.0,0,
falkland_islands,19.5,0,
falkland_islands,20.0,0,
falkland_islands,20.5,0,
falkland_islands,21.0,0,
falkland_islands,21.5,0,
falkland_islands,22.0,0,
falkland_islands,22.5,0,
falkland_islands,23.0,0,
falkland_islands,23.5,0,
falkland_islands,24.0,0,
faroe_islands,0.0,0,
faroe_islands,0.5,0,
faroe_islands,1.0,0,
faroe_islands,1.5,0,
faroe_islands,2.0,0,
faroe_islands,2.5,0,
faroe_islands,3.0,0,
faroe_islands,3.5,0,
faroe_islands,4.0,0,
faroe_islands,4.5,0,
faroe_islands,5.0,0,
faroe_islands,5.5,0,
faroe_islands,6.0,0,
faroe_islands,6.5,0,
faroe_islands,7.0,0,
faroe_islands,7.5,0,
faroe_islands,8.0,0,
faroe_islands,8.5,0,
faroe_islands,9.0,0,
faroe_islands,9.5,0,
faroe_islands,10.0,0,
faroe_islands,10.5,0,
faroe_islands,11.0,0,
faroe_islands,11.5,0,
faroe_islands,12.0,0,
faroe_islands,12.5,0,
faroe_islands,13.0,0,
faroe_islands,13.5,0,
faroe_islands,14.0,0,
faroe_islands,14.5,0,
faroe_islands,15.0,0,
faroe_islands,15.5,0,
faroe_islands,16.0,0,
faroe_islands,16.5,0,
faroe_islands,17.0,0,
faroe_islands,17.5,0,
faroe_islands,18.0,0,
faroe_islands,18.5,0,
faroe_islands,19.0,0,
faroe_islands,19.5,0,
faroe_islands,20.0,0,
faroe_islands,20.5,0,
faroe_islands,21.0,0,
faroe_islands,21.5,0,
faroe_islands,22.0,0,
faroe_islands,22.5,0,
faroe_islands,23.0,0,
faroe_islands,23.5,0,
faroe_islands,24.0,0,
fiji,0.0,0,
fiji,0.5,0,
fiji,1.0,0,
fiji,1.5,0,
fiji,2.0,0,
fiji,2.5,0,
fiji,3.0,0,
fiji,3.5,0,
fiji,4.0,0,
fiji,4.5,0,
fiji,5.0,0,
fiji,5.5,0,
fiji,6.0,0,
fiji,6.5,0,
fiji,7.0,0,
fiji,7.5,0,
fiji,8.0,0,
fiji,8.5,0,
fiji,9.0,0,
fiji,9.5,0,
fiji,10.0,0,
fiji,10.5,0,
fiji,11.0,0,
fiji,11.5,0,
fiji,12.0,0,
fiji,12.5,0,
fiji,13.0,0,
fiji,13.5,0,
fiji,14.0,0,
fiji,14.5,0,
fiji,15.0,0,
fiji,15.5,0,
fiji,16.0,0,
fiji,16.5,0,
fiji,17.0,0,
fiji,17.5,0,
fiji,18.0,0,
fiji,18.5,0,
fiji,19.0,0,
fiji,19.5,0,
fiji,20.0,0,
fiji,20.5,0,
fiji,21.0,0,
fiji,21.5,0,
fiji,22.0,0,
fiji,22.5,0,
fiji,23.0,0,
fiji,23.5,0,
fiji,24.0,0,
finland,0.0,0,
finland,0.5,0,
finland,1.0,0,
finland,1.5,0,
finland,2.0,0,
finland,2.5,0,
finland,3.0,0,
finland,3.5,0,
finland,4.0,0,
finland,4.5,0,
finland,5.0,0,
finland,5.5,0,
finland,6.0,0,
finland,6.5,0,
finland,7.0,0,
finland,7.5,0,
finland,8.0,0,
finland,8.5,0,
finland,9.0,0,
finland,9.5,0,
finland,10.0,0,
finland,10.5,0,
finland,11.0,0,
finland,11.5,0,
finland,12.0,0,
finland,12.5,0,
finland,13.0,0,
finland,13.5,0,
finland,14.0,0,
finland,14.5,0,
finland,15.0,0,
finland,15.5,0,
finland,16.0,0,
finland,16.5,0,
finland,17.0,0,
finland,17.5,0,
finland,18.0,0,
finland,18.5,0,
finland,19.0,0,
finland,19.5,0,
finland,20.0,0,
finland,20.5,0,
finland,21.0,0,
finland,21.5,0,
finland,22.0,0,
finland,22.5,0,
finland,23.0,0,
finland,23.5,0,
finland,24.0,0,
france,0.0,0,
france,0.5,0,
france,1.0,0,
france,1.5,0,
france,2.0,0,
france,2.5,0,
france,3.0,0,
france,3.5,0,
france,4.0,0,
france,4.5,0,
france,5.0,0,
france,5.5,0,
france,6.0,0,
france,6.5,0,
france,7.0,0,
france,7.5,0,
france,8.0,0,
france,8.5,0,
france,9.0,0,
france,9.5,0,
france,10.0,0,
france,10.5,0,
france,11.0,0,
france,11.5,0,
france,12.0,0,
france,12.5,0,
france,13.0,0,
france,13.5,0,
france,14.0,0,
france,14.5,0,
france,15.0,0,
france,15.5,0,
france,16.0,0,
france,16.5,0,
france,17.0,0,
france,17.5,0,
france,18.0,0,
france,18.5,0,
france,19.0,0,
france,19.5,0,
france,20.0,0,
france,20.5,0,
france,21.0,0,
france,21.5,0,
france,22.0,0,
france,22.5,0,
france,23.0,0,
france,23.5,0,
france,24.0,0,
french_polynesia,0.0,0,
french_polynesia,0.5,0,
french_polynesia,1.0,0,
french_polynesia,1.5,0,
french_polynesia,2.0,0,
french_polynesia,2.5,0,
french_polynesia,3.0,0,
french_polynesia,3.5,0,
french_polynesia,4.0,0,
french_polynesia,4.5,0,
french_polynesia,5.0,0,
french_polynesia,5.5,0,
french_polynesia,6.0,0,
french_polynesia,6.5,0,
french_polynesia,7.0,0,
french_polynesia,7.5,0,
french_polynesia,8.0,0,
french_polynesia,8.5,0,
french_polynesia,9.0,0,
french_polynesia,9.5,0,
french_polynesia,10.0,0,
french_polynesia,10.5,0,
french_polynesia,11.0,0,
french_polynesia,11.5,0,
french_polynesia,12.0,0,
french_polynesia,12.5,0,
french_polynesia,13.0,0,
french_polynesia,13.5,0,
french_polynesia,14.0,0,
french_polynesia,14.5,0,
french_polynesia,15.0,0,
french_polynesia,15.5,0,
french_polynesia,16.0,0,
french_polynesia,16.5,0,
french_polynesia,17.0,0,
french_polynesia,17.5,0,
french_polynesia,18.0,0,
french_polynesia,18.5,0,
french_polynesia,19.0,0,
french_polynesia,19.5,0,
french_polynesia,20.0,0,
french_polynesia,20.5,0,
french_polynesia,21.0,0,
french_polynesia,21.5,0,
french_polynesia,22.0,0,
french_polynesia,22.5,0,
french_polynesia,23.0,0,
french_polynesia,23.5,0,
french_polynesia,24.0,0,
french_southern_and_antarctic_lands,0.0,0,
french_southern_and_antarctic_lands,0.5,0,
french_southern_and_antarctic_lands,1.0,0,
french_southern_and_antarctic_lands,1.5,0,
french_southern_and_antarctic_lands,2.0,0,
french_southern_and_antarctic_lands,2.5,0,
french_southern_and_antarctic_lands,3.0,0,
french_southern_and_antarctic_lands,3.5,0,
french_southern_and_antarctic_lands,4.0,0,
french_southern_and_antarctic_lands,4.5,0,
french_southern_and_antarctic_lands,5.0,0,
french_southern_and_antarctic_lands,5.5,0,
french_southern_and_antarctic_lands,6.0,0,
french_southern_and_antarctic_lands,6.5,0,
french_southern_and_antarctic_lands,7.0,0,
french_southern_and_antarctic_lands,7.5,0,
french_southern_and_antarctic_lands,8.0,0,
french_southern_and_antarctic_lands,8.5,0,
french_southern_and_antarctic_lands,9.0,0,
french_southern_and_antarctic_lands,9.5,0,
french_southern_and_antarctic_lands,10.0,0,
french_southern_and_antarctic_lands,10.5,0,
french_southern_and_antarctic_lands,11.0,0,
french_southern_and_antarctic_lands,11.5,0,
french_southern_and_antarctic_lands,12.0,0,
french_southern_and_antarctic_lands,12.5,0,
french_southern_and_antarctic_lands,13.0,0,
french_southern_and_antarctic_lands,13.5,0,
french_southern_and_antarctic_lands,14.0,0,
french_southern_and_antarctic_lands,14.5,0,
french_southern_and_antarctic_lands,15.0,0,
french_southern_and_antarctic_lands,15.5,0,
french_southern_and_antarctic_lands,16.0,0,
french_southern_and_antarctic_lands,16.5,0,
french_southern_and_antarctic_lands,17.0,0,
french_southern_and_antarctic_lands,17.5,0,
french_southern_and_antarctic_lands,18.0,0,
french_southern_and_antarctic_lands,18.5,0,
french_southern_and_antarctic_lands,19.0,0,
french_southern_and_antarctic_lands,19.5,0,
french_southern_and_antarctic_lands,20.0,0,
french_southern_and_antarctic_lands,20.5,0,
french_southern_and_antarctic_lands,21.0,0,
french_southern_and_antarctic_lands,21.5,0,
french_southern_and_antarctic_lands,22.0,0,
french_southern_and_antarctic_lands,22.5,0,
french_southern_and_antarctic_lands,23.0,0,
french_southern_and_antarctic_lands,23.5,0,
french_southern_and_antarctic_lands,24.0,0,
gabon,0.0,0,
gabon,0.5,0,
gabon,1.0,0,
gabon,1.5,0,
gabon,2.0,0,
gabon,2.5,0,
gabon,3.0,0,
gabon,3.5,0,
gabon,4.0,0,
gabon,4.5,0,
gabon,5.0,0,
gabon,5.5,0,
gabon,6.0,0,
gabon,6.5,0,
gabon,7.0,0,
gabon,7.5,0,
gabon,8.0,0,
gabon,8.5,0,
gabon,9.0,0,
gabon,9.5,0,
gabon,10.0,0,
gabon,10.5,0,
gabon,11.0,0,
gabon,11.5,0,
gabon,12.0,0,
gabon,12.5,0,
gabon,13.0,0,
gabon,13.5,0,
gabon,14.0,0,
gabon,14.5,0,
gabon,15.0,0,
gabon,15.5,0,
gabon,16.0,0,
gabon,16.5,0,
gabon,17.0,0,
gabon,17.5,0,
gabon,18.0,0,
gabon,18.5,0,
gabon,19.0,0,
gabon,19.5,0,
gabon,20.0,0,
gabon,20.5,0,
gabon,21.0,0,
gabon,21.5,0,
gabon,22.0,0,
gabon,22.5,0,
gabon,23.0,0,
gabon,23.5,0,
gabon,24.0,0,
georgia,0.0,0,
georgia,0.5,0,
georgia,1.0,0,
georgia,1.5,0,
georgia,2.0,0,
georgia,2.5,0,
georgia,3.0,0,
georgia,3.5,0,
georgia,4.0,0,
georgia,4.5,0,
georgia,5.0,0,
georgia,5.5,0,
georgia,6.0,0,
georgia,6.5,0,
georgia,7.0,0,
georgia,7.5,0,
georgia,8.0,0,
georgia,8.5,0,
georgia,9.0,0,
georgia,9.5,0,
georgia,10.0,0,
georgia,10.5,0,
georgia,11.0,0,
georgia,11.5,0,
georgia,12.0,0,
georgia,12.5,0,
georgia,13.0,0,
georgia,13.5,0,
georgia,14.0,0,
georgia,14.5,0,
georgia,15.0,0,
georgia,15.5,0,
georgia,16.0,0,
georgia,16.5,0,
georgia,17.0,0,
georgia,17.5,0,
georgia,18.0,0,
georgia,18.5,0,
georgia,19.0,0,
georgia,19.5,0,
georgia,20.0,0,
georgia,20.5,0,
georgia,21.0,0,
georgia,21.5,0,
georgia,22.0,0,
georgia,22.5,0,
georgia,23.0,0,
georgia,23.5,0,
georgia,24.0,0,
germany,0.0,0,0.40452830188679245
germany,0.5,0,0.5814732142857143
germany,1.0,0,0.66991643454039
germany,1.5,0,0.7521514629948365
germany,2.0,0,0.790356394129979
germany,2.5,0,0.8086734693877551
germany,3.0,0,0.8357771260997068
germany,3.5,0,0.8669064748201439
germany,4.0,0,0.8858447488584474
germany,4.5,0,0.8842105263157894
germany,5.0,0,0.8944099378881988
germany,5.5,0,0.8904109589041096
germany,6.0,0,0.940677966101695
germany,6.5,0,0.94
germany,7.0,0,0.9512195121951219
germany,7.5,0,0.9833333333333333
germany,8.0,0,1.0
germany,8.5,0,1.0
germany,9.0,0,1.0
germany,9.5,0,1.0
germany,10.0,0,1.0
germany,10.5,0,1.0
germany,11.0,0,1.0
germany,11.5,0,1.0
germany,12.0,0,1.0
germany,12.5,0,1.0
germany,13.0,0,1.0
germany,13.5,0,1.0
germany,14.0,0,1.0
germany,14.5,0,1.0
germany,15.0,0,
germany,15.5,0,
germany,16.0,0,
germany,16.5,0,
germany,17.0,0,
germany,17.5,0,
germany,18.0,0,
germany,18.5,0,
germany,19.0,0,
germany,19.5,0,
germany,20.0,0,
germany,20.5,0,
germany,21.0,0,
germany,21.5,0,
germany,22.0,0,
germany,22.5,0,
germany,23.0,0,
germany,23.5,0,
germany,24.0,0,
ghana,0.0,0,0.5049237921183839
ghana,0.5,0,0.6816741996469307
ghana,1.0,0,0.7341324618981886
ghana,1.5,0,0.7727464491632682
ghana,2.0,0,0.8045262157726527
ghana,2.5,0,0.8320056545742831
ghana,3.0,0,0.8548923990247005
ghana,3.5,0,0.8727729396023568
ghana,4.0,0,0.8876744489370028
ghana,4.5,0,0.8993842221447659
ghana,5.0,0,0.9100770675474387
ghana,5.5,0,0.9187638450085339
ghana,6.0,0,0.9251819623470093
ghana,6.5,0,0.9300900736134607
ghana,7.0,0,0.9352577319587629
ghana,7.5,0,0.9382029053420806
ghana,8.0,0,0.9441333333333334
ghana,8.5,0,0.9469140477092011
ghana,9.0,0,0.949660337920223
ghana,9.5,0,0.9537416325307223
ghana,10.0,0,0.957105172611538
ghana,10.5,0,0.9587493431424067
ghana,11.0,0,0.9598490566037736
ghana,11.5,0,0.9613501224204267
ghana,12.0,0,0.9646485168630637
ghana,12.5,0,0.9662815373732611
ghana,13.0,0,0.9680822288341899
ghana,13.5,0,0.9705236751332706
ghana,14.0,0,0.9706095791001451
ghana,14.5,0,0.9709028669234061
ghana,15.0,0,0.9704232534421213
ghana,15.5,0,0.9688784497944803
ghana,16.0,0,0.9703038674033149
ghana,16.5,0,0.9713818479149632
ghana,17.0,0,0.9727095516569201
ghana,17.5,0,0.9703872437357631
ghana,18.0,0,0.9681440443213296
ghana,18.5,0,0.9665551839464883
ghana,19.0,0,0.9637826961770624
ghana,19.5,0,0.9652605459057072
ghana,20.0,0,0.9622641509433962
ghana,20.5,0,0.9613899613899614
ghana,21.0,0,0.9665071770334929
ghana,21.5,0,0.9698795180722891
ghana,22.0,0,0.9732142857142857
ghana,22.5,0,0.9642857142857143
ghana,23.0,0,0.9523809523809523
ghana,23.5,0,0.918918918918919
ghana,24.0,0,0.8235294117647058
greece,0.0,0,
greece,0.5,0,
greece,1.0,0,
greece,1.5,0,
greece,2.0,0,
greece,2.5,0,
greece,3.0,0,
greece,3.5,0,
greece,4.0,0,
greece,4.5,0,
greece,5.0,0,
greece,5.5,0,
greece,6.0,0,
greece,6.5,0,
greece,7.0,0,
greece,7.5,0,
greece,8.0,0,
greece,8.5,0,
greece,9.0,0,
greece,9.5,0,
greece,10.0,0,
greece,10.5,0,
greece,11.0,0,
greece,11.5,0,
greece,12.0,0,
greece,12.5,0,
greece,13.0,0,
greece,13.5,0,
greece,14.0,0,
greece,14.5,0,
greece,15.0,0,
greece,15.5,0,
greece,16.0,0,
greece,16.5,0,
greece,17.0,0,
greece,17.5,0,
greece,18.0,0,
greece,18.5,0,
greece,19.0,0,
greece,19.5,0,
greece,20.0,0,
greece,20.5,0,
greece,21.0,0,
greece,21.5,0,
greece,22.0,0,
greece,22.5,0,
greece,23.0,0,
greece,23.5,0,
greece,24.0,0,
greenland,0.0,0,
greenland,0.5,0,
greenland,1.0,0,
greenland,1.5,0,
greenland,2.0,0,
greenland,2.5,0,
greenland,3.0,0,
greenland,3.5,0,
greenland,4.0,0,
greenland,4.5,0,
greenland,5.0,0,
greenland,5.5,0,
greenland,6.0,0,
greenland,6.5,0,
greenland,7.0,0,
greenland,7.5,0,
greenland,8.0,0,
greenland,8.5,0,
greenland,9.0,0,
greenland,9.5,0,
greenland,10.0,0,
greenland,10.5,0,
greenland,11.0,0,
greenland,11.5,0,
greenland,12.0,0,
greenland,12.5,0,
greenland,13.0,0,
greenland,13.5,0,
greenland,14.0,0,
greenland,14.5,0,
greenland,15.0,0,
greenland,15.5,0,
greenland,16.0,0,
greenland,16.5,0,
greenland,17.0,0,
greenland,17.5,0,
greenland,18.0,0,
greenland,18.5,0,
greenland,19.0,0,
greenland,19.5,0,
greenland,20.0,0,
greenland,20.5,0,
greenland,21.0,0,
greenland,21.5,0,
greenland,22.0,0,
greenland,22.5,0,
greenland,23.0,0,
greenland,23.5,0,
greenland,24.0,0,
guatemala,0.0,0,
guatemala,0.5,0,
guatemala,1.0,0,
guatemala,1.5,0,
guatemala,2.0,0,
guatemala,2.5,0,
guatemala,3.0,0,
guatemala,3.5,0,
guatemala,4.0,0,
guatemala,4.5,0,
guatemala,5.0,0,
guatemala,5.5,0,
guatemala,6.0,0,
guatemala,6.5,0,
guatemala,7.0,0,
guatemala,7.5,0,
guatemala,8.0,0,
guatemala,8.5,0,
guatemala,9.0,0,
guatemala,9.5,0,
guatemala,10.0,0,
guatemala,10.5,0,
guatemala,11.0,0,
guatemala,11.5,0,
guatemala,12.0,0,
guatemala,12.5,0,
guatemala,13.0,0,
guatemala,13.5,0,
guatemala,14.0,0,
guatemala,14.5,0,
guatemala,15.0,0,
guatemala,15.5,0,
guatemala,16.0,0,
guatemala,16.5,0,
guatemala,17.0,0,
guatemala,17.5,0,
guatemala,18.0,0,
guatemala,18.5,0,
guatemala,19.0,0,
guatemala,19.5,0,
guatemala,20.0,0,
guatemala,20.5,0,
guatemala,21.0,0,
guatemala,21.5,0,
guatemala,22.0,0,
guatemala,22.5,0,
guatemala,23.0,0,
guatemala,23.5,0,
guatemala,24.0,0,
guinea,0.0,0,
guinea,0.5,0,
guinea,1.0,0,
guinea,1.5,0,
guinea,2.0,0,
guinea,2.5,0,
guinea,3.0,0,
guinea,3.5,0,
guinea,4.0,0,
guinea,4.5,0,
guinea,5.0,0,
guinea,5.5,0,
guinea,6.0,0,
guinea,6.5,0,
guinea,7.0,0,
guinea,7.5,0,
guinea,8.0,0,
guinea,8.5,0,
guinea,9.0,0,
guinea,9.5,0,
guinea,10.0,0,
guinea,10.5,0,
guinea,11.0,0,
guinea,11.5,0,
guinea,12.0,0,
guinea,12.5,0,
guinea,13.0,0,
guinea,13.5,0,
guinea,14.0,0,
guinea,14.5,0,
guinea,15.0,0,
guinea,15.5,0,
guinea,16.0,0,
guinea,16.5,0,
guinea,17.0,0,
guinea,17.5,0,
guinea,18.0,0,
guinea,18.5,0,
guinea,19.0,0,
guinea,19.5,0,
guinea,20.0,0,
guinea,20.5,0,
guinea,21.0,0,
guinea,21.5,0,
guinea,22.0,0,
guinea,22.5,0,
guinea,23.0,0,
guinea,23.5,0,
guinea,24.0,0,
guinea-bissau,0.0,0,
guinea-bissau,0.5,0,
guinea-bissau,1.0,0,
guinea-bissau,1.5,0,
guinea-bissau,2.0,0,
guinea-bissau,2.5,0,
guinea-bissau,3.0,0,
guinea-bissau,3.5,0,
guinea-bissau,4.0,0,
guinea-bissau,4.5,0,
guinea-bissau,5.0,0,
guinea-bissau,5.5,0,
guinea-bissau,6.0,0,
guinea-bissau,6.5,0,
guinea-bissau,7.0,0,
guinea-bissau,7.5,0,
guinea-bissau,8.0,0,
guinea-bissau,8.5,0,
guinea-bissau,9.0,0,
guinea-bissau,9.5,0,
guinea-bissau,10.0,0,
guinea-bissau,10.5,0,
guinea-bissau,11.0,0,
guinea-bissau,11.5,0,
guinea-bissau,12.0,0,
guinea-bissau,12.5,0,
guinea-bissau,13.0,0,
guinea-bissau,13.5,0,
guinea-bissau,14.0,0,
guinea-bissau,14.5,0,
guinea-bissau,15.0,0,
guinea-bissau,15.5,0,
guinea-bissau,16.0,0,
guinea-bissau,16.5,0,
guinea-bissau,17.0,0,
guinea-bissau,17.5,0,
guinea-bissau,18.0,0,
guinea-bissau,18.5,0,
guinea-bissau,19.0,0,
guinea-bissau,19.5,0,
guinea-bissau,20.0,0,
guinea-bissau,20.5,0,
guinea-bissau,21.0,0,
guinea-bissau,21.5,0,
guinea-bissau,22.0,0,
guinea-bissau,22.5,0,
guinea-bissau,23.0,0,
guinea-bissau,23.5,0,
guinea-bissau,24.0,0,
guyana,0.0,0,
guyana,0.5,0,
guyana,1.0,0,
guyana,1.5,0,
guyana,2.0,0,
guyana,2.5,0,
guyana,3.0,0,
guyana,3.5,0,
guyana,4.0,0,
guyana,4.5,0,
guyana,5.0,0,
guyana,5.5,0,
guyana,6.0,0,
guyana,6.5,0,
guyana,7.0,0,
guyana,7.5,0,
guyana,8.0,0,
guyana,8.5,0,
guyana,9.0,0,
guyana,9.5,0,
guyana,10.0,0,
guyana,10.5,0,
guyana,11.0,0,
guyana,11.5,0,
guyana,12.0,0,
guyana,12.5,0,
guyana,13.0,0,
guyana,13.5,0,
guyana,14.0,0,
guyana,14.5,0,
guyana,15.0,0,
guyana,15.5,0,
guyana,16.0,0,
guyana,16.5,0,
guyana,17.0,0,
guyana,17.5,0,
guyana,18.0,0,
guyana,18.5,0,
guyana,19.0,0,
guyana,19.5,0,
guyana,20.0,0,
guyana,20.5,0,
guyana,21.0,0,
guyana,21.5,0,
guyana,22.0,0,
guyana,22.5,0,
guyana,23.0,0,
guyana,23.5,0,
guyana,24.0,0,
haiti,0.0,0,
haiti,0.5,0,
haiti,1.0,0,
haiti,1.5,0,
haiti,2.0,0,
haiti,2.5,0,
haiti,3.0,0,
haiti,3.5,0,
haiti,4.0,0,
haiti,4.5,0,
haiti,5.0,0,
haiti,5.5,0,
haiti,6.0,0,
haiti,6.5,0,
haiti,7.0,0,
haiti,7.5,0,
haiti,8.0,0,
haiti,8.5,0,
haiti,9.0,0,
haiti,9.5,0,
haiti,10.0,0,
haiti,10.5,0,
haiti,11.0,0,
haiti,11.5,0,
haiti,12.0,0,
haiti,12.5,0,
haiti,13.0,0,
haiti,13.5,0,
haiti,14.0,0,
haiti,14.5,0,
haiti,15.0,0,
haiti,15.5,0,
haiti,16.0,0,
haiti,16.5,0,
haiti,17.0,0,
haiti,17.5,0,
haiti,18.0,0,
haiti,18.5,0,
haiti,19.0,0,
haiti,19.5,0,
haiti,20.0,0,
haiti,20.5,0,
haiti,21.0,0,
haiti,21.5,0,
haiti,22.0,0,
haiti,22.5,0,
haiti,23.0,0,
haiti,23.5,0,
haiti,24.0,0,
honduras,0.0,0,
honduras,0.5,0,
honduras,1.0,0,
honduras,1.5,0,
honduras,2.0,0,
honduras,2.5,0,
honduras,3.0,0,
honduras,3.5,0,
honduras,4.0,0,
honduras,4.5,0,
honduras,5.0,0,
honduras,5.5,0,
honduras,6.0,0,
honduras,6.5,0,
honduras,7.0,0,
honduras,7.5,0,
honduras,8.0,0,
honduras,8.5,0,
honduras,9.0,0,
honduras,9.5,0,
honduras,10.0,0,
honduras,10.5,0,
honduras,11.0,0,
honduras,11.5,0,
honduras,12.0,0,
honduras,12.5,0,
honduras,13.0,0,
honduras,13.5,0,
honduras,14.0,0,
honduras,14.5,0,
honduras,15.0,0,
honduras,15.5,0,
honduras,16.0,0,
honduras,16.5,0,
honduras,17.0,0,
honduras,17.5,0,
honduras,18.0,0,
honduras,18.5,0,
honduras,19.0,0,
honduras,19.5,0,
honduras,20.0,0,
honduras,20.5,0,
honduras,21.0,0,
honduras,21.5,0,
honduras,22.0,0,
honduras,22.5,0,
honduras,23.0,0,
honduras,23.5,0,
honduras,24.0,0,
hong_kong,0.0,0,
hong_kong,0.5,0,
hong_kong,1.0,0,
hong_kong,1.5,0,
hong_kong,2.0,0,
hong_kong,2.5,0,
hong_kong,3.0,0,
hong_kong,3.5,0,
hong_kong,4.0,0,
hong_kong,4.5,0,
hong_kong,5.0,0,
hong_kong,5.5,0,
hong_kong,6.0,0,
hong_kong,6.5,0,
hong_kong,7.0,0,
hong_kong,7.5,0,
hong_kong,8.0,0,
hong_kong,8.5,0,
hong_kong,9.0,0,
hong_kong,9.5,0,
hong_kong,10.0,0,
hong_kong,10.5,0,
hong_kong,11.0,0,
hong_kong,11.5,0,
hong_kong,12.0,0,
hong_kong,12.5,0,
hong_kong,13.0,0,
hong_kong,13.5,0,
hong_kong,14.0,0,
hong_kong,14.5,0,
hong_kong,15.0,0,
hong_kong,15.5,0,
hong_kong,16.0,0,
hong_kong,16.5,0,
hong_kong,17.0,0,
hong_kong,17.5,0,
hong_kong,18.0,0,
hong_kong,18.5,0,
hong_kong,19.0,0,
hong_kong,19.5,0,
hong_kong,20.0,0,
hong_kong,20.5,0,
hong_kong,21.0,0,
hong_kong,21.5,0,
hong_kong,22.0,0,
hong_kong,22.5,0,
hong_kong,23.0,0,
hong_kong,23.5,0,
hong_kong,24.0,0,
hungary,0.0,0,
hungary,0.5,0,
hungary,1.0,0,
hungary,1.5,0,
hungary,2.0,0,
hungary,2.5,0,
hungary,3.0,0,
hungary,3.5,0,
hungary,4.0,0,
hungary,4.5,0,
hungary,5.0,0,
hungary,5.5,0,
hungary,6.0,0,
hungary,6.5,0,
hungary,7.0,0,
hungary,7.5,0,
hungary,8.0,0,
hungary,8.5,0,
hungary,9.0,0,
hungary,9.5,0,
hungary,10.0,0,
hungary,10.5,0,
hungary,11.0,0,
hungary,11.5,0,
hungary,12.0,0,
hungary,12.5,0,
hungary,13.0,0,
hungary,13.5,0,
hungary,14.0,0,
hungary,14.5,0,
hungary,15.0,0,
hungary,15.5,0,
hungary,16.0,0,
hungary,16.5,0,
hungary,17.0,0,
hungary,17.5,0,
hungary,18.0,0,
hungary,18.5,0,
hungary,19.0,0,
hungary,19.5,0,
hungary,20.0,0,
hungary,20.5,0,
hungary,21.0,0,
hungary,21.5,0,
hungary,22.0,0,
hungary,22.5,0,
hungary,23.0,0,
hungary,23.5,0,
hungary,24.0,0,
iceland,0.0,0,
iceland,0.5,0,
iceland,1.0,0,
iceland,1.5,0,
iceland,2.0,0,
iceland,2.5,0,
iceland,3.0,0,
iceland,3.5,0,
iceland,4.0,0,
iceland,4.5,0,
iceland,5.0,0,
iceland,5.5,0,
iceland,6.0,0,
iceland,6.5,0,
iceland,7.0,0,
iceland,7.5,0,
iceland,8.0,0,
iceland,8.5,0,
iceland,9.0,0,
iceland,9.5,0,
iceland,10.0,0,
iceland,10.5,0,
iceland,11.0,0,
iceland,11.5,0,
iceland,12.0,0,
iceland,12.5,0,
iceland,13.0,0,
iceland,13.5,0,
iceland,14.0,0,
iceland,14.5,0,
iceland,15.0,0,
iceland,15.5,0,
iceland,16.0,0,
iceland,16.5,0,
iceland,17.0,0,
iceland,17.5,0,
iceland,18.0,0,
iceland,18.5,0,
iceland,19.0,0,
iceland,19.5,0,
iceland,20.0,0,
iceland,20.5,0,
iceland,21.0,0,
iceland,21.5,0,
iceland,22.0,0,
iceland,22.5,0,
iceland,23.0,0,
iceland,23.5,0,
iceland,24.0,0,
india,0.0,0,
india,0.5,0,
india,1.0,0,
india,1.5,0,
india,2.0,0,
india,2.5,0,
india,3.0,0,
india,3.5,0,
india,4.0,0,
india,4.5,0,
india,5.0,0,
india,5.5,0,
india,6.0,0,
india,6.5,0,
india,7.0,0,
india,7.5,0,
india,8.0,0,
india,8.5,0,
india,9.0,0,
india,9.5,0,
india,10.0,0,
india,10.5,0,
india,11.0,0,
india,11.5,0,
india,12.0,0,
india,12.5,0,
india,13.0,0,
india,13.5,0,
india,14.0,0,
india,14.5,0,
india,15.0,0,
india,15.5,0,
india,16.0,0,
india,16.5,0,
india,17.0,0,
india,17.5,0,
india,18.0,0,
india,18.5,0,
india,19.0,0,
india,19.5,0,
india,20.0,0,
india,20.5,0,
india,21.0,0,
india,21.5,0,
india,22.0,0,
india,22.5,0,
india,23.0,0,
india,23.5,0,
india,24.0,0,
indonesia,0.0,0,
indonesia,0.5,0,
indonesia,1.0,0,
indonesia,1.5,0,
indonesia,2.0,0,
indonesia,2.5,0,
indonesia,3.0,0,
indonesia,3.5,0,
indonesia,4.0,0,
indonesia,4.5,0,
indonesia,5.0,0,
indonesia,5.5,0,
indonesia,6.0,0,
indonesia,6.5,0,
indonesia,7.0,0,
indonesia,7.5,0,
indonesia,8.0,0,
indonesia,8.5,0,
indonesia,9.0,0,
indonesia,9.5,0,
indonesia,10.0,0,
indonesia,10.5,0,
indonesia,11.0,0,
indonesia,11.5,0,
indonesia,12.0,0,
indonesia,12.5,0,
indonesia,13.0,0,
indonesia,13.5,0,
indonesia,14.0,0,
indonesia,14.5,0,
indonesia,15.0,0,
indonesia,15.5,0,
indonesia,16.0,0,
indonesia,16.5,0,
indonesia,17.0,0,
indonesia,17.5,0,
indonesia,18.0,0,
indonesia,18.5,0,
indonesia,19.0,0,
indonesia,19.5,0,
indonesia,20.0,0,
indonesia,20.5,0,
indonesia,21.0,0,
indonesia,21.5,0,
indonesia,22.0,0,
indonesia,22.5,0,
indonesia,23.0,0,
indonesia,23.5,0,
indonesia,24.0,0,
iran,0.0,0,
iran,0.5,0,
iran,1.0,0,
iran,1.5,0,
iran,2.0,0,
iran,2.5,0,
iran,3.0,0,
iran,3.5,0,
iran,4.0,0,
iran,4.5,0,
iran,5.0,0,
iran,5.5,0,
iran,6.0,0,
iran,6.5,0,
iran,7.0,0,
iran,7.5,0,
iran,8.0,0,
iran,8.5,0,
iran,9.0,0,
iran,9.5,0,
iran,10.0,0,
iran,10.5,0,
iran,11.0,0,
iran,11.5,0,
iran,12.0,0,
iran,12.5,0,
iran,13.0,0,
iran,13.5,0,
iran,14.0,0,
iran,14.5,0,
iran,15.0,0,
iran,15.5,0,
iran,16.0,0,
iran,16.5,0,
iran,17.0,0,
iran,17.5,0,
iran,18.0,0,
iran,18.5,0,
iran,19.0,0,
iran,19.5,0,
iran,20.0,0,
iran,20.5,0,
iran,21.0,0,
iran,21.5,0,
iran,22.0,0,
iran,22.5,0,
iran,23.0,0,
iran,23.5,0,
iran,24.0,0,
iraq,0.0,0,
iraq,0.5,0,
iraq,1.0,0,
iraq,1.5,0,
iraq,2.0,0,
iraq,2.5,0,
iraq,3.0,0,
iraq,3.5,0,
iraq,4.0,0,
iraq,4.5,0,
iraq,5.0,0,
iraq,5.5,0,
iraq,6.0,0,
iraq,6.5,0,
iraq,7.0,0,
iraq,7.5,0,
iraq,8.0,0,
iraq,8.5,0,
iraq,9.0,0,
iraq,9.5,0,
iraq,10.0,0,
iraq,10.5,0,
iraq,11.0,0,
iraq,11.5,0,
iraq,12.0,0,
iraq,12.5,0,
iraq,13.0,0,
iraq,13.5,0,
iraq,14.0,0,
iraq,14.5,0,
iraq,15.0,0,
iraq,15.5,0,
iraq,16.0,0,
iraq,16.5,0,
iraq,17.0,0,
iraq,17.5,0,
iraq,18.0,0,
iraq,18.5,0,
iraq,19.0,0,
iraq,19.5,0,
iraq,20.0,0,
iraq,20.5,0,
iraq,21.0,0,
iraq,21.5,0,
iraq,22.0,0,
iraq,22.5,0,
iraq,23.0,0,
iraq,23.5,0,
iraq,24.0,0,
ireland,0.0,0,
ireland,0.5,0,
ireland,1.0,0,
ireland,1.5,0,
ireland,2.0,0,
ireland,2.5,0,
ireland,3.0,0,
ireland,3.5,0,
ireland,4.0,0,
ireland,4.5,0,
ireland,5.0,0,
ireland,5.5,0,
ireland,6.0,0,
ireland,6.5,0,
ireland,7.0,0,
ireland,7.5,0,
ireland,8.0,0,
ireland,8.5,0,
ireland,9.0,0,
ireland,9.5,0,
ireland,10.0,0,
ireland,10.5,0,
ireland,11.0,0,
ireland,11.5,0,
ireland,12.0,0,
ireland,12.5,0,
ireland,13.0,0,
ireland,13.5,0,
ireland,14.0,0,
ireland,14.5,0,
ireland,15.0,0,
ireland,15.5,0,
ireland,16.0,0,
ireland,16.5,0,
ireland,17.0,0,
ireland,17.5,0,
ireland,18.0,0,
ireland,18.5,0,
ireland,19.0,0,
ireland,19.5,0,
ireland,20.0,0,
ireland,20.5,0,
ireland,21.0,0,
ireland,21.5,0,
ireland,22.0,0,
ireland,22.5,0,
ireland,23.0,0,
ireland,23.5,0,
ireland,24.0,0,
isle_of_man,0.0,0,
isle_of_man,0.5,0,
isle_of_man,1.0,0,
isle_of_man,1.5,0,
isle_of_man,2.0,0,
isle_of_man,2.5,0,
isle_of_man,3.0,0,
isle_of_man,3.5,0,
isle_of_man,4.0,0,
isle_of_man,4.5,0,
isle_of_man,5.0,0,
isle_of_man,5.5,0,
isle_of_man,6.0,0,
isle_of_man,6.5,0,
isle_of_man,7.0,0,
isle_of_man,7.5,0,
isle_of_man,8.0,0,
isle_of_man,8.5,0,
isle_of_man,9.0,0,
isle_of_man,9.5,0,
isle_of_man,10.0,0,
isle_of_man,10.5,0,
isle_of_man,11.0,0,
isle_of_man,11.5,0,
isle_of_man,12.0,0,
isle_of_man,12.5,0,
isle_of_man,13.0,0,
isle_of_man,13.5,0,
isle_of_man,14.0,0,
isle_of_man,14.5,0,
isle_of_man,15.0,0,
isle_of_man,15.5,0,
isle_of_man,16.0,0,
isle_of_man,16.5,0,
isle_of_man,17.0,0,
isle_of_man,17.5,0,
isle_of_man,18.0,0,
isle_of_man,18.5,0,
isle_of_man,19.0,0,
isle_of_man,19.5,0,
isle_of_man,20.0,0,
isle_of_man,20.5,0,
isle_of_man,21.0,0,
isle_of_man,21.5,0,
isle_of_man,22.0,0,
isle_of_man,22.5,0,
isle_of_man,23.0,0,
isle_of_man,23.5,0,
isle_of_man,24.0,0,
israel,0.0,0,
israel,0.5,0,
israel,1.0,0,
israel,1.5,0,
israel,2.0,0,
israel,2.5,0,
israel,3.0,0,
israel,3.5,0,
israel,4.0,0,
israel,4.5,0,
israel,5.0,0,
israel,5.5,0,
israel,6.0,0,
israel,6.5,0,
israel,7.0,0,
israel,7.5,0,
israel,8.0,0,
israel,8.5,0,
israel,9.0,0,
israel,9.5,0,
israel,10.0,0,
israel,10.5,0,
israel,11.0,0,
israel,11.5,0,
israel,12.0,0,
israel,12.5,0,
israel,13.0,0,
israel,13.5,0,
israel,14.0,0,
israel,14.5,0,
israel,15.0,0,
israel,15.5,0,
israel,16.0,0,
israel,16.5,0,
israel,17.0,0,
israel,17.5,0,
israel,18.0,0,
israel,18.5,0,
israel,19.0,0,
israel,19.5,0,
israel,20.0,0,
israel,20.5,0,
israel,21.0,0,
israel,21.5,0,
israel,22.0,0,
israel,22.5,0,
israel,23.0,0,
israel,23.5,0,
israel,24.0,0,
italy,0.0,0,
italy,0.5,0,
italy,1.0,0,
italy,1.5,0,
italy,2.0,0,
italy,2.5,0,
italy,3.0,0,
italy,3.5,0,
italy,4.0,0,
italy,4.5,0,
italy,5.0,0,
italy,5.5,0,
italy,6.0,0,
italy,6.5,0,
italy,7.0,0,
italy,7.5,0,
italy,8.0,0,
italy,8.5,0,
italy,9.0,0,
italy,9.5,0,
italy,10.0,0,
italy,10.5,0,
italy,11.0,0,
italy,11.5,0,
italy,12.0,0,
italy,12.5,0,
italy,13.0,0,
italy,13.5,0,
italy,14.0,0,
italy,14.5,0,
italy,15.0,0,
italy,15.5,0,
italy,16.0,0,
italy,16.5,0,
italy,17.0,0,
italy,17.5,0,
italy,18.0,0,
italy,18.5,0,
italy,19.0,0,
italy,19.5,0,
italy,20.0,0,
italy,20.5,0,
italy,21.0,0,
italy,21.5,0,
italy,22.0,0,
italy,22.5,0,
italy,23.0,0,
italy,23.5,0,
italy,24.0,0,
ivory_coast,0.0,0,0.5160216396171452
ivory_coast,0.5,0,0.7131828978622328
ivory_coast,1.0,0,0.7768096514745308
ivory_coast,1.5,0,0.8228317272053373
ivory_coast,2.0,0,0.8590163934426229
ivory_coast,2.5,0,0.8827272727272727
ivory_coast,3.0,0,0.9059304703476483
ivory_coast,3.5,0,0.9221218961625283
ivory_coast,4.0,0,0.93625
ivory_coast,4.5,0,0.9401360544217687
ivory_coast,5.0,0,0.9504504504504504
ivory_coast,5.5,0,0.9525423728813559
ivory_coast,6.0,0,0.9498069498069498
ivory_coast,6.5,0,0.9587852494577006
ivory_coast,7.0,0,0.9701492537313433
ivory_coast,7.5,0,0.9733727810650887
ivory_coast,8.0,0,0.9733333333333334
ivory_coast,8.5,0,0.9735849056603774
ivory_coast,9.0,0,0.9747899159663865
ivory_coast,9.5,0,0.9726027397260274
ivory_coast,10.0,0,0.9777777777777777
ivory_coast,10.5,0,0.9815950920245399
ivory_coast,11.0,0,0.9929577464788732
ivory_coast,11.5,0,1.0
ivory_coast,12.0,0,1.0
ivory_coast,12.5,0,1.0
ivory_coast,13.0,0,1.0
ivory_coast,13.5,0,1.0
ivory_coast,14.0,0,1.0
ivory_coast,14.5,0,1.0
ivory_coast,15.0,0,1.0
ivory_coast,15.5,0,1.0
ivory_coast,16.0,0,1.0
ivory_coast,16.5,0,1.0
ivory_coast,17.0,0,1.0
ivory_coast,17.5,0,1.0
ivory_coast,18.0,0,1.0
ivory_coast,18.5,0,1.0
ivory_coast,19.0,0,1.0
ivory_coast,19.5,0,1.0
ivory_coast,20.0,0,1.0
ivory_coast,20.5,0,1.0
ivory_coast,21.0,0,1.0
ivory_coast,21.5,0,1.0
ivory_coast,22.0,0,1.0
ivory_coast,22.5,0,1.0
ivory_coast,23.0,0,1.0
ivory_coast,23.5,0,1.0
ivory_coast,24.0,0,
jamaica,0.0,0,
jamaica,0.5,0,
jamaica,1.0,0,
jamaica,1.5,0,
jamaica,2.0,0,
jamaica,2.5,0,
jamaica,3.0,0,
jamaica,3.5,0,
jamaica,4.0,0,
jamaica,4.5,0,
jamaica,5.0,0,
jamaica,5.5,0,
jamaica,6.0,0,
jamaica,6.5,0,
jamaica,7.0,0,
jamaica,7.5,0,
jamaica,8.0,0,
jamaica,8.5,0,
jamaica,9.0,0,
jamaica,9.5,0,
jamaica,10.0,0,
jamaica,10.5,0,
jamaica,11.0,0,
jamaica,11.5,0,
jamaica,12.0,0,
jamaica,12.5,0,
jamaica,13.0,0,
jamaica,13.5,0,
jamaica,14.0,0,
jamaica,14.5,0,
jamaica,15.0,0,
jamaica,15.5,0,
jamaica,16.0,0,
jamaica,16.5,0,
jamaica,17.0,0,
jamaica,17.5,0,
jamaica,18.0,0,
jamaica,18.5,0,
jamaica,19.0,0,
jamaica,19.5,0,
jamaica,20.0,0,
jamaica,20.5,0,
jamaica,21.0,0,
jamaica,21.5,0,
jamaica,22.0,0,
jamaica,22.5,0,
jamaica,23.0,0,
jamaica,23.5,0,
jamaica,24.0,0,
japan,0.0,0,
japan,0.5,0,
japan,1.0,0,
japan,1.5,0,
japan,2.0,0,
japan,2.5,0,
japan,3.0,0,
japan,3.5,0,
japan,4.0,0,
japan,4.5,0,
japan,5.0,0,
japan,5.5,0,
japan,6.0,0,
japan,6.5,0,
japan,7.0,0,
japan,7.5,0,
japan,8.0,0,
japan,8.5,0,
japan,9.0,0,
japan,9.5,0,
japan,10.0,0,
japan,10.5,0,
japan,11.0,0,
japan,11.5,0,
japan,12.0,0,
japan,12.5,0,
japan,13.0,0,
japan,13.5,0,
japan,14.0,0,
japan,14.5,0,
japan,15.0,0,
japan,15.5,0,
japan,16.0,0,
japan,16.5,0,
japan,17.0,0,
japan,17.5,0,
japan,18.0,0,
japan,18.5,0,
japan,19.0,0,
japan,19.5,0,
japan,20.0,0,
japan,20.5,0,
japan,21.0,0,
japan,21.5,0,
japan,22.0,0,
japan,22.5,0,
japan,23.0,0,
japan,23.5,0,
japan,24.0,0,
jordan,0.0,0,
jordan,0.5,0,
jordan,1.0,0,
jordan,1.5,0,
jordan,2.0,0,
jordan,2.5,0,
jordan,3.0,0,
jordan,3.5,0,
jordan,4.0,0,
jordan,4.5,0,
jordan,5.0,0,
jordan,5.5,0,
jordan,6.0,0,
jordan,6.5,0,
jordan,7.0,0,
jordan,7.5,0,
jordan,8.0,0,
jordan,8.5,0,
jordan,9.0,0,
jordan,9.5,0,
jordan,10.0,0,
jordan,10.5,0,
jordan,11.0,0,
jordan,11.5,0,
jordan,12.0,0,
jordan,12.5,0,
jordan,13.0,0,
jordan,13.5,0,
jordan,14.0,0,
jordan,14.5,0,
jordan,15.0,0,
jordan,15.5,0,
jordan,16.0,0,
jordan,16.5,0,
jordan,17.0,0,
jordan,17.5,0,
jordan,18.0,0,
jordan,18.5,0,
jordan,19.0,0,
jordan,19.5,0,
jordan,20.0,0,
jordan,20.5,0,
jordan,21.0,0,
jordan,21.5,0,
jordan,22.0,0,
jordan,22.5,0,
jordan,23.0,0,
jordan,23.5,0,
jordan,24.0,0,
kazakhstan,0.0,0,
kazakhstan,0.5,0,
kazakhstan,1.0,0,
kazakhstan,1.5,0,
kazakhstan,2.0,0,
kazakhstan,2.5,0,
kazakhstan,3.0,0,
kazakhstan,3.5,0,
kazakhstan,4.0,0,
kazakhstan,4.5,0,
kazakhstan,5.0,0,
kazakhstan,5.5,0,
kazakhstan,6.0,0,
kazakhstan,6.5,0,
kazakhstan,7.0,0,
kazakhstan,7.5,0,
kazakhstan,8.0,0,
kazakhstan,8.5,0,
kazakhstan,9.0,0,
kazakhstan,9.5,0,
kazakhstan,10.0,0,
kazakhstan,10.5,0,
kazakhstan,11.0,0,
kazakhstan,11.5,0,
kazakhstan,12.0,0,
kazakhstan,12.5,0,
kazakhstan,13.0,0,
kazakhstan,13.5,0,
kazakhstan,14.0,0,
kazakhstan,14.5,0,
kazakhstan,15.0,0,
kazakhstan,15.5,0,
kazakhstan,16.0,0,
kazakhstan,16.5,0,
kazakhstan,17.0,0,
kazakhstan,17.5,0,
kazakhstan,18.0,0,
kazakhstan,18.5,0,
kazakhstan,19.0,0,
kazakhstan,19.5,0,
kazakhstan,20.0,0,
kazakhstan,20.5,0,
kazakhstan,21.0,0,
kazakhstan,21.5,0,
kazakhstan,22.0,0,
kazakhstan,22.5,0,
kazakhstan,23.0,0,
kazakhstan,23.5,0,
kazakhstan,24.0,0,
kenya,0.0,0,0.4589169945662357
kenya,0.5,0,0.6379762301455071
kenya,1.0,0,0.7028092275590246
kenya,1.5,0,0.7517190140434706
kenya,2.0,0,0.7858827739909876
kenya,2.5,0,0.8150250357007285
kenya,3.0,0,0.8379508311496069
kenya,3.5,0,0.857146023583651
kenya,4.0,0,0.8736950955288556
kenya,4.5,0,0.887682047094052
kenya,5.0,0,0.898776350860189
kenya,5.5,0,0.9074520841710226
kenya,6.0,0,0.915863245327796
kenya,6.5,0,0.9207324617478451
kenya,7.0,0,0.9270833333333334
kenya,7.5,0,0.9342199488491049
kenya,8.0,0,0.937265385052895
kenya,8.5,0,0.9397194490079616
kenya,9.0,0,0.942736545902216
kenya,9.5,0,0.9440307282276398
kenya,10.0,0,0.9461719362424876
kenya,10.5,0,0.9477213098824215
kenya,11.0,0,0.9490063332605372
kenya,11.5,0,0.951189749847468
kenya,12.0,0,0.952211906062261
kenya,12.5,0,0.9535415079969536
kenya,13.0,0,0.954902630679877
kenya,13.5,0,0.9559302548380916
kenya,14.0,0,0.9570077386070507
kenya,14.5,0,0.9571600481347774
kenya,15.0,0,0.9581624282198523
kenya,15.5,0,0.9588400374181478
kenya,16.0,0,0.9589235127478754
kenya,16.5,0,0.9627831715210357
kenya,17.0,0,0.9644997694790226
kenya,17.5,0,0.9641916798314902
kenya,18.0,0,0.9648058252427184
kenya,18.5,0,0.9634317862165963
kenya,19.0,0,0.9613445378151261
kenya,19.5,0,0.9585798816568047
kenya,20.0,0,0.9575971731448764
kenya,20.5,0,0.9557399723374828
kenya,21.0,0,0.9482758620689655
kenya,21.5,0,0.947136563876652
kenya,22.0,0,0.9447513812154696
kenya,22.5,0,0.9525547445255474
kenya,23.0,0,0.9427083333333334
kenya,23.5,0,0.9174311926605505
kenya,24.0,0,0.9038461538461539
kiribati,0.0,0,
kiribati,0.5,0,
kiribati,1.0,0,
kiribati,1.5,0,
kiribati,2.0,0,
kiribati,2.5,0,
kiribati,3.0,0,
kiribati,3.5,0,
kiribati,4.0,0,
kiribati,4.5,0,
kiribati,5.0,0,
kiribati,5.5,0,
kiribati,6.0,0,
kiribati,6.5,0,
kiribati,7.0,0,
kiribati,7.5,0,
kiribati,8.0,0,
kiribati,8.5,0,
kiribati,9.0,0,
kiribati,9.5,0,
kiribati,10.0,0,
kiribati,10.5,0,
kiribati,11.0,0,
kiribati,11.5,0,
kiribati,12.0,0,
kiribati,12.5,0,
kiribati,13.0,0,
kiribati,13.5,0,
kiribati,14.0,0,
kiribati,14.5,0,
kiribati,15.0,0,
kiribati,15.5,0,
kiribati,16.0,0,
kiribati,16.5,0,
kiribati,17.0,0,
kiribati,17.5,0,
kiribati,18.0,0,
kiribati,18.5,0,
kiribati,19.0,0,
kiribati,19.5,0,
kiribati,20.0,0,
kiribati,20.5,0,
kiribati,21.0,0,
kiribati,21.5,0,
kiribati,22.0,0,
kiribati,22.5,0,
kiribati,23.0,0,
kiribati,23.5,0,
kiribati,24.0,0,
kosovo,0.0,0,
kosovo,0.5,0,
kosovo,1.0,0,
kosovo,1.5,0,
kosovo,2.0,0,
kosovo,2.5,0,
kosovo,3.0,0,
kosovo,3.5,0,
kosovo,4.0,0,
kosovo,4.5,0,
kosovo,5.0,0,
kosovo,5.5,0,
kosovo,6.0,0,
kosovo,6.5,0,
kosovo,7.0,0,
kosovo,7.5,0,
kosovo,8.0,0,
kosovo,8.5,0,
kosovo,9.0,0,
kosovo,9.5,0,
kosovo,10.0,0,
kosovo,10.5,0,
kosovo,11.0,0,
kosovo,11.5,0,
kosovo,12.0,0,
kosovo,12.5,0,
kosovo,13.0,0,
kosovo,13.5,0,
kosovo,14.0,0,
kosovo,14.5,0,
kosovo,15.0,0,
kosovo,15.5,0,
kosovo,16.0,0,
kosovo,16.5,0,
kosovo,17.0,0,
kosovo,17.5,0,
kosovo,18.0,0,
kosovo,18.5,0,
kosovo,19.0,0,
kosovo,19.5,0,
kosovo,20.0,0,
kosovo,20.5,0,
kosovo,21.0,0,
kosovo,21.5,0,
kosovo,22.0,0,
kosovo,22.5,0,
kosovo,23.0,0,
kosovo,23.5,0,
kosovo,24.0,0,
kuwait,0.0,0,
kuwait,0.5,0,
kuwait,1.0,0,
kuwait,1.5,0,
kuwait,2.0,0,
kuwait,2.5,0,
kuwait,3.0,0,
kuwait,3.5,0,
kuwait,4.0,0,
kuwait,4.5,0,
kuwait,5.0,0,
kuwait,5.5,0,
kuwait,6.0,0,
kuwait,6.5,0,
kuwait,7.0,0,
kuwait,7.5,0,
kuwait,8.0,0,
kuwait,8.5,0,
kuwait,9.0,0,
kuwait,9.5,0,
kuwait,10.0,0,
kuwait,10.5,0,
kuwait,11.0,0,
kuwait,11.5,0,
kuwait,12.0,0,
kuwait,12.5,0,
kuwait,13.0,0,
kuwait,13.5,0,
kuwait,14.0,0,
kuwait,14.5,0,
kuwait,15.0,0,
kuwait,15.5,0,
kuwait,16.0,0,
kuwait,16.5,0,
kuwait,17.0,0,
kuwait,17.5,0,
kuwait,18.0,0,
kuwait,18.5,0,
kuwait,19.0,0,
kuwait,19.5,0,
kuwait,20.0,0,
kuwait,20.5,0,
kuwait,21.0,0,
kuwait,21.5,0,
kuwait,22.0,0,
kuwait,22.5,0,
kuwait,23.0,0,
kuwait,23.5,0,
kuwait,24.0,0,
kyrgyzstan,0.0,0,
kyrgyzstan,0.5,0,
kyrgyzstan,1.0,0,
kyrgyzstan,1.5,0,
kyrgyzstan,2.0,0,
kyrgyzstan,2.5,0,
kyrgyzstan,3.0,0,
kyrgyzstan,3.5,0,
kyrgyzstan,4.0,0,
kyrgyzstan,4.5,0,
kyrgyzstan,5.0,0,
kyrgyzstan,5.5,0,
kyrgyzstan,6.0,0,
kyrgyzstan,6.5,0,
kyrgyzstan,7.0,0,
kyrgyzstan,7.5,0,
kyrgyzstan,8.0,0,
kyrgyzstan,8.5,0,
kyrgyzstan,9.0,0,
kyrgyzstan,9.5,0,
kyrgyzstan,10.0,0,
kyrgyzstan,10.5,0,
kyrgyzstan,11.0,0,
kyrgyzstan,11.5,0,
kyrgyzstan,12.0,0,
kyrgyzstan,12.5,0,
kyrgyzstan,13.0,0,
kyrgyzstan,13.5,0,
kyrgyzstan,14.0,0,
kyrgyzstan,14.5,0,
kyrgyzstan,15.0,0,
kyrgyzstan,15.5,0,
kyrgyzstan,16.0,0,
kyrgyzstan,16.5,0,
kyrgyzstan,17.0,0,
kyrgyzstan,17.5,0,
kyrgyzstan,18.0,0,
kyrgyzstan,18.5,0,
kyrgyzstan,19.0,0,
kyrgyzstan,19.5,0,
kyrgyzstan,20.0,0,
kyrgyzstan,20.5,0,
kyrgyzstan,21.0,0,
kyrgyzstan,21.5,0,
kyrgyzstan,22.0,0,
kyrgyzstan,22.5,0,
kyrgyzstan,23.0,0,
kyrgyzstan,23.5,0,
kyrgyzstan,24.0,0,
laos,0.0,0,
laos,0.5,0,
laos,1.0,0,
laos,1.5,0,
laos,2.0,0,
laos,2.5,0,
laos,3.0,0,
laos,3.5,0,
laos,4.0,0,
laos,4.5,0,
laos,5.0,0,
laos,5.5,0,
laos,6.0,0,
laos,6.5,0,
laos,7.0,0,
laos,7.5,0,
laos,8.0,0,
laos,8.5,0,
laos,9.0,0,
laos,9.5,0,
laos,10.0,0,
laos,10.5,0,
laos,11.0,0,
laos,11.5,0,
laos,12.0,0,
laos,12.5,0,
laos,13.0,0,
laos,13.5,0,
laos,14.0,0,
laos,14.5,0,
laos,15.0,0,
laos,15.5,0,
laos,16.0,0,
laos,16.5,0,
laos,17.0,0,
laos,17.5,0,
laos,18.0,0,
laos,18.5,0,
laos,19.0,0,
laos,19.5,0,
laos,20.0,0,
laos,20.5,0,
laos,21.0,0,
laos,21.5,0,
laos,22.0,0,
laos,22.5,0,
laos,23.0,0,
laos,23.5,0,
laos,24.0,0,
latvia,0.0,0,
latvia,0.5,0,
latvia,1.0,0,
latvia,1.5,0,
latvia,2.0,0,
latvia,2.5,0,
latvia,3.0,0,
latvia,3.5,0,
latvia,4.0,0,
latvia,4.5,0,
latvia,5.0,0,
latvia,5.5,0,
latvia,6.0,0,
latvia,6.5,0,
latvia,7.0,0,
latvia,7.5,0,
latvia,8.0,0,
latvia,8.5,0,
latvia,9.0,0,
latvia,9.5,0,
latvia,10.0,0,
latvia,10.5,0,
latvia,11.0,0,
latvia,11.5,0,
latvia,12.0,0,
latvia,12.5,0,
latvia,13.0,0,
latvia,13.5,0,
latvia,14.0,0,
latvia,14.5,0,
latvia,15.0,0,
latvia,15.5,0,
latvia,16.0,0,
latvia,16.5,0,
latvia,17.0,0,
latvia,17.5,0,
latvia,18.0,0,
latvia,18.5,0,
latvia,19.0,0,
latvia,19.5,0,
latvia,20.0,0,
latvia,20.5,0,
latvia,21.0,0,
latvia,21.5,0,
latvia,22.0,0,
latvia,22.5,0,
latvia,23.0,0,
latvia,23.5,0,
latvia,24.0,0,
lebanon,0.0,0,
lebanon,0.5,0,
lebanon,1.0,0,
lebanon,1.5,0,
lebanon,2.0,0,
lebanon,2.5,0,
lebanon,3.0,0,
lebanon,3.5,0,
lebanon,4.0,0,
lebanon,4.5,0,
lebanon,5.0,0,
lebanon,5.5,0,
lebanon,6.0,0,
lebanon,6.5,0,
lebanon,7.0,0,
lebanon,7.5,0,
lebanon,8.0,0,
lebanon,8.5,0,
lebanon,9.0,0,
lebanon,9.5,0,
lebanon,10.0,0,
lebanon,10.5,0,
lebanon,11.0,0,
lebanon,11.5,0,
lebanon,12.0,0,
lebanon,12.5,0,
lebanon,13.0,0,
lebanon,13.5,0,
lebanon,14.0,0,
lebanon,14.5,0,
lebanon,15.0,0,
lebanon,15.5,0,
lebanon,16.0,0,
lebanon,16.5,0,
lebanon,17.0,0,
lebanon,17.5,0,
lebanon,18.0,0,
lebanon,18.5,0,
lebanon,19.0,0,
lebanon,19.5,0,
lebanon,20.0,0,
lebanon,20.5,0,
lebanon,21.0,0,
lebanon,21.5,0,
lebanon,22.0,0,
lebanon,22.5,0,
lebanon,23.0,0,
lebanon,23.5,0,
lebanon,24.0,0,
lesotho,0.0,0,0.37117903930131
lesotho,0.5,0,0.6028368794326241
lesotho,1.0,0,0.6495726495726496
lesotho,1.5,0,0.7444444444444445
lesotho,2.0,0,0.8028169014084507
lesotho,2.5,0,0.8166666666666667
lesotho,3.0,0,0.9
lesotho,3.5,0,0.8809523809523809
lesotho,4.0,0,0.8717948717948718
lesotho,4.5,0,0.9696969696969697
lesotho,5.0,0,1.0
lesotho,5.5,0,1.0
lesotho,6.0,0,1.0
lesotho,6.5,0,1.0
lesotho,7.0,0,1.0
lesotho,7.5,0,1.0
lesotho,8.0,0,1.0
lesotho,8.5,0,1.0
lesotho,9.0,0,1.0
lesotho,9.5,0,1.0
lesotho,10.0,0,1.0
lesotho,10.5,0,1.0
lesotho,11.0,0,1.0
lesotho,11.5,0,1.0
lesotho,12.0,0,1.0
lesotho,12.5,0,
lesotho,13.0,0,
lesotho,13.5,0,
lesotho,14.0,0,
lesotho,14.5,0,
lesotho,15.0,0,
lesotho,15.5,0,
lesotho,16.0,0,
lesotho,16.5,0,
lesotho,17.0,0,
lesotho,17.5,0,
lesotho,18.0,0,
lesotho,18.5,0,
lesotho,19.0,0,
lesotho,19.5,0,
lesotho,20.0,0,
lesotho,20.5,0,
lesotho,21.0,0,
lesotho,21.5,0,
lesotho,22.0,0,
lesotho,22.5,0,
lesotho,23.0,0,
lesotho,23.5,0,
lesotho,24.0,0,
liberia,0.0,0,
liberia,0.5,0,
liberia,1.0,0,
liberia,1.5,0,
liberia,2.0,0,
liberia,2.5,0,
liberia,3.0,0,
liberia,3.5,0,
liberia,4.0,0,
liberia,4.5,0,
liberia,5.0,0,
liberia,5.5,0,
liberia,6.0,0,
liberia,6.5,0,
liberia,7.0,0,
liberia,7.5,0,
liberia,8.0,0,
liberia,8.5,0,
liberia,9.0,0,
liberia,9.5,0,
liberia,10.0,0,
liberia,10.5,0,
liberia,11.0,0,
liberia,11.5,0,
liberia,12.0,0,
liberia,12.5,0,
liberia,13.0,0,
liberia,13.5,0,
liberia,14.0,0,
liberia,14.5,0,
liberia,15.0,0,
liberia,15.5,0,
liberia,16.0,0,
liberia,16.5,0,
liberia,17.0,0,
liberia,17.5,0,
liberia,18.0,0,
liberia,18.5,0,
liberia,19.0,0,
liberia,19.5,0,
liberia,20.0,0,
liberia,20.5,0,
liberia,21.0,0,
liberia,21.5,0,
liberia,22.0,0,
liberia,22.5,0,
liberia,23.0,0,
liberia,23.5,0,
liberia,24.0,0,
libya,0.0,0,
libya,0.5,0,
libya,1.0,0,
libya,1.5,0,
libya,2.0,0,
libya,2.5,0,
libya,3.0,0,
libya,3.5,0,
libya,4.0,0,
libya,4.5,0,
libya,5.0,0,
libya,5.5,0,
libya,6.0,0,
libya,6.5,0,
libya,7.0,0,
libya,7.5,0,
libya,8.0,0,
libya,8.5,0,
libya,9.0,0,
libya,9.5,0,
libya,10.0,0,
libya,10.5,0,
libya,11.0,0,
libya,11.5,0,
libya,12.0,0,
libya,12.5,0,
libya,13.0,0,
libya,13.5,0,
libya,14.0,0,
libya,14.5,0,
libya,15.0,0,
libya,15.5,0,
libya,16.0,0,
libya,16.5,0,
libya,17.0,0,
libya,17.5,0,
libya,18.0,0,
libya,18.5,0,
libya,19.0,0,
libya,19.5,0,
libya,20.0,0,
libya,20.5,0,
libya,21.0,0,
libya,21.5,0,
libya,22.0,0,
libya,22.5,0,
libya,23.0,0,
libya,23.5,0,
libya,24.0,0,
lithuania,0.0,0,
lithuania,0.5,0,
lithuania,1.0,0,
lithuania,1.5,0,
lithuania,2.0,0,
lithuania,2.5,0,
lithuania,3.0,0,
lithuania,3.5,0,
lithuania,4.0,0,
lithuania,4.5,0,
lithuania,5.0,0,
lithuania,5.5,0,
lithuania,6.0,0,
lithuania,6.5,0,
lithuania,7.0,0,
lithuania,7.5,0,
lithuania,8.0,0,
lithuania,8.5,0,
lithuania,9.0,0,
lithuania,9.5,0,
lithuania,10.0,0,
lithuania,10.5,0,
lithuania,11.0,0,
lithuania,11.5,0,
lithuania,12.0,0,
lithuania,12.5,0,
lithuania,13.0,0,
lithuania,13.5,0,
lithuania,14.0,0,
lithuania,14.5,0,
lithuania,15.0,0,
lithuania,15.5,0,
lithuania,16.0,0,
lithuania,16.5,0,
lithuania,17.0,0,
lithuania,17.5,0,
lithuania,18.0,0,
lithuania,18.5,0,
lithuania,19.0,0,
lithuania,19.5,0,
lithuania,20.0,0,
lithuania,20.5,0,
lithuania,21.0,0,
lithuania,21.5,0,
lithuania,22.0,0,
lithuania,22.5,0,
lithuania,23.0,0,
lithuania,23.5,0,
lithuania,24.0,0,
luxembourg,0.0,0,
luxembourg,0.5,0,
luxembourg,1.0,0,
luxembourg,1.5,0,
luxembourg,2.0,0,
luxembourg,2.5,0,
luxembourg,3.0,0,
luxembourg,3.5,0,
luxembourg,4.0,0,
luxembourg,4.5,0,
luxembourg,5.0,0,
luxembourg,5.5,0,
luxembourg,6.0,0,
luxembourg,6.5,0,
luxembourg,7.0,0,
luxembourg,7.5,0,
luxembourg,8.0,0,
luxembourg,8.5,0,
luxembourg,9.0,0,
luxembourg,9.5,0,
luxembourg,10.0,0,
luxembourg,10.5,0,
luxembourg,11.0,0,
luxembourg,11.5,0,
luxembourg,12.0,0,
luxembourg,12.5,0,
luxembourg,13.0,0,
luxembourg,13.5,0,
luxembourg,14.0,0,
luxembourg,14.5,0,
luxembourg,15.0,0,
luxembourg,15.5,0,
luxembourg,16.0,0,
luxembourg,16.5,0,
luxembourg,17.0,0,
luxembourg,17.5,0,
luxembourg,18.0,0,
luxembourg,18.5,0,
luxembourg,19.0,0,
luxembourg,19.5,0,
luxembourg,20.0,0,
luxembourg,20.5,0,
luxembourg,21.0,0,
luxembourg,21.5,0,
luxembourg,22.0,0,
luxembourg,22.5,0,
luxembourg,23.0,0,
luxembourg,23.5,0,
luxembourg,24.0,0,
madagascar,0.0,0,0.2663382594417077
madagascar,0.5,0,0.5061969993476843
madagascar,1.0,0,0.5957446808510638
madagascar,1.5,0,0.6414762741652021
madagascar,2.0,0,0.6653771760154739
madagascar,2.5,0,0.6992639327024185
madagascar,3.0,0,0.7406976744186047
madagascar,3.5,0,0.772785622593068
madagascar,4.0,0,0.7970027247956403
madagascar,4.5,0,0.8235294117647058
madagascar,5.0,0,0.8309636650868878
madagascar,5.5,0,0.8510998307952623
madagascar,6.0,0,0.8706739526411658
madagascar,6.5,0,0.875
madagascar,7.0,0,0.8774617067833698
madagascar,7.5,0,0.8938679245283019
madagascar,8.0,0,0.9088607594936708
madagascar,8.5,0,0.9118457300275482
madagascar,9.0,0,0.9357798165137615
madagascar,9.5,0,0.9562289562289562
madagascar,10.0,0,0.9676258992805755
madagascar,10.5,0,0.9755102040816327
madagascar,11.0,0,0.982532751091703
madagascar,11.5,0,0.9817351598173516
madagascar,12.0,0,0.98
madagascar,12.5,0,0.9781420765027322
madagascar,13.0,0,0.9754601226993865
madagascar,13.5,0,0.9801324503311258
madagascar,14.0,0,0.9784172661870504
madagascar,14.5,0,0.9769230769230769
madagascar,15.0,0,0.9827586206896551
madagascar,15.5,0,0.9807692307692307
madagascar,16.0,0,0.98989898989899
madagascar,16.5,0,1.0
madagascar,17.0,0,1.0
madagascar,17.5,0,1.0
madagascar,18.0,0,1.0
madagascar,18.5,0,1.0
madagascar,19.0,0,1.0
madagascar,19.5,0,1.0
madagascar,20.0,0,1.0
madagascar,20.5,0,1.0
madagascar,21.0,0,1.0
madagascar,21.5,0,1.0
madagascar,22.0,0,1.0
madagascar,22.5,0,1.0
madagascar,23.0,0,1.0
madagascar,23.5,0,1.0
madagascar,24.0,0,1.0
malawi,0.0,0,0.3698630136986301
malawi,0.5,0,0.6833557724671828
malawi,1.0,0,0.7531104199066874
malawi,1.5,0,0.7890776177166201
malawi,2.0,0,0.8235363411473672
malawi,2.5,0,0.8470331363986643
malawi,3.0,0,0.8667230205691744
malawi,3.5,0,0.8833358883949103
malawi,4.0,0,0.8976627712854758
malawi,4.5,0,0.9118780980356159
malawi,5.0,0,0.9224172317510969
malawi,5.5,0,0.9296892219528323
malawi,6.0,0,0.9386917692493363
malawi,6.5,0,0.9465383587276129
malawi,7.0,0,0.9543983524566049
malawi,7.5,0,0.9576133029018585
malawi,8.0,0,0.9599422591122339
malawi,8.5,0,0.9649960222752586
malawi,9.0,0,0.9698162729658792
malawi,9.5,0,0.9724903474903475
malawi,10.0,0,0.9739638682252922
malawi,10.5,0,0.9737914967967385
malawi,11.0,0,0.9746917585983128
malawi,11.5,0,0.9761904761904762
malawi,12.0,0,0.9753772835583797
malawi,12.5,0,0.9751552795031055
malawi,13.0,0,0.9767676767676767
malawi,13.5,0,0.9762174405436014
malawi,14.0,0,0.9744572158365262
malawi,14.5,0,0.973314606741573
malawi,15.0,0,0.9741935483870968
malawi,15.5,0,0.9716981132075472
malawi,16.0,0,0.9826086956521739
malawi,16.5,0,0.9898734177215189
malawi,17.0,0,0.9909365558912386
malawi,17.5,0,0.9928825622775801
malawi,18.0,0,0.9961089494163424
malawi,18.5,0,0.9954954954954955
malawi,19.0,0,0.9947089947089947
malawi,19.5,0,0.9936708860759493
malawi,20.0,0,0.9925925925925926
malawi,20.5,0,1.0
malawi,21.0,0,1.0
malawi,21.5,0,1.0
malawi,22.0,0,1.0
malawi,22.5,0,1.0
malawi,23.0,0,1.0
malawi,23.5,0,1.0
malawi,24.0,0,1.0
malaysia,0.0,0,
malaysia,0.5,0,
malaysia,1.0,0,
malaysia,1.5,0,
malaysia,2.0,0,
malaysia,2.5,0,
malaysia,3.0,0,
malaysia,3.5,0,
malaysia,4.0,0,
malaysia,4.5,0,
malaysia,5.0,0,
malaysia,5.5,0,
malaysia,6.0,0,
malaysia,6.5,0,
malaysia,7.0,0,
malaysia,7.5,0,
malaysia,8.0,0,
malaysia,8.5,0,
malaysia,9.0,0,
malaysia,9.5,0,
malaysia,10.0,0,
malaysia,10.5,0,
malaysia,11.0,0,
malaysia,11.5,0,
malaysia,12.0,0,
malaysia,12.5,0,
malaysia,13.0,0,
malaysia,13.5,0,
malaysia,14.0,0,
malaysia,14.5,0,
malaysia,15.0,0,
malaysia,15.5,0,
malaysia,16.0,0,
malaysia,16.5,0,
malaysia,17.0,0,
malaysia,17.5,0,
malaysia,18.0,0,
malaysia,18.5,0,
malaysia,19.0,0,
malaysia,19.5,0,
malaysia,20.0,0,
malaysia,20.5,0,
malaysia,21.0,0,
malaysia,21.5,0,
malaysia,22.0,0,
malaysia,22.5,0,
malaysia,23.0,0,
malaysia,23.5,0,
malaysia,24.0,0,
mali,0.0,0,0.36314968967850103
mali,0.5,0,0.6830954254243004
mali,1.0,0,0.7358889787790155
mali,1.5,0,0.7752694732560504
mali,2.0,0,0.8089228059876724
mali,2.5,0,0.8326734241368388
mali,3.0,0,0.8559890015466575
mali,3.5,0,0.8752577319587629
mali,4.0,0,0.8876118795768918
mali,4.5,0,0.9014630902238971
mali,5.0,0,0.9100619007161064
mali,5.5,0,0.9163319946452476
mali,6.0,0,0.9244509516837481
mali,6.5,0,0.9304514276599138
mali,7.0,0,0.9380484380484381
mali,7.5,0,0.9412333268896191
mali,8.0,0,0.9423489069867124
mali,8.5,0,0.9483870967741935
mali,9.0,0,0.9511609287429944
mali,9.5,0,0.9505510872803098
mali,10.0,0,0.9531513313110886
mali,10.5,0,0.9546153846153846
mali,11.0,0,0.9538991813873331
mali,11.5,0,0.9588033349681216
mali,12.0,0,0.9598238855255916
mali,12.5,0,0.9607602697731453
mali,13.0,0,0.9602510460251046
mali,13.5,0,0.9578783151326054
mali,14.0,0,0.9542656112576957
mali,14.5,0,0.952047952047952
mali,15.0,0,0.9523269012485811
mali,15.5,0,0.9498069498069498
mali,16.0,0,0.9460269865067467
mali,16.5,0,0.9403747870528109
mali,17.0,0,0.935672514619883
mali,17.5,0,0.9406392694063926
mali,18.0,0,0.938337801608579
mali,18.5,0,0.9341692789968652
mali,19.0,0,0.9280575539568345
mali,19.5,0,0.9304347826086956
mali,20.0,0,0.9308510638297872
mali,20.5,0,0.9133333333333333
mali,21.0,0,0.9193548387096774
mali,21.5,0,0.9090909090909091
mali,22.0,0,0.891566265060241
mali,22.5,0,0.9047619047619048
mali,23.0,0,0.8809523809523809
mali,23.5,0,0.8421052631578947
mali,24.0,0,0.8571428571428571
mauritania,0.0,0,
mauritania,0.5,0,
mauritania,1.0,0,
mauritania,1.5,0,
mauritania,2.0,0,
mauritania,2.5,0,
mauritania,3.0,0,
mauritania,3.5,0,
mauritania,4.0,0,
mauritania,4.5,0,
mauritania,5.0,0,
mauritania,5.5,0,
mauritania,6.0,0,
mauritania,6.5,0,
mauritania,7.0,0,
mauritania,7.5,0,
mauritania,8.0,0,
mauritania,8.5,0,
mauritania,9.0,0,
mauritania,9.5,0,
mauritania,10.0,0,
mauritania,10.5,0,
mauritania,11.0,0,
mauritania,11.5,0,
mauritania,12.0,0,
mauritania,12.5,0,
mauritania,13.0,0,
mauritania,13.5,0,
mauritania,14.0,0,
mauritania,14.5,0,
mauritania,15.0,0,
mauritania,15.5,0,
mauritania,16.0,0,
mauritania,16.5,0,
mauritania,17.0,0,
mauritania,17.5,0,
mauritania,18.0,0,
mauritania,18.5,0,
mauritania,19.0,0,
mauritania,19.5,0,
mauritania,20.0,0,
mauritania,20.5,0,
mauritania,21.0,0,
mauritania,21.5,0,
mauritania,22.0,0,
mauritania,22.5,0,
mauritania,23.0,0,
mauritania,23.5,0,
mauritania,24.0,0,
mauritius,0.0,0,
mauritius,0.5,0,
mauritius,1.0,0,
mauritius,1.5,0,
mauritius,2.0,0,
mauritius,2.5,0,
mauritius,3.0,0,
mauritius,3.5,0,
mauritius,4.0,0,
mauritius,4.5,0,
mauritius,5.0,0,
mauritius,5.5,0,
mauritius,6.0,0,
mauritius,6.5,0,
mauritius,7.0,0,
mauritius,7.5,0,
mauritius,8.0,0,
mauritius,8.5,0,
mauritius,9.0,0,
mauritius,9.5,0,
mauritius,10.0,0,
mauritius,10.5,0,
mauritius,11.0,0,
mauritius,11.5,0,
mauritius,12.0,0,
mauritius,12.5,0,
mauritius,13.0,0,
mauritius,13.5,0,
mauritius,14.0,0,
mauritius,14.5,0,
mauritius,15.0,0,
mauritius,15.5,0,
mauritius,16.0,0,
mauritius,16.5,0,
mauritius,17.0,0,
mauritius,17.5,0,
mauritius,18.0,0,
mauritius,18.5,0,
mauritius,19.0,0,
mauritius,19.5,0,
mauritius,20.0,0,
mauritius,20.5,0,
mauritius,21.0,0,
mauritius,21.5,0,
mauritius,22.0,0,
mauritius,22.5,0,
mauritius,23.0,0,
mauritius,23.5,0,
mauritius,24.0,0,
mexico,0.0,0,
mexico,0.5,0,
mexico,1.0,0,
mexico,1.5,0,
mexico,2.0,0,
mexico,2.5,0,
mexico,3.0,0,
mexico,3.5,0,
mexico,4.0,0,
mexico,4.5,0,
mexico,5.0,0,
mexico,5.5,0,
mexico,6.0,0,
mexico,6.5,0,
mexico,7.0,0,
mexico,7.5,0,
mexico,8.0,0,
mexico,8.5,0,
mexico,9.0,0,
mexico,9.5,0,
mexico,10.0,0,
mexico,10.5,0,
mexico,11.0,0,
mexico,11.5,0,
mexico,12.0,0,
mexico,12.5,0,
mexico,13.0,0,
mexico,13.5,0,
mexico,14.0,0,
mexico,14.5,0,
mexico,15.0,0,
mexico,15.5,0,
mexico,16.0,0,
mexico,16.5,0,
mexico,17.0,0,
mexico,17.5,0,
mexico,18.0,0,
mexico,18.5,0,
mexico,19.0,0,
mexico,19.5,0,
mexico,20.0,0,
mexico,20.5,0,
mexico,21.0,0,
mexico,21.5,0,
mexico,22.0,0,
mexico,22.5,0,
mexico,23.0,0,
mexico,23.5,0,
mexico,24.0,0,
moldova,0.0,0,
moldova,0.5,0,
moldova,1.0,0,
moldova,1.5,0,
moldova,2.0,0,
moldova,2.5,0,
moldova,3.0,0,
moldova,3.5,0,
moldova,4.0,0,
moldova,4.5,0,
moldova,5.0,0,
moldova,5.5,0,
moldova,6.0,0,
moldova,6.5,0,
moldova,7.0,0,
moldova,7.5,0,
moldova,8.0,0,
moldova,8.5,0,
moldova,9.0,0,
moldova,9.5,0,
moldova,10.0,0,
moldova,10.5,0,
moldova,11.0,0,
moldova,11.5,0,
moldova,12.0,0,
moldova,12.5,0,
moldova,13.0,0,
moldova,13.5,0,
moldova,14.0,0,
moldova,14.5,0,
moldova,15.0,0,
moldova,15.5,0,
moldova,16.0,0,
moldova,16.5,0,
moldova,17.0,0,
moldova,17.5,0,
moldova,18.0,0,
moldova,18.5,0,
moldova,19.0,0,
moldova,19.5,0,
moldova,20.0,0,
moldova,20.5,0,
moldova,21.0,0,
moldova,21.5,0,
moldova,22.0,0,
moldova,22.5,0,
moldova,23.0,0,
moldova,23.5,0,
moldova,24.0,0,
mongolia,0.0,0,
mongolia,0.5,0,
mongolia,1.0,0,
mongolia,1.5,0,
mongolia,2.0,0,
mongolia,2.5,0,
mongolia,3.0,0,
mongolia,3.5,0,
mongolia,4.0,0,
mongolia,4.5,0,
mongolia,5.0,0,
mongolia,5.5,0,
mongolia,6.0,0,
mongolia,6.5,0,
mongolia,7.0,0,
mongolia,7.5,0,
mongolia,8.0,0,
mongolia,8.5,0,
mongolia,9.0,0,
mongolia,9.5,0,
mongolia,10.0,0,
mongolia,10.5,0,
mongolia,11.0,0,
mongolia,11.5,0,
mongolia,12.0,0,
mongolia,12.5,0,
mongolia,13.0,0,
mongolia,13.5,0,
mongolia,14.0,0,
mongolia,14.5,0,
mongolia,15.0,0,
mongolia,15.5,0,
mongolia,16.0,0,
mongolia,16.5,0,
mongolia,17.0,0,
mongolia,17.5,0,
mongolia,18.0,0,
mongolia,18.5,0,
mongolia,19.0,0,
mongolia,19.5,0,
mongolia,20.0,0,
mongolia,20.5,0,
mongolia,21.0,0,
mongolia,21.5,0,
mongolia,22.0,0,
mongolia,22.5,0,
mongolia,23.0,0,
mongolia,23.5,0,
mongolia,24.0,0,
montenegro,0.0,0,
montenegro,0.5,0,
montenegro,1.0,0,
montenegro,1.5,0,
montenegro,2.0,0,
montenegro,2.5,0,
montenegro,3.0,0,
montenegro,3.5,0,
montenegro,4.0,0,
montenegro,4.5,0,
montenegro,5.0,0,
montenegro,5.5,0,
montenegro,6.0,0,
montenegro,6.5,0,
montenegro,7.0,0,
montenegro,7.5,0,
montenegro,8.0,0,
montenegro,8.5,0,
montenegro,9.0,0,
montenegro,9.5,0,
montenegro,10.0,0,
montenegro,10.5,0,
montenegro,11.0,0,
montenegro,11.5,0,
montenegro,12.0,0,
montenegro,12.5,0,
montenegro,13.0,0,
montenegro,13.5,0,
montenegro,14.0,0,
montenegro,14.5,0,
montenegro,15.0,0,
montenegro,15.5,0,
montenegro,16.0,0,
montenegro,16.5,0,
montenegro,17.0,0,
montenegro,17.5,0,
montenegro,18.0,0,
montenegro,18.5,0,
montenegro,19.0,0,
montenegro,19.5,0,
montenegro,20.0,0,
montenegro,20.5,0,
montenegro,21.0,0,
montenegro,21.5,0,
montenegro,22.0,0,
montenegro,22.5,0,
montenegro,23.0,0,
montenegro,23.5,0,
montenegro,24.0,0,
morocco,0.0,0,
morocco,0.5,0,
morocco,1.0,0,
morocco,1.5,0,
morocco,2.0,0,
morocco,2.5,0,
morocco,3.0,0,
morocco,3.5,0,
morocco,4.0,0,
morocco,4.5,0,
morocco,5.0,0,
morocco,5.5,0,
morocco,6.0,0,
morocco,6.5,0,
morocco,7.0,0,
morocco,7.5,0,
morocco,8.0,0,
morocco,8.5,0,
morocco,9.0,0,
morocco,9.5,0,
morocco,10.0,0,
morocco,10.5,0,
morocco,11.0,0,
morocco,11.5,0,
morocco,12.0,0,
morocco,12.5,0,
morocco,13.0,0,
morocco,13.5,0,
morocco,14.0,0,
morocco,14.5,0,
morocco,15.0,0,
morocco,15.5,0,
morocco,16.0,0,
morocco,16.5,0,
morocco,17.0,0,
morocco,17.5,0,
morocco,18.0,0,
morocco,18.5,0,
morocco,19.0,0,
morocco,19.5,0,
morocco,20.0,0,
morocco,20.5,0,
morocco,21.0,0,
morocco,21.5,0,
morocco,22.0,0,
morocco,22.5,0,
morocco,23.0,0,
morocco,23.5,0,
morocco,24.0,0,
mozambique,0.0,0,0.37185120093731694
mozambique,0.5,0,0.6578359399936163
mozambique,1.0,0,0.7004109077325364
mozambique,1.5,0,0.7459554000874508
mozambique,2.0,0,0.7797619047619048
mozambique,2.5,0,0.7985690698954321
mozambique,3.0,0,0.8240684178375076
mozambique,3.5,0,0.8453678474114441
mozambique,4.0,0,0.8627748294162244
mozambique,4.5,0,0.8868398994132439
mozambique,5.0,0,0.9059360730593607
mozambique,5.5,0,0.9180819180819181
mozambique,6.0,0,0.924892703862661
mozambique,6.5,0,0.9298850574712644
mozambique,7.0,0,0.9334975369458128
mozambique,7.5,0,0.935656836461126
mozambique,8.0,0,0.9339080459770115
mozambique,8.5,0,0.9364069952305246
mozambique,9.0,0,0.9369369369369369
mozambique,9.5,0,0.9368836291913215
mozambique,10.0,0,0.9451754385964912
mozambique,10.5,0,0.9547619047619048
mozambique,11.0,0,0.9661458333333334
mozambique,11.5,0,0.9715099715099715
mozambique,12.0,0,0.9724770642201835
mozambique,12.5,0,0.9732441471571907
mozambique,13.0,0,0.9739776951672863
mozambique,13.5,0,0.9875
mozambique,14.0,0,0.9867256637168141
mozambique,14.5,0,0.9850746268656716
mozambique,15.0,0,0.9824561403508771
mozambique,15.5,0,0.9797297297297297
mozambique,16.0,0,0.9777777777777777
mozambique,16.5,0,0.975609756097561
mozambique,17.0,0,0.9716981132075472
mozambique,17.5,0,0.9647058823529412
mozambique,18.0,0,0.9864864864864865
mozambique,18.5,0,0.9859154929577465
mozambique,19.0,0,0.9846153846153847
mozambique,19.5,0,1.0
mozambique,20.0,0,1.0
mozambique,20.5,0,1.0
mozambique,21.0,0,1.0
mozambique,21.5,0,1.0
mozambique,22.0,0,1.0
mozambique,22.5,0,1.0
mozambique,23.0,0,1.0
mozambique,23.5,0,1.0
mozambique,24.0,0,1.0
myanmar,0.0,0,
myanmar,0.5,0,
myanmar,1.0,0,
myanmar,1.5,0,
myanmar,2.0,0,
myanmar,2.5,0,
myanmar,3.0,0,
myanmar,3.5,0,
myanmar,4.0,0,
myanmar,4.5,0,
myanmar,5.0,0,
myanmar,5.5,0,
myanmar,6.0,0,
myanmar,6.5,0,
myanmar,7.0,0,
myanmar,7.5,0,
myanmar,8.0,0,
myanmar,8.5,0,
myanmar,9.0,0,
myanmar,9.5,0,
myanmar,10.0,0,
myanmar,10.5,0,
myanmar,11.0,0,
myanmar,11.5,0,
myanmar,12.0,0,
myanmar,12.5,0,
myanmar,13.0,0,
myanmar,13.5,0,
myanmar,14.0,0,
myanmar,14.5,0,
myanmar,15.0,0,
myanmar,15.5,0,
myanmar,16.0,0,
myanmar,16.5,0,
myanmar,17.0,0,
myanmar,17.5,0,
myanmar,18.0,0,
myanmar,18.5,0,
myanmar,19.0,0,
myanmar,19.5,0,
myanmar,20.0,0,
myanmar,20.5,0,
myanmar,21.0,0,
myanmar,21.5,0,
myanmar,22.0,0,
myanmar,22.5,0,
myanmar,23.0,0,
myanmar,23.5,0,
myanmar,24.0,0,
namibia,0.0,0,
namibia,0.5,0,
namibia,1.0,0,
namibia,1.5,0,
namibia,2.0,0,
namibia,2.5,0,
namibia,3.0,0,
namibia,3.5,0,
namibia,4.0,0,
namibia,4.5,0,
namibia,5.0,0,
namibia,5.5,0,
namibia,6.0,0,
namibia,6.5,0,
namibia,7.0,0,
namibia,7.5,0,
namibia,8.0,0,
namibia,8.5,0,
namibia,9.0,0,
namibia,9.5,0,
namibia,10.0,0,
namibia,10.5,0,
namibia,11.0,0,
namibia,11.5,0,
namibia,12.0,0,
namibia,12.5,0,
namibia,13.0,0,
namibia,13.5,0,
namibia,14.0,0,
namibia,14.5,0,
namibia,15.0,0,
namibia,15.5,0,
namibia,16.0,0,
namibia,16.5,0,
namibia,17.0,0,
namibia,17.5,0,
namibia,18.0,0,
namibia,18.5,0,
namibia,19.0,0,
namibia,19.5,0,
namibia,20.0,0,
namibia,20.5,0,
namibia,21.0,0,
namibia,21.5,0,
namibia,22.0,0,
namibia,22.5,0,
namibia,23.0,0,
namibia,23.5,0,
namibia,24.0,0,
nepal,0.0,0,
nepal,0.5,0,
nepal,1.0,0,
nepal,1.5,0,
nepal,2.0,0,
nepal,2.5,0,
nepal,3.0,0,
nepal,3.5,0,
nepal,4.0,0,
nepal,4.5,0,
nepal,5.0,0,
nepal,5.5,0,
nepal,6.0,0,
nepal,6.5,0,
nepal,7.0,0,
nepal,7.5,0,
nepal,8.0,0,
nepal,8.5,0,
nepal,9.0,0,
nepal,9.5,0,
nepal,10.0,0,
nepal,10.5,0,
nepal,11.0,0,
nepal,11.5,0,
nepal,12.0,0,
nepal,12.5,0,
nepal,13.0,0,
nepal,13.5,0,
nepal,14.0,0,
nepal,14.5,0,
nepal,15.0,0,
nepal,15.5,0,
nepal,16.0,0,
nepal,16.5,0,
nepal,17.0,0,
nepal,17.5,0,
nepal,18.0,0,
nepal,18.5,0,
nepal,19.0,0,
nepal,19.5,0,
nepal,20.0,0,
nepal,20.5,0,
nepal,21.0,0,
nepal,21.5,0,
nepal,22.0,0,
nepal,22.5,0,
nepal,23.0,0,
nepal,23.5,0,
nepal,24.0,0,
netherlands,0.0,0,
netherlands,0.5,0,
netherlands,1.0,0,
netherlands,1.5,0,
netherlands,2.0,0,
netherlands,2.5,0,
netherlands,3.0,0,
netherlands,3.5,0,
netherlands,4.0,0,
netherlands,4.5,0,
netherlands,5.0,0,
netherlands,5.5,0,
netherlands,6.0,0,
netherlands,6.5,0,
netherlands,7.0,0,
netherlands,7.5,0,
netherlands,8.0,0,
netherlands,8.5,0,
netherlands,9.0,0,
netherlands,9.5,0,
netherlands,10.0,0,
netherlands,10.5,0,
netherlands,11.0,0,
netherlands,11.5,0,
netherlands,12.0,0,
netherlands,12.5,0,
netherlands,13.0,0,
netherlands,13.5,0,
netherlands,14.0,0,
netherlands,14.5,0,
netherlands,15.0,0,
netherlands,15.5,0,
netherlands,16.0,0,
netherlands,16.5,0,
netherlands,17.0,0,
netherlands,17.5,0,
netherlands,18.0,0,
netherlands,18.5,0,
netherlands,19.0,0,
netherlands,19.5,0,
netherlands,20.0,0,
netherlands,20.5,0,
netherlands,21.0,0,
netherlands,21.5,0,
netherlands,22.0,0,
netherlands,22.5,0,
netherlands,23.0,0,
netherlands,23.5,0,
netherlands,24.0,0,
new_caledonia,0.0,0,
new_caledonia,0.5,0,
new_caledonia,1.0,0,
new_caledonia,1.5,0,
new_caledonia,2.0,0,
new_caledonia,2.5,0,
new_caledonia,3.0,0,
new_caledonia,3.5,0,
new_caledonia,4.0,0,
new_caledonia,4.5,0,
new_caledonia,5.0,0,
new_caledonia,5.5,0,
new_caledonia,6.0,0,
new_caledonia,6.5,0,
new_caledonia,7.0,0,
new_caledonia,7.5,0,
new_caledonia,8.0,0,
new_caledonia,8.5,0,
new_caledonia,9.0,0,
new_caledonia,9.5,0,
new_caledonia,10.0,0,
new_caledonia,10.5,0,
new_caledonia,11.0,0,
new_caledonia,11.5,0,
new_caledonia,12.0,0,
new_caledonia,12.5,0,
new_caledonia,13.0,0,
new_caledonia,13.5,0,
new_caledonia,14.0,0,
new_caledonia,14.5,0,
new_caledonia,15.0,0,
new_caledonia,15.5,0,
new_caledonia,16.0,0,
new_caledonia,16.5,0,
new_caledonia,17.0,0,
new_caledonia,17.5,0,
new_caledonia,18.0,0,
new_caledonia,18.5,0,
new_caledonia,19.0,0,
new_caledonia,19.5,0,
new_caledonia,20.0,0,
new_caledonia,20.5,0,
new_caledonia,21.0,0,
new_caledonia,21.5,0,
new_caledonia,22.0,0,
new_caledonia,22.5,0,
new_caledonia,23.0,0,
new_caledonia,23.5,0,
new_caledonia,24.0,0,
new_zealand,0.0,0,
new_zealand,0.5,0,
new_zealand,1.0,0,
new_zealand,1.5,0,
new_zealand,2.0,0,
new_zealand,2.5,0,
new_zealand,3.0,0,
new_zealand,3.5,0,
new_zealand,4.0,0,
new_zealand,4.5,0,
new_zealand,5.0,0,
new_zealand,5.5,0,
new_zealand,6.0,0,
new_zealand,6.5,0,
new_zealand,7.0,0,
new_zealand,7.5,0,
new_zealand,8.0,0,
new_zealand,8.5,0,
new_zealand,9.0,0,
new_zealand,9.5,0,
new_zealand,10.0,0,
new_zealand,10.5,0,
new_zealand,11.0,0,
new_zealand,11.5,0,
new_zealand,12.0,0,
new_zealand,12.5,0,
new_zealand,13.0,0,
new_zealand,13.5,0,
new_zealand,14.0,0,
new_zealand,14.5,0,
new_zealand,15.0,0,
new_zealand,15.5,0,
new_zealand,16.0,0,
new_zealand,16.5,0,
new_zealand,17.0,0,
new_zealand,17.5,0,
new_zealand,18.0,0,
new_zealand,18.5,0,
new_zealand,19.0,0,
new_zealand,19.5,0,
new_zealand,20.0,0,
new_zealand,20.5,0,
new_zealand,21.0,0,
new_zealand,21.5,0,
new_zealand,22.0,0,
new_zealand,22.5,0,
new_zealand,23.0,0,
new_zealand,23.5,0,
new_zealand,24.0,0,
nicaragua,0.0,0,
nicaragua,0.5,0,
nicaragua,1.0,0,
nicaragua,1.5,0,
nicaragua,2.0,0,
nicaragua,2.5,0,
nicaragua,3.0,0,
nicaragua,3.5,0,
nicaragua,4.0,0,
nicaragua,4.5,0,
nicaragua,5.0,0,
nicaragua,5.5,0,
nicaragua,6.0,0,
nicaragua,6.5,0,
nicaragua,7.0,0,
nicaragua,7.5,0,
nicaragua,8.0,0,
nicaragua,8.5,0,
nicaragua,9.0,0,
nicaragua,9.5,0,
nicaragua,10.0,0,
nicaragua,10.5,0,
nicaragua,11.0,0,
nicaragua,11.5,0,
nicaragua,12.0,0,
nicaragua,12.5,0,
nicaragua,13.0,0,
nicaragua,13.5,0,
nicaragua,14.0,0,
nicaragua,14.5,0,
nicaragua,15.0,0,
nicaragua,15.5,0,
nicaragua,16.0,0,
nicaragua,16.5,0,
nicaragua,17.0,0,
nicaragua,17.5,0,
nicaragua,18.0,0,
nicaragua,18.5,0,
nicaragua,19.0,0,
nicaragua,19.5,0,
nicaragua,20.0,0,
nicaragua,20.5,0,
nicaragua,21.0,0,
nicaragua,21.5,0,
nicaragua,22.0,0,
nicaragua,22.5,0,
nicaragua,23.0,0,
nicaragua,23.5,0,
nicaragua,24.0,0,
niger,0.0,0,0.2538217479088549
niger,0.5,0,0.6872741870734644
niger,1.0,0,0.740907049842838
niger,1.5,0,0.7841691248770895
niger,2.0,0,0.8152173913043478
niger,2.5,0,0.8477737665463297
niger,3.0,0,0.8683155080213903
niger,3.5,0,0.8943028485757122
niger,4.0,0,0.9040867389491243
niger,4.5,0,0.9167437557816837
niger,5.0,0,0.9218274111675127
niger,5.5,0,0.9276169265033407
niger,6.0,0,0.9396984924623115
niger,6.5,0,0.9385474860335196
niger,7.0,0,0.9399075500770416
niger,7.5,0,0.9345132743362832
niger,8.0,0,0.9431072210065645
niger,8.5,0,0.9407407407407408
niger,9.0,0,0.9502762430939227
niger,9.5,0,0.9609120521172638
niger,10.0,0,0.9575289575289575
niger,10.5,0,0.9773755656108597
niger,11.0,0,0.9845360824742269
niger,11.5,0,0.9824561403508771
niger,12.0,0,0.9785714285714285
niger,12.5,0,0.984375
niger,13.0,0,0.9821428571428571
niger,13.5,0,1.0
niger,14.0,0,1.0
niger,14.5,0,1.0
niger,15.0,0,1.0
niger,15.5,0,1.0
niger,16.0,0,1.0
niger,16.5,0,1.0
niger,17.0,0,1.0
niger,17.5,0,1.0
niger,18.0,0,1.0
niger,18.5,0,1.0
niger,19.0,0,1.0
niger,19.5,0,1.0
niger,20.0,0,1.0
niger,20.5,0,1.0
niger,21.0,0,1.0
niger,21.5,0,1.0
niger,22.0,0,1.0
niger,22.5,0,1.0
niger,23.0,0,1.0
niger,23.5,0,1.0
niger,24.0,0,
nigeria,0.0,0,0.4869612068965517
nigeria,0.5,0,0.7140138478357695
nigeria,1.0,0,0.7732233044733045
nigeria,1.5,0,0.8132171172502093
nigeria,2.0,0,0.8427302877928747
nigeria,2.5,0,0.8664693593314763
nigeria,3.0,0,0.8859262985787951
nigeria,3.5,0,0.9007790077900779
nigeria,4.0,0,0.9135231847323692
nigeria,4.5,0,0.9228566753926701
nigeria,5.0,0,0.9320554355651548
nigeria,5.5,0,0.9426050753370341
nigeria,6.0,0,0.9492157507952177
nigeria,6.5,0,0.9569166564379527
nigeria,7.0,0,0.9616547553600879
nigeria,7.5,0,0.966224552745219
nigeria,8.0,0,0.971142215310178
nigeria,8.5,0,0.9740412979351032
nigeria,9.0,0,0.976391982182628
nigeria,9.5,0,0.9797160243407708
nigeria,10.0,0,0.9817020040662213
nigeria,10.5,0,0.9824328803447133
nigeria,11.0,0,0.9834296724470135
nigeria,11.5,0,0.9857333927775301
nigeria,12.0,0,0.9871663244353183
nigeria,12.5,0,0.9875444839857651
nigeria,13.0,0,0.9883879781420765
nigeria,13.5,0,0.9881889763779528
nigeria,14.0,0,0.9918772563176895
nigeria,14.5,0,0.9925611052072264
nigeria,15.0,0,0.9950433705080545
nigeria,15.5,0,0.9955882352941177
nigeria,16.0,0,0.9964285714285714
nigeria,16.5,0,0.9978260869565218
nigeria,17.0,0,0.9975369458128078
nigeria,17.5,0,0.9970760233918129
nigeria,18.0,0,0.9967320261437909
nigeria,18.5,0,1.0
nigeria,19.0,0,1.0
nigeria,19.5,0,1.0
nigeria,20.0,0,1.0
nigeria,20.5,0,1.0
nigeria,21.0,0,1.0
nigeria,21.5,0,1.0
nigeria,22.0,0,1.0
nigeria,22.5,0,1.0
nigeria,23.0,0,1.0
nigeria,23.5,0,1.0
nigeria,24.0,0,1.0
no_region,0.0,0,0.42208995451737885
no_region,0.5,0,0.6630079155672823
no_region,1.0,0,0.7268803139306736
no_region,1.5,0,0.7625986642380085
no_region,2.0,0,0.7957916522938945
no_region,2.5,0,0.8192003090593007
no_region,3.0,0,0.8375504996810547
no_region,3.5,0,0.8557941940051923
no_region,4.0,0,0.8732467532467533
no_region,4.5,0,0.8874397504961724
no_region,5.0,0,0.9037919147602632
no_region,5.5,0,0.9234533379937085
no_region,6.0,0,0.9285436893203883
no_region,6.5,0,0.9331914893617022
no_region,7.0,0,0.9406264609630669
no_region,7.5,0,0.9437274135260713
no_region,8.0,0,0.9500860585197934
no_region,8.5,0,0.9528894472361809
no_region,9.0,0,0.9580756013745705
no_region,9.5,0,0.9628787878787879
no_region,10.0,0,0.9744245524296675
no_region,10.5,0,0.9786821705426356
no_region,11.0,0,0.9791894852135816
no_region,11.5,0,0.979064039408867
no_region,12.0,0,0.9791955617198336
no_region,12.5,0,0.98125
no_region,13.0,0,0.9806678383128296
no_region,13.5,0,0.9781746031746031
no_region,14.0,0,0.9795454545454545
no_region,14.5,0,0.9796437659033079
no_region,15.0,0,0.9776536312849162
no_region,15.5,0,0.9754601226993865
no_region,16.0,0,0.9788732394366197
no_region,16.5,0,0.9758064516129032
no_region,17.0,0,0.9732142857142857
no_region,17.5,0,0.9790575916230366
no_region,18.0,0,0.9753086419753086
no_region,18.5,0,0.9787234042553191
no_region,19.0,0,0.9761904761904762
no_region,19.5,0,0.9732142857142857
no_region,20.0,0,0.979381443298969
no_region,20.5,0,0.9743589743589743
no_region,21.0,0,0.971830985915493
no_region,21.5,0,0.9649122807017544
no_region,22.0,0,1.0
no_region,22.5,0,1.0
no_region,23.0,0,1.0
no_region,23.5,0,1.0
no_region,24.0,0,1.0
north_korea,0.0,0,
north_korea,0.5,0,
north_korea,1.0,0,
north_korea,1.5,0,
north_korea,2.0,0,
north_korea,2.5,0,
north_korea,3.0,0,
north_korea,3.5,0,
north_korea,4.0,0,
north_korea,4.5,0,
north_korea,5.0,0,
north_korea,5.5,0,
north_korea,6.0,0,
north_korea,6.5,0,
north_korea,7.0,0,
north_korea,7.5,0,
north_korea,8.0,0,
north_korea,8.5,0,
north_korea,9.0,0,
north_korea,9.5,0,
north_korea,10.0,0,
north_korea,10.5,0,
north_korea,11.0,0,
north_korea,11.5,0,
north_korea,12.0,0,
north_korea,12.5,0,
north_korea,13.0,0,
north_korea,13.5,0,
north_korea,14.0,0,
north_korea,14.5,0,
north_korea,15.0,0,
north_korea,15.5,0,
north_korea,16.0,0,
north_korea,16.5,0,
north_korea,17.0,0,
north_korea,17.5,0,
north_korea,18.0,0,
north_korea,18.5,0,
north_korea,19.0,0,
north_korea,19.5,0,
north_korea,20.0,0,
north_korea,20.5,0,
north_korea,21.0,0,
north_korea,21.5,0,
north_korea,22.0,0,
north_korea,22.5,0,
north_korea,23.0,0,
north_korea,23.5,0,
north_korea,24.0,0,
north_macedonia,0.0,0,
north_macedonia,0.5,0,
north_macedonia,1.0,0,
north_macedonia,1.5,0,
north_macedonia,2.0,0,
north_macedonia,2.5,0,
north_macedonia,3.0,0,
north_macedonia,3.5,0,
north_macedonia,4.0,0,
north_macedonia,4.5,0,
north_macedonia,5.0,0,
north_macedonia,5.5,0,
north_macedonia,6.0,0,
north_macedonia,6.5,0,
north_macedonia,7.0,0,
north_macedonia,7.5,0,
north_macedonia,8.0,0,
north_macedonia,8.5,0,
north_macedonia,9.0,0,
north_macedonia,9.5,0,
north_macedonia,10.0,0,
north_macedonia,10.5,0,
north_macedonia,11.0,0,
north_macedonia,11.5,0,
north_macedonia,12.0,0,
north_macedonia,12.5,0,
north_macedonia,13.0,0,
north_macedonia,13.5,0,
north_macedonia,14.0,0,
north_macedonia,14.5,0,
north_macedonia,15.0,0,
north_macedonia,15.5,0,
north_macedonia,16.0,0,
north_macedonia,16.5,0,
north_macedonia,17.0,0,
north_macedonia,17.5,0,
north_macedonia,18.0,0,
north_macedonia,18.5,0,
north_macedonia,19.0,0,
north_macedonia,19.5,0,
north_macedonia,20.0,0,
north_macedonia,20.5,0,
north_macedonia,21.0,0,
north_macedonia,21.5,0,
north_macedonia,22.0,0,
north_macedonia,22.5,0,
north_macedonia,23.0,0,
north_macedonia,23.5,0,
north_macedonia,24.0,0,
norway,0.0,0,
norway,0.5,0,
norway,1.0,0,
norway,1.5,0,
norway,2.0,0,
norway,2.5,0,
norway,3.0,0,
norway,3.5,0,
norway,4.0,0,
norway,4.5,0,
norway,5.0,0,
norway,5.5,0,
norway,6.0,0,
norway,6.5,0,
norway,7.0,0,
norway,7.5,0,
norway,8.0,0,
norway,8.5,0,
norway,9.0,0,
norway,9.5,0,
norway,10.0,0,
norway,10.5,0,
norway,11.0,0,
norway,11.5,0,
norway,12.0,0,
norway,12.5,0,
norway,13.0,0,
norway,13.5,0,
norway,14.0,0,
norway,14.5,0,
norway,15.0,0,
norway,15.5,0,
norway,16.0,0,
norway,16.5,0,
norway,17.0,0,
norway,17.5,0,
norway,18.0,0,
norway,18.5,0,
norway,19.0,0,
norway,19.5,0,
norway,20.0,0,
norway,20.5,0,
norway,21.0,0,
norway,21.5,0,
norway,22.0,0,
norway,22.5,0,
norway,23.0,0,
norway,23.5,0,
norway,24.0,0,
oman,0.0,0,
oman,0.5,0,
oman,1.0,0,
oman,1.5,0,
oman,2.0,0,
oman,2.5,0,
oman,3.0,0,
oman,3.5,0,
oman,4.0,0,
oman,4.5,0,
oman,5.0,0,
oman,5.5,0,
oman,6.0,0,
oman,6.5,0,
oman,7.0,0,
oman,7.5,0,
oman,8.0,0,
oman,8.5,0,
oman,9.0,0,
oman,9.5,0,
oman,10.0,0,
oman,10.5,0,
oman,11.0,0,
oman,11.5,0,
oman,12.0,0,
oman,12.5,0,
oman,13.0,0,
oman,13.5,0,
oman,14.0,0,
oman,14.5,0,
oman,15.0,0,
oman,15.5,0,
oman,16.0,0,
oman,16.5,0,
oman,17.0,0,
oman,17.5,0,
oman,18.0,0,
oman,18.5,0,
oman,19.0,0,
oman,19.5,0,
oman,20.0,0,
oman,20.5,0,
oman,21.0,0,
oman,21.5,0,
oman,22.0,0,
oman,22.5,0,
oman,23.0,0,
oman,23.5,0,
oman,24.0,0,
pakistan,0.0,0,
pakistan,0.5,0,
pakistan,1.0,0,
pakistan,1.5,0,
pakistan,2.0,0,
pakistan,2.5,0,
pakistan,3.0,0,
pakistan,3.5,0,
pakistan,4.0,0,
pakistan,4.5,0,
pakistan,5.0,0,
pakistan,5.5,0,
pakistan,6.0,0,
pakistan,6.5,0,
pakistan,7.0,0,
pakistan,7.5,0,
pakistan,8.0,0,
pakistan,8.5,0,
pakistan,9.0,0,
pakistan,9.5,0,
pakistan,10.0,0,
pakistan,10.5,0,
pakistan,11.0,0,
pakistan,11.5,0,
pakistan,12.0,0,
pakistan,12.5,0,
pakistan,13.0,0,
pakistan,13.5,0,
pakistan,14.0,0,
pakistan,14.5,0,
pakistan,15.0,0,
pakistan,15.5,0,
pakistan,16.0,0,
pakistan,16.5,0,
pakistan,17.0,0,
pakistan,17.5,0,
pakistan,18.0,0,
pakistan,18.5,0,
pakistan,19.0,0,
pakistan,19.5,0,
pakistan,20.0,0,
pakistan,20.5,0,
pakistan,21.0,0,
pakistan,21.5,0,
pakistan,22.0,0,
pakistan,22.5,0,
pakistan,23.0,0,
pakistan,23.5,0,
pakistan,24.0,0,
palestine,0.0,0,
palestine,0.5,0,
palestine,1.0,0,
palestine,1.5,0,
palestine,2.0,0,
palestine,2.5,0,
palestine,3.0,0,
palestine,3.5,0,
palestine,4.0,0,
palestine,4.5,0,
palestine,5.0,0,
palestine,5.5,0,
palestine,6.0,0,
palestine,6.5,0,
palestine,7.0,0,
palestine,7.5,0,
palestine,8.0,0,
palestine,8.5,0,
palestine,9.0,0,
palestine,9.5,0,
palestine,10.0,0,
palestine,10.5,0,
palestine,11.0,0,
palestine,11.5,0,
palestine,12.0,0,
palestine,12.5,0,
palestine,13.0,0,
palestine,13.5,0,
palestine,14.0,0,
palestine,14.5,0,
palestine,15.0,0,
palestine,15.5,0,
palestine,16.0,0,
palestine,16.5,0,
palestine,17.0,0,
palestine,17.5,0,
palestine,18.0,0,
palestine,18.5,0,
palestine,19.0,0,
palestine,19.5,0,
palestine,20.0,0,
palestine,20.5,0,
palestine,21.0,0,
palestine,21.5,0,
palestine,22.0,0,
palestine,22.5,0,
palestine,23.0,0,
palestine,23.5,0,
palestine,24.0,0,
panama,0.0,0,
panama,0.5,0,
panama,1.0,0,
panama,1.5,0,
panama,2.0,0,
panama,2.5,0,
panama,3.0,0,
panama,3.5,0,
panama,4.0,0,
panama,4.5,0,
panama,5.0,0,
panama,5.5,0,
panama,6.0,0,
panama,6.5,0,
panama,7.0,0,
panama,7.5,0,
panama,8.0,0,
panama,8.5,0,
panama,9.0,0,
panama,9.5,0,
panama,10.0,0,
panama,10.5,0,
panama,11.0,0,
panama,11.5,0,
panama,12.0,0,
panama,12.5,0,
panama,13.0,0,
panama,13.5,0,
panama,14.0,0,
panama,14.5,0,
panama,15.0,0,
panama,15.5,0,
panama,16.0,0,
panama,16.5,0,
panama,17.0,0,
panama,17.5,0,
panama,18.0,0,
panama,18.5,0,
panama,19.0,0,
panama,19.5,0,
panama,20.0,0,
panama,20.5,0,
panama,21.0,0,
panama,21.5,0,
panama,22.0,0,
panama,22.5,0,
panama,23.0,0,
panama,23.5,0,
panama,24.0,0,
papua_new_guinea,0.0,0,
papua_new_guinea,0.5,0,
papua_new_guinea,1.0,0,
papua_new_guinea,1.5,0,
papua_new_guinea,2.0,0,
papua_new_guinea,2.5,0,
papua_new_guinea,3.0,0,
papua_new_guinea,3.5,0,
papua_new_guinea,4.0,0,
papua_new_guinea,4.5,0,
papua_new_guinea,5.0,0,
papua_new_guinea,5.5,0,
papua_new_guinea,6.0,0,
papua_new_guinea,6.5,0,
papua_new_guinea,7.0,0,
papua_new_guinea,7.5,0,
papua_new_guinea,8.0,0,
papua_new_guinea,8.5,0,
papua_new_guinea,9.0,0,
papua_new_guinea,9.5,0,
papua_new_guinea,10.0,0,
papua_new_guinea,10.5,0,
papua_new_guinea,11.0,0,
papua_new_guinea,11.5,0,
papua_new_guinea,12.0,0,
papua_new_guinea,12.5,0,
papua_new_guinea,13.0,0,
papua_new_guinea,13.5,0,
papua_new_guinea,14.0,0,
papua_new_guinea,14.5,0,
papua_new_guinea,15.0,0,
papua_new_guinea,15.5,0,
papua_new_guinea,16.0,0,
papua_new_guinea,16.5,0,
papua_new_guinea,17.0,0,
papua_new_guinea,17.5,0,
papua_new_guinea,18.0,0,
papua_new_guinea,18.5,0,
papua_new_guinea,19.0,0,
papua_new_guinea,19.5,0,
papua_new_guinea,20.0,0,
papua_new_guinea,20.5,0,
papua_new_guinea,21.0,0,
papua_new_guinea,21.5,0,
papua_new_guinea,22.0,0,
papua_new_guinea,22.5,0,
papua_new_guinea,23.0,0,
papua_new_guinea,23.5,0,
papua_new_guinea,24.0,0,
paraguay,0.0,0,
paraguay,0.5,0,
paraguay,1.0,0,
paraguay,1.5,0,
paraguay,2.0,0,
paraguay,2.5,0,
paraguay,3.0,0,
paraguay,3.5,0,
paraguay,4.0,0,
paraguay,4.5,0,
paraguay,5.0,0,
paraguay,5.5,0,
paraguay,6.0,0,
paraguay,6.5,0,
paraguay,7.0,0,
paraguay,7.5,0,
paraguay,8.0,0,
paraguay,8.5,0,
paraguay,9.0,0,
paraguay,9.5,0,
paraguay,10.0,0,
paraguay,10.5,0,
paraguay,11.0,0,
paraguay,11.5,0,
paraguay,12.0,0,
paraguay,12.5,0,
paraguay,13.0,0,
paraguay,13.5,0,
paraguay,14.0,0,
paraguay,14.5,0,
paraguay,15.0,0,
paraguay,15.5,0,
paraguay,16.0,0,
paraguay,16.5,0,
paraguay,17.0,0,
paraguay,17.5,0,
paraguay,18.0,0,
paraguay,18.5,0,
paraguay,19.0,0,
paraguay,19.5,0,
paraguay,20.0,0,
paraguay,20.5,0,
paraguay,21.0,0,
paraguay,21.5,0,
paraguay,22.0,0,
paraguay,22.5,0,
paraguay,23.0,0,
paraguay,23.5,0,
paraguay,24.0,0,
peru,0.0,0,
peru,0.5,0,
peru,1.0,0,
peru,1.5,0,
peru,2.0,0,
peru,2.5,0,
peru,3.0,0,
peru,3.5,0,
peru,4.0,0,
peru,4.5,0,
peru,5.0,0,
peru,5.5,0,
peru,6.0,0,
peru,6.5,0,
peru,7.0,0,
peru,7.5,0,
peru,8.0,0,
peru,8.5,0,
peru,9.0,0,
peru,9.5,0,
peru,10.0,0,
peru,10.5,0,
peru,11.0,0,
peru,11.5,0,
peru,12.0,0,
peru,12.5,0,
peru,13.0,0,
peru,13.5,0,
peru,14.0,0,
peru,14.5,0,
peru,15.0,0,
peru,15.5,0,
peru,16.0,0,
peru,16.5,0,
peru,17.0,0,
peru,17.5,0,
peru,18.0,0,
peru,18.5,0,
peru,19.0,0,
peru,19.5,0,
peru,20.0,0,
peru,20.5,0,
peru,21.0,0,
peru,21.5,0,
peru,22.0,0,
peru,22.5,0,
peru,23.0,0,
peru,23.5,0,
peru,24.0,0,
philippines,0.0,0,
philippines,0.5,0,
philippines,1.0,0,
philippines,1.5,0,
philippines,2.0,0,
philippines,2.5,0,
philippines,3.0,0,
philippines,3.5,0,
philippines,4.0,0,
philippines,4.5,0,
philippines,5.0,0,
philippines,5.5,0,
philippines,6.0,0,
philippines,6.5,0,
philippines,7.0,0,
philippines,7.5,0,
philippines,8.0,0,
philippines,8.5,0,
philippines,9.0,0,
philippines,9.5,0,
philippines,10.0,0,
philippines,10.5,0,
philippines,11.0,0,
philippines,11.5,0,
philippines,12.0,0,
philippines,12.5,0,
philippines,13.0,0,
philippines,13.5,0,
philippines,14.0,0,
philippines,14.5,0,
philippines,15.0,0,
philippines,15.5,0,
philippines,16.0,0,
philippines,16.5,0,
philippines,17.0,0,
philippines,17.5,0,
philippines,18.0,0,
philippines,18.5,0,
philippines,19.0,0,
philippines,19.5,0,
philippines,20.0,0,
philippines,20.5,0,
philippines,21.0,0,
philippines,21.5,0,
philippines,22.0,0,
philippines,22.5,0,
philippines,23.0,0,
philippines,23.5,0,
philippines,24.0,0,
poland,0.0,0,
poland,0.5,0,
poland,1.0,0,
poland,1.5,0,
poland,2.0,0,
poland,2.5,0,
poland,3.0,0,
poland,3.5,0,
poland,4.0,0,
poland,4.5,0,
poland,5.0,0,
poland,5.5,0,
poland,6.0,0,
poland,6.5,0,
poland,7.0,0,
poland,7.5,0,
poland,8.0,0,
poland,8.5,0,
poland,9.0,0,
poland,9.5,0,
poland,10.0,0,
poland,10.5,0,
poland,11.0,0,
poland,11.5,0,
poland,12.0,0,
poland,12.5,0,
poland,13.0,0,
poland,13.5,0,
poland,14.0,0,
poland,14.5,0,
poland,15.0,0,
poland,15.5,0,
poland,16.0,0,
poland,16.5,0,
poland,17.0,0,
poland,17.5,0,
poland,18.0,0,
poland,18.5,0,
poland,19.0,0,
poland,19.5,0,
poland,20.0,0,
poland,20.5,0,
poland,21.0,0,
poland,21.5,0,
poland,22.0,0,
poland,22.5,0,
poland,23.0,0,
poland,23.5,0,
poland,24.0,0,
portugal,0.0,0,
portugal,0.5,0,
portugal,1.0,0,
portugal,1.5,0,
portugal,2.0,0,
portugal,2.5,0,
portugal,3.0,0,
portugal,3.5,0,
portugal,4.0,0,
portugal,4.5,0,
portugal,5.0,0,
portugal,5.5,0,
portugal,6.0,0,
portugal,6.5,0,
portugal,7.0,0,
portugal,7.5,0,
portugal,8.0,0,
portugal,8.5,0,
portugal,9.0,0,
portugal,9.5,0,
portugal,10.0,0,
portugal,10.5,0,
portugal,11.0,0,
portugal,11.5,0,
portugal,12.0,0,
portugal,12.5,0,
portugal,13.0,0,
portugal,13.5,0,
portugal,14.0,0,
portugal,14.5,0,
portugal,15.0,0,
portugal,15.5,0,
portugal,16.0,0,
portugal,16.5,0,
portugal,17.0,0,
portugal,17.5,0,
portugal,18.0,0,
portugal,18.5,0,
portugal,19.0,0,
portugal,19.5,0,
portugal,20.0,0,
portugal,20.5,0,
portugal,21.0,0,
portugal,21.5,0,
portugal,22.0,0,
portugal,22.5,0,
portugal,23.0,0,
portugal,23.5,0,
portugal,24.0,0,
puerto_rico,0.0,0,
puerto_rico,0.5,0,
puerto_rico,1.0,0,
puerto_rico,1.5,0,
puerto_rico,2.0,0,
puerto_rico,2.5,0,
puerto_rico,3.0,0,
puerto_rico,3.5,0,
puerto_rico,4.0,0,
puerto_rico,4.5,0,
puerto_rico,5.0,0,
puerto_rico,5.5,0,
puerto_rico,6.0,0,
puerto_rico,6.5,0,
puerto_rico,7.0,0,
puerto_rico,7.5,0,
puerto_rico,8.0,0,
puerto_rico,8.5,0,
puerto_rico,9.0,0,
puerto_rico,9.5,0,
puerto_rico,10.0,0,
puerto_rico,10.5,0,
puerto_rico,11.0,0,
puerto_rico,11.5,0,
puerto_rico,12.0,0,
puerto_rico,12.5,0,
puerto_rico,13.0,0,
puerto_rico,13.5,0,
puerto_rico,14.0,0,
puerto_rico,14.5,0,
puerto_rico,15.0,0,
puerto_rico,15.5,0,
puerto_rico,16.0,0,
puerto_rico,16.5,0,
puerto_rico,17.0,0,
puerto_rico,17.5,0,
puerto_rico,18.0,0,
puerto_rico,18.5,0,
puerto_rico,19.0,0,
puerto_rico,19.5,0,
puerto_rico,20.0,0,
puerto_rico,20.5,0,
puerto_rico,21.0,0,
puerto_rico,21.5,0,
puerto_rico,22.0,0,
puerto_rico,22.5,0,
puerto_rico,23.0,0,
puerto_rico,23.5,0,
puerto_rico,24.0,0,
qatar,0.0,0,
qatar,0.5,0,
qatar,1.0,0,
qatar,1.5,0,
qatar,2.0,0,
qatar,2.5,0,
qatar,3.0,0,
qatar,3.5,0,
qatar,4.0,0,
qatar,4.5,0,
qatar,5.0,0,
qatar,5.5,0,
qatar,6.0,0,
qatar,6.5,0,
qatar,7.0,0,
qatar,7.5,0,
qatar,8.0,0,
qatar,8.5,0,
qatar,9.0,0,
qatar,9.5,0,
qatar,10.0,0,
qatar,10.5,0,
qatar,11.0,0,
qatar,11.5,0,
qatar,12.0,0,
qatar,12.5,0,
qatar,13.0,0,
qatar,13.5,0,
qatar,14.0,0,
qatar,14.5,0,
qatar,15.0,0,
qatar,15.5,0,
qatar,16.0,0,
qatar,16.5,0,
qatar,17.0,0,
qatar,17.5,0,
qatar,18.0,0,
qatar,18.5,0,
qatar,19.0,0,
qatar,19.5,0,
qatar,20.0,0,
qatar,20.5,0,
qatar,21.0,0,
qatar,21.5,0,
qatar,22.0,0,
qatar,22.5,0,
qatar,23.0,0,
qatar,23.5,0,
qatar,24.0,0,
republic_of_the_congo,0.0,0,
republic_of_the_congo,0.5,0,
republic_of_the_congo,1.0,0,
republic_of_the_congo,1.5,0,
republic_of_the_congo,2.0,0,
republic_of_the_congo,2.5,0,
republic_of_the_congo,3.0,0,
republic_of_the_congo,3.5,0,
republic_of_the_congo,4.0,0,
republic_of_the_congo,4.5,0,
republic_of_the_congo,5.0,0,
republic_of_the_congo,5.5,0,
republic_of_the_congo,6.0,0,
republic_of_the_congo,6.5,0,
republic_of_the_congo,7.0,0,
republic_of_the_congo,7.5,0,
republic_of_the_congo,8.0,0,
republic_of_the_congo,8.5,0,
republic_of_the_congo,9.0,0,
republic_of_the_congo,9.5,0,
republic_of_the_congo,10.0,0,
republic_of_the_congo,10.5,0,
republic_of_the_congo,11.0,0,
republic_of_the_congo,11.5,0,
republic_of_the_congo,12.0,0,
republic_of_the_congo,12.5,0,
republic_of_the_congo,13.0,0,
republic_of_the_congo,13.5,0,
republic_of_the_congo,14.0,0,
republic_of_the_congo,14.5,0,
republic_of_the_congo,15.0,0,
republic_of_the_congo,15.5,0,
republic_of_the_congo,16.0,0,
republic_of_the_congo,16.5,0,
republic_of_the_congo,17.0,0,
republic_of_the_congo,17.5,0,
republic_of_the_congo,18.0,0,
republic_of_the_congo,18.5,0,
republic_of_the_congo,19.0,0,
republic_of_the_congo,19.5,0,
republic_of_the_congo,20.0,0,
republic_of_the_congo,20.5,0,
republic_of_the_congo,21.0,0,
republic_of_the_congo,21.5,0,
republic_of_the_congo,22.0,0,
republic_of_the_congo,22.5,0,
republic_of_the_congo,23.0,0,
republic_of_the_congo,23.5,0,
republic_of_the_congo,24.0,0,
romania,0.0,0,
romania,0.5,0,
romania,1.0,0,
romania,1.5,0,
romania,2.0,0,
romania,2.5,0,
romania,3.0,0,
romania,3.5,0,
romania,4.0,0,
romania,4.5,0,
romania,5.0,0,
romania,5.5,0,
romania,6.0,0,
romania,6.5,0,
romania,7.0,0,
romania,7.5,0,
romania,8.0,0,
romania,8.5,0,
romania,9.0,0,
romania,9.5,0,
romania,10.0,0,
romania,10.5,0,
romania,11.0,0,
romania,11.5,0,
romania,12.0,0,
romania,12.5,0,
romania,13.0,0,
romania,13.5,0,
romania,14.0,0,
romania,14.5,0,
romania,15.0,0,
romania,15.5,0,
romania,16.0,0,
romania,16.5,0,
romania,17.0,0,
romania,17.5,0,
romania,18.0,0,
romania,18.5,0,
romania,19.0,0,
romania,19.5,0,
romania,20.0,0,
romania,20.5,0,
romania,21.0,0,
romania,21.5,0,
romania,22.0,0,
romania,22.5,0,
romania,23.0,0,
romania,23.5,0,
romania,24.0,0,
russia,0.0,0,
russia,0.5,0,
russia,1.0,0,
russia,1.5,0,
russia,2.0,0,
russia,2.5,0,
russia,3.0,0,
russia,3.5,0,
russia,4.0,0,
russia,4.5,0,
russia,5.0,0,
russia,5.5,0,
russia,6.0,0,
russia,6.5,0,
russia,7.0,0,
russia,7.5,0,
russia,8.0,0,
russia,8.5,0,
russia,9.0,0,
russia,9.5,0,
russia,10.0,0,
russia,10.5,0,
russia,11.0,0,
russia,11.5,0,
russia,12.0,0,
russia,12.5,0,
russia,13.0,0,
russia,13.5,0,
russia,14.0,0,
russia,14.5,0,
russia,15.0,0,
russia,15.5,0,
russia,16.0,0,
russia,16.5,0,
russia,17.0,0,
russia,17.5,0,
russia,18.0,0,
russia,18.5,0,
russia,19.0,0,
russia,19.5,0,
russia,20.0,0,
russia,20.5,0,
russia,21.0,0,
russia,21.5,0,
russia,22.0,0,
russia,22.5,0,
russia,23.0,0,
russia,23.5,0,
russia,24.0,0,
rwanda,0.0,0,0.5746311241542349
rwanda,0.5,0,0.6979892896837425
rwanda,1.0,0,0.7520090548953028
rwanda,1.5,0,0.7872948781700646
rwanda,2.0,0,0.8127683146378618
rwanda,2.5,0,0.8383111806098514
rwanda,3.0,0,0.8656554712892741
rwanda,3.5,0,0.8869962609056917
rwanda,4.0,0,0.9046021093000959
rwanda,4.5,0,0.9208202791227571
rwanda,5.0,0,0.9298842750170184
rwanda,5.5,0,0.937524870672503
rwanda,6.0,0,0.9438202247191011
rwanda,6.5,0,0.9478114478114478
rwanda,7.0,0,0.9491298527443106
rwanda,7.5,0,0.9490196078431372
rwanda,8.0,0,0.9518413597733711
rwanda,8.5,0,0.9519125683060109
rwanda,9.0,0,0.9547872340425532
rwanda,9.5,0,0.9505582137161085
rwanda,10.0,0,0.9606741573033708
rwanda,10.5,0,0.9585152838427947
rwanda,11.0,0,0.9566395663956639
rwanda,11.5,0,0.9576547231270358
rwanda,12.0,0,0.9653846153846154
rwanda,12.5,0,0.9765258215962441
rwanda,13.0,0,0.975
rwanda,13.5,0,0.9770992366412213
rwanda,14.0,0,0.9724770642201835
rwanda,14.5,0,0.9764705882352941
rwanda,15.0,0,0.9846153846153847
rwanda,15.5,0,1.0
rwanda,16.0,0,1.0
rwanda,16.5,0,1.0
rwanda,17.0,0,1.0
rwanda,17.5,0,1.0
rwanda,18.0,0,1.0
rwanda,18.5,0,1.0
rwanda,19.0,0,1.0
rwanda,19.5,0,1.0
rwanda,20.0,0,1.0
rwanda,20.5,0,
rwanda,21.0,0,
rwanda,21.5,0,
rwanda,22.0,0,
rwanda,22.5,0,
rwanda,23.0,0,
rwanda,23.5,0,
rwanda,24.0,0,
saint_helena,0.0,0,
saint_helena,0.5,0,
saint_helena,1.0,0,
saint_helena,1.5,0,
saint_helena,2.0,0,
saint_helena,2.5,0,
saint_helena,3.0,0,
saint_helena,3.5,0,
saint_helena,4.0,0,
saint_helena,4.5,0,
saint_helena,5.0,0,
saint_helena,5.5,0,
saint_helena,6.0,0,
saint_helena,6.5,0,
saint_helena,7.0,0,
saint_helena,7.5,0,
saint_helena,8.0,0,
saint_helena,8.5,0,
saint_helena,9.0,0,
saint_helena,9.5,0,
saint_helena,10.0,0,
saint_helena,10.5,0,
saint_helena,11.0,0,
saint_helena,11.5,0,
saint_helena,12.0,0,
saint_helena,12.5,0,
saint_helena,13.0,0,
saint_helena,13.5,0,
saint_helena,14.0,0,
saint_helena,14.5,0,
saint_helena,15.0,0,
saint_helena,15.5,0,
saint_helena,16.0,0,
saint_helena,16.5,0,
saint_helena,17.0,0,
saint_helena,17.5,0,
saint_helena,18.0,0,
saint_helena,18.5,0,
saint_helena,19.0,0,
saint_helena,19.5,0,
saint_helena,20.0,0,
saint_helena,20.5,0,
saint_helena,21.0,0,
saint_helena,21.5,0,
saint_helena,22.0,0,
saint_helena,22.5,0,
saint_helena,23.0,0,
saint_helena,23.5,0,
saint_helena,24.0,0,
saint_lucia,0.0,0,
saint_lucia,0.5,0,
saint_lucia,1.0,0,
saint_lucia,1.5,0,
saint_lucia,2.0,0,
saint_lucia,2.5,0,
saint_lucia,3.0,0,
saint_lucia,3.5,0,
saint_lucia,4.0,0,
saint_lucia,4.5,0,
saint_lucia,5.0,0,
saint_lucia,5.5,0,
saint_lucia,6.0,0,
saint_lucia,6.5,0,
saint_lucia,7.0,0,
saint_lucia,7.5,0,
saint_lucia,8.0,0,
saint_lucia,8.5,0,
saint_lucia,9.0,0,
saint_lucia,9.5,0,
saint_lucia,10.0,0,
saint_lucia,10.5,0,
saint_lucia,11.0,0,
saint_lucia,11.5,0,
saint_lucia,12.0,0,
saint_lucia,12.5,0,
saint_lucia,13.0,0,
saint_lucia,13.5,0,
saint_lucia,14.0,0,
saint_lucia,14.5,0,
saint_lucia,15.0,0,
saint_lucia,15.5,0,
saint_lucia,16.0,0,
saint_lucia,16.5,0,
saint_lucia,17.0,0,
saint_lucia,17.5,0,
saint_lucia,18.0,0,
saint_lucia,18.5,0,
saint_lucia,19.0,0,
saint_lucia,19.5,0,
saint_lucia,20.0,0,
saint_lucia,20.5,0,
saint_lucia,21.0,0,
saint_lucia,21.5,0,
saint_lucia,22.0,0,
saint_lucia,22.5,0,
saint_lucia,23.0,0,
saint_lucia,23.5,0,
saint_lucia,24.0,0,
saint_vincent_and_the_grenadines,0.0,0,
saint_vincent_and_the_grenadines,0.5,0,
saint_vincent_and_the_grenadines,1.0,0,
saint_vincent_and_the_grenadines,1.5,0,
saint_vincent_and_the_grenadines,2.0,0,
saint_vincent_and_the_grenadines,2.5,0,
saint_vincent_and_the_grenadines,3.0,0,
saint_vincent_and_the_grenadines,3.5,0,
saint_vincent_and_the_grenadines,4.0,0,
saint_vincent_and_the_grenadines,4.5,0,
saint_vincent_and_the_grenadines,5.0,0,
saint_vincent_and_the_grenadines,5.5,0,
saint_vincent_and_the_grenadines,6.0,0,
saint_vincent_and_the_grenadines,6.5,0,
saint_vincent_and_the_grenadines,7.0,0,
saint_vincent_and_the_grenadines,7.5,0,
saint_vincent_and_the_grenadines,8.0,0,
saint_vincent_and_the_grenadines,8.5,0,
saint_vincent_and_the_grenadines,9.0,0,
saint_vincent_and_the_grenadines,9.5,0,
saint_vincent_and_the_grenadines,10.0,0,
saint_vincent_and_the_grenadines,10.5,0,
saint_vincent_and_the_grenadines,11.0,0,
saint_vincent_and_the_grenadines,11.5,0,
saint_vincent_and_the_grenadines,12.0,0,
saint_vincent_and_the_grenadines,12.5,0,
saint_vincent_and_the_grenadines,13.0,0,
saint_vincent_and_the_grenadines,13.5,0,
saint_vincent_and_the_grenadines,14.0,0,
saint_vincent_and_the_grenadines,14.5,0,
saint_vincent_and_the_grenadines,15.0,0,
saint_vincent_and_the_grenadines,15.5,0,
saint_vincent_and_the_grenadines,16.0,0,
saint_vincent_and_the_grenadines,16.5,0,
saint_vincent_and_the_grenadines,17.0,0,
saint_vincent_and_the_grenadines,17.5,0,
saint_vincent_and_the_grenadines,18.0,0,
saint_vincent_and_the_grenadines,18.5,0,
saint_vincent_and_the_grenadines,19.0,0,
saint_vincent_and_the_grenadines,19.5,0,
saint_vincent_and_the_grenadines,20.0,0,
saint_vincent_and_the_grenadines,20.5,0,
saint_vincent_and_the_grenadines,21.0,0,
saint_vincent_and_the_grenadines,21.5,0,
saint_vincent_and_the_grenadines,22.0,0,
saint_vincent_and_the_grenadines,22.5,0,
saint_vincent_and_the_grenadines,23.0,0,
saint_vincent_and_the_grenadines,23.5,0,
saint_vincent_and_the_grenadines,24.0,0,
samoa,0.0,0,
samoa,0.5,0,
samoa,1.0,0,
samoa,1.5,0,
samoa,2.0,0,
samoa,2.5,0,
samoa,3.0,0,
samoa,3.5,0,
samoa,4.0,0,
samoa,4.5,0,
samoa,5.0,0,
samoa,5.5,0,
samoa,6.0,0,
samoa,6.5,0,
samoa,7.0,0,
samoa,7.5,0,
samoa,8.0,0,
samoa,8.5,0,
samoa,9.0,0,
samoa,9.5,0,
samoa,10.0,0,
samoa,10.5,0,
samoa,11.0,0,
samoa,11.5,0,
samoa,12.0,0,
samoa,12.5,0,
samoa,13.0,0,
samoa,13.5,0,
samoa,14.0,0,
samoa,14.5,0,
samoa,15.0,0,
samoa,15.5,0,
samoa,16.0,0,
samoa,16.5,0,
samoa,17.0,0,
samoa,17.5,0,
samoa,18.0,0,
samoa,18.5,0,
samoa,19.0,0,
samoa,19.5,0,
samoa,20.0,0,
samoa,20.5,0,
samoa,21.0,0,
samoa,21.5,0,
samoa,22.0,0,
samoa,22.5,0,
samoa,23.0,0,
samoa,23.5,0,
samoa,24.0,0,
sao_tome_and_principe,0.0,0,
sao_tome_and_principe,0.5,0,
sao_tome_and_principe,1.0,0,
sao_tome_and_principe,1.5,0,
sao_tome_and_principe,2.0,0,
sao_tome_and_principe,2.5,0,
sao_tome_and_principe,3.0,0,
sao_tome_and_principe,3.5,0,
sao_tome_and_principe,4.0,0,
sao_tome_and_principe,4.5,0,
sao_tome_and_principe,5.0,0,
sao_tome_and_principe,5.5,0,
sao_tome_and_principe,6.0,0,
sao_tome_and_principe,6.5,0,
sao_tome_and_principe,7.0,0,
sao_tome_and_principe,7.5,0,
sao_tome_and_principe,8.0,0,
sao_tome_and_principe,8.5,0,
sao_tome_and_principe,9.0,0,
sao_tome_and_principe,9.5,0,
sao_tome_and_principe,10.0,0,
sao_tome_and_principe,10.5,0,
sao_tome_and_principe,11.0,0,
sao_tome_and_principe,11.5,0,
sao_tome_and_principe,12.0,0,
sao_tome_and_principe,12.5,0,
sao_tome_and_principe,13.0,0,
sao_tome_and_principe,13.5,0,
sao_tome_and_principe,14.0,0,
sao_tome_and_principe,14.5,0,
sao_tome_and_principe,15.0,0,
sao_tome_and_principe,15.5,0,
sao_tome_and_principe,16.0,0,
sao_tome_and_principe,16.5,0,
sao_tome_and_principe,17.0,0,
sao_tome_and_principe,17.5,0,
sao_tome_and_principe,18.0,0,
sao_tome_and_principe,18.5,0,
sao_tome_and_principe,19.0,0,
sao_tome_and_principe,19.5,0,
sao_tome_and_principe,20.0,0,
sao_tome_and_principe,20.5,0,
sao_tome_and_principe,21.0,0,
sao_tome_and_principe,21.5,0,
sao_tome_and_principe,22.0,0,
sao_tome_and_principe,22.5,0,
sao_tome_and_principe,23.0,0,
sao_tome_and_principe,23.5,0,
sao_tome_and_principe,24.0,0,
saudi_arabia,0.0,0,
saudi_arabia,0.5,0,
saudi_arabia,1.0,0,
saudi_arabia,1.5,0,
saudi_arabia,2.0,0,
saudi_arabia,2.5,0,
saudi_arabia,3.0,0,
saudi_arabia,3.5,0,
saudi_arabia,4.0,0,
saudi_arabia,4.5,0,
saudi_arabia,5.0,0,
saudi_arabia,5.5,0,
saudi_arabia,6.0,0,
saudi_arabia,6.5,0,
saudi_arabia,7.0,0,
saudi_arabia,7.5,0,
saudi_arabia,8.0,0,
saudi_arabia,8.5,0,
saudi_arabia,9.0,0,
saudi_arabia,9.5,0,
saudi_arabia,10.0,0,
saudi_arabia,10.5,0,
saudi_arabia,11.0,0,
saudi_arabia,11.5,0,
saudi_arabia,12.0,0,
saudi_arabia,12.5,0,
saudi_arabia,13.0,0,
saudi_arabia,13.5,0,
saudi_arabia,14.0,0,
saudi_arabia,14.5,0,
saudi_arabia,15.0,0,
saudi_arabia,15.5,0,
saudi_arabia,16.0,0,
saudi_arabia,16.5,0,
saudi_arabia,17.0,0,
saudi_arabia,17.5,0,
saudi_arabia,18.0,0,
saudi_arabia,18.5,0,
saudi_arabia,19.0,0,
saudi_arabia,19.5,0,
saudi_arabia,20.0,0,
saudi_arabia,20.5,0,
saudi_arabia,21.0,0,
saudi_arabia,21.5,0,
saudi_arabia,22.0,0,
saudi_arabia,22.5,0,
saudi_arabia,23.0,0,
saudi_arabia,23.5,0,
saudi_arabia,24.0,0,
senegal,0.0,0,0.17128817128817128
senegal,0.5,0,0.619235836627141
senegal,1.0,0,0.694006309148265
senegal,1.5,0,0.7517605633802817
senegal,2.0,0,0.7677902621722846
senegal,2.5,0,0.7995824634655533
senegal,3.0,0,0.8
senegal,3.5,0,0.8298368298368298
senegal,4.0,0,0.8571428571428571
senegal,4.5,0,0.8735955056179775
senegal,5.0,0,0.8878787878787879
senegal,5.5,0,0.8903654485049833
senegal,6.0,0,0.8929889298892989
senegal,6.5,0,0.9159663865546218
senegal,7.0,0,0.9473684210526315
senegal,7.5,0,0.9891304347826086
senegal,8.0,0,0.9878048780487805
senegal,8.5,0,0.9866666666666667
senegal,9.0,0,0.984375
senegal,9.5,0,0.9826086956521739
senegal,10.0,0,0.9819819819819819
senegal,10.5,0,0.9897959183673469
senegal,11.0,0,0.9888888888888889
senegal,11.5,0,0.9885057471264368
senegal,12.0,0,0.9864864864864865
senegal,12.5,0,0.9848484848484849
senegal,13.0,0,0.9827586206896551
senegal,13.5,0,0.9814814814814815
senegal,14.0,0,0.9787234042553191
senegal,14.5,0,0.975609756097561
senegal,15.0,0,0.9743589743589743
senegal,15.5,0,0.9714285714285714
senegal,16.0,0,0.9642857142857143
senegal,16.5,0,0.9642857142857143
senegal,17.0,0,0.95
senegal,17.5,0,0.9473684210526315
senegal,18.0,0,0.9375
senegal,18.5,0,0.9166666666666666
senegal,19.0,0,0.9090909090909091
senegal,19.5,0,1.0
senegal,20.0,0,1.0
senegal,20.5,0,1.0
senegal,21.0,0,1.0
senegal,21.5,0,1.0
senegal,22.0,0,1.0
senegal,22.5,0,
senegal,23.0,0,
senegal,23.5,0,
senegal,24.0,0,
serbia,0.0,0,
serbia,0.5,0,
serbia,1.0,0,
serbia,1.5,0,
serbia,2.0,0,
serbia,2.5,0,
serbia,3.0,0,
serbia,3.5,0,
serbia,4.0,0,
serbia,4.5,0,
serbia,5.0,0,
serbia,5.5,0,
serbia,6.0,0,
serbia,6.5,0,
serbia,7.0,0,
serbia,7.5,0,
serbia,8.0,0,
serbia,8.5,0,
serbia,9.0,0,
serbia,9.5,0,
serbia,10.0,0,
serbia,10.5,0,
serbia,11.0,0,
serbia,11.5,0,
serbia,12.0,0,
serbia,12.5,0,
serbia,13.0,0,
serbia,13.5,0,
serbia,14.0,0,
serbia,14.5,0,
serbia,15.0,0,
serbia,15.5,0,
serbia,16.0,0,
serbia,16.5,0,
serbia,17.0,0,
serbia,17.5,0,
serbia,18.0,0,
serbia,18.5,0,
serbia,19.0,0,
serbia,19.5,0,
serbia,20.0,0,
serbia,20.5,0,
serbia,21.0,0,
serbia,21.5,0,
serbia,22.0,0,
serbia,22.5,0,
serbia,23.0,0,
serbia,23.5,0,
serbia,24.0,0,
seychelles,0.0,0,
seychelles,0.5,0,
seychelles,1.0,0,
seychelles,1.5,0,
seychelles,2.0,0,
seychelles,2.5,0,
seychelles,3.0,0,
seychelles,3.5,0,
seychelles,4.0,0,
seychelles,4.5,0,
seychelles,5.0,0,
seychelles,5.5,0,
seychelles,6.0,0,
seychelles,6.5,0,
seychelles,7.0,0,
seychelles,7.5,0,
seychelles,8.0,0,
seychelles,8.5,0,
seychelles,9.0,0,
seychelles,9.5,0,
seychelles,10.0,0,
seychelles,10.5,0,
seychelles,11.0,0,
seychelles,11.5,0,
seychelles,12.0,0,
seychelles,12.5,0,
seychelles,13.0,0,
seychelles,13.5,0,
seychelles,14.0,0,
seychelles,14.5,0,
seychelles,15.0,0,
seychelles,15.5,0,
seychelles,16.0,0,
seychelles,16.5,0,
seychelles,17.0,0,
seychelles,17.5,0,
seychelles,18.0,0,
seychelles,18.5,0,
seychelles,19.0,0,
seychelles,19.5,0,
seychelles,20.0,0,
seychelles,20.5,0,
seychelles,21.0,0,
seychelles,21.5,0,
seychelles,22.0,0,
seychelles,22.5,0,
seychelles,23.0,0,
seychelles,23.5,0,
seychelles,24.0,0,
siachen_glacier,0.0,0,
siachen_glacier,0.5,0,
siachen_glacier,1.0,0,
siachen_glacier,1.5,0,
siachen_glacier,2.0,0,
siachen_glacier,2.5,0,
siachen_glacier,3.0,0,
siachen_glacier,3.5,0,
siachen_glacier,4.0,0,
siachen_glacier,4.5,0,
siachen_glacier,5.0,0,
siachen_glacier,5.5,0,
siachen_glacier,6.0,0,
siachen_glacier,6.5,0,
siachen_glacier,7.0,0,
siachen_glacier,7.5,0,
siachen_glacier,8.0,0,
siachen_glacier,8.5,0,
siachen_glacier,9.0,0,
siachen_glacier,9.5,0,
siachen_glacier,10.0,0,
siachen_glacier,10.5,0,
siachen_glacier,11.0,0,
siachen_glacier,11.5,0,
siachen_glacier,12.0,0,
siachen_glacier,12.5,0,
siachen_glacier,13.0,0,
siachen_glacier,13.5,0,
siachen_glacier,14.0,0,
siachen_glacier,14.5,0,
siachen_glacier,15.0,0,
siachen_glacier,15.5,0,
siachen_glacier,16.0,0,
siachen_glacier,16.5,0,
siachen_glacier,17.0,0,
siachen_glacier,17.5,0,
siachen_glacier,18.0,0,
siachen_glacier,18.5,0,
siachen_glacier,19.0,0,
siachen_glacier,19.5,0,
siachen_glacier,20.0,0,
siachen_glacier,20.5,0,
siachen_glacier,21.0,0,
siachen_glacier,21.5,0,
siachen_glacier,22.0,0,
siachen_glacier,22.5,0,
siachen_glacier,23.0,0,
siachen_glacier,23.5,0,
siachen_glacier,24.0,0,
sierra_leone,0.0,0,
sierra_leone,0.5,0,
sierra_leone,1.0,0,
sierra_leone,1.5,0,
sierra_leone,2.0,0,
sierra_leone,2.5,0,
sierra_leone,3.0,0,
sierra_leone,3.5,0,
sierra_leone,4.0,0,
sierra_leone,4.5,0,
sierra_leone,5.0,0,
sierra_leone,5.5,0,
sierra_leone,6.0,0,
sierra_leone,6.5,0,
sierra_leone,7.0,0,
sierra_leone,7.5,0,
sierra_leone,8.0,0,
sierra_leone,8.5,0,
sierra_leone,9.0,0,
sierra_leone,9.5,0,
sierra_leone,10.0,0,
sierra_leone,10.5,0,
sierra_leone,11.0,0,
sierra_leone,11.5,0,
sierra_leone,12.0,0,
sierra_leone,12.5,0,
sierra_leone,13.0,0,
sierra_leone,13.5,0,
sierra_leone,14.0,0,
sierra_leone,14.5,0,
sierra_leone,15.0,0,
sierra_leone,15.5,0,
sierra_leone,16.0,0,
sierra_leone,16.5,0,
sierra_leone,17.0,0,
sierra_leone,17.5,0,
sierra_leone,18.0,0,
sierra_leone,18.5,0,
sierra_leone,19.0,0,
sierra_leone,19.5,0,
sierra_leone,20.0,0,
sierra_leone,20.5,0,
sierra_leone,21.0,0,
sierra_leone,21.5,0,
sierra_leone,22.0,0,
sierra_leone,22.5,0,
sierra_leone,23.0,0,
sierra_leone,23.5,0,
sierra_leone,24.0,0,
slovakia,0.0,0,
slovakia,0.5,0,
slovakia,1.0,0,
slovakia,1.5,0,
slovakia,2.0,0,
slovakia,2.5,0,
slovakia,3.0,0,
slovakia,3.5,0,
slovakia,4.0,0,
slovakia,4.5,0,
slovakia,5.0,0,
slovakia,5.5,0,
slovakia,6.0,0,
slovakia,6.5,0,
slovakia,7.0,0,
slovakia,7.5,0,
slovakia,8.0,0,
slovakia,8.5,0,
slovakia,9.0,0,
slovakia,9.5,0,
slovakia,10.0,0,
slovakia,10.5,0,
slovakia,11.0,0,
slovakia,11.5,0,
slovakia,12.0,0,
slovakia,12.5,0,
slovakia,13.0,0,
slovakia,13.5,0,
slovakia,14.0,0,
slovakia,14.5,0,
slovakia,15.0,0,
slovakia,15.5,0,
slovakia,16.0,0,
slovakia,16.5,0,
slovakia,17.0,0,
slovakia,17.5,0,
slovakia,18.0,0,
slovakia,18.5,0,
slovakia,19.0,0,
slovakia,19.5,0,
slovakia,20.0,0,
slovakia,20.5,0,
slovakia,21.0,0,
slovakia,21.5,0,
slovakia,22.0,0,
slovakia,22.5,0,
slovakia,23.0,0,
slovakia,23.5,0,
slovakia,24.0,0,
slovenia,0.0,0,
slovenia,0.5,0,
slovenia,1.0,0,
slovenia,1.5,0,
slovenia,2.0,0,
slovenia,2.5,0,
slovenia,3.0,0,
slovenia,3.5,0,
slovenia,4.0,0,
slovenia,4.5,0,
slovenia,5.0,0,
slovenia,5.5,0,
slovenia,6.0,0,
slovenia,6.5,0,
slovenia,7.0,0,
slovenia,7.5,0,
slovenia,8.0,0,
slovenia,8.5,0,
slovenia,9.0,0,
slovenia,9.5,0,
slovenia,10.0,0,
slovenia,10.5,0,
slovenia,11.0,0,
slovenia,11.5,0,
slovenia,12.0,0,
slovenia,12.5,0,
slovenia,13.0,0,
slovenia,13.5,0,
slovenia,14.0,0,
slovenia,14.5,0,
slovenia,15.0,0,
slovenia,15.5,0,
slovenia,16.0,0,
slovenia,16.5,0,
slovenia,17.0,0,
slovenia,17.5,0,
slovenia,18.0,0,
slovenia,18.5,0,
slovenia,19.0,0,
slovenia,19.5,0,
slovenia,20.0,0,
slovenia,20.5,0,
slovenia,21.0,0,
slovenia,21.5,0,
slovenia,22.0,0,
slovenia,22.5,0,
slovenia,23.0,0,
slovenia,23.5,0,
slovenia,24.0,0,
solomon_islands,0.0,0,
solomon_islands,0.5,0,
solomon_islands,1.0,0,
solomon_islands,1.5,0,
solomon_islands,2.0,0,
solomon_islands,2.5,0,
solomon_islands,3.0,0,
solomon_islands,3.5,0,
solomon_islands,4.0,0,
solomon_islands,4.5,0,
solomon_islands,5.0,0,
solomon_islands,5.5,0,
solomon_islands,6.0,0,
solomon_islands,6.5,0,
solomon_islands,7.0,0,
solomon_islands,7.5,0,
solomon_islands,8.0,0,
solomon_islands,8.5,0,
solomon_islands,9.0,0,
solomon_islands,9.5,0,
solomon_islands,10.0,0,
solomon_islands,10.5,0,
solomon_islands,11.0,0,
solomon_islands,11.5,0,
solomon_islands,12.0,0,
solomon_islands,12.5,0,
solomon_islands,13.0,0,
solomon_islands,13.5,0,
solomon_islands,14.0,0,
solomon_islands,14.5,0,
solomon_islands,15.0,0,
solomon_islands,15.5,0,
solomon_islands,16.0,0,
solomon_islands,16.5,0,
solomon_islands,17.0,0,
solomon_islands,17.5,0,
solomon_islands,18.0,0,
solomon_islands,18.5,0,
solomon_islands,19.0,0,
solomon_islands,19.5,0,
solomon_islands,20.0,0,
solomon_islands,20.5,0,
solomon_islands,21.0,0,
solomon_islands,21.5,0,
solomon_islands,22.0,0,
solomon_islands,22.5,0,
solomon_islands,23.0,0,
solomon_islands,23.5,0,
solomon_islands,24.0,0,
somalia,0.0,0,
somalia,0.5,0,
somalia,1.0,0,
somalia,1.5,0,
somalia,2.0,0,
somalia,2.5,0,
somalia,3.0,0,
somalia,3.5,0,
somalia,4.0,0,
somalia,4.5,0,
somalia,5.0,0,
somalia,5.5,0,
somalia,6.0,0,
somalia,6.5,0,
somalia,7.0,0,
somalia,7.5,0,
somalia,8.0,0,
somalia,8.5,0,
somalia,9.0,0,
somalia,9.5,0,
somalia,10.0,0,
somalia,10.5,0,
somalia,11.0,0,
somalia,11.5,0,
somalia,12.0,0,
somalia,12.5,0,
somalia,13.0,0,
somalia,13.5,0,
somalia,14.0,0,
somalia,14.5,0,
somalia,15.0,0,
somalia,15.5,0,
somalia,16.0,0,
somalia,16.5,0,
somalia,17.0,0,
somalia,17.5,0,
somalia,18.0,0,
somalia,18.5,0,
somalia,19.0,0,
somalia,19.5,0,
somalia,20.0,0,
somalia,20.5,0,
somalia,21.0,0,
somalia,21.5,0,
somalia,22.0,0,
somalia,22.5,0,
somalia,23.0,0,
somalia,23.5,0,
somalia,24.0,0,
somaliland,0.0,0,
somaliland,0.5,0,
somaliland,1.0,0,
somaliland,1.5,0,
somaliland,2.0,0,
somaliland,2.5,0,
somaliland,3.0,0,
somaliland,3.5,0,
somaliland,4.0,0,
somaliland,4.5,0,
somaliland,5.0,0,
somaliland,5.5,0,
somaliland,6.0,0,
somaliland,6.5,0,
somaliland,7.0,0,
somaliland,7.5,0,
somaliland,8.0,0,
somaliland,8.5,0,
somaliland,9.0,0,
somaliland,9.5,0,
somaliland,10.0,0,
somaliland,10.5,0,
somaliland,11.0,0,
somaliland,11.5,0,
somaliland,12.0,0,
somaliland,12.5,0,
somaliland,13.0,0,
somaliland,13.5,0,
somaliland,14.0,0,
somaliland,14.5,0,
somaliland,15.0,0,
somaliland,15.5,0,
somaliland,16.0,0,
somaliland,16.5,0,
somaliland,17.0,0,
somaliland,17.5,0,
somaliland,18.0,0,
somaliland,18.5,0,
somaliland,19.0,0,
somaliland,19.5,0,
somaliland,20.0,0,
somaliland,20.5,0,
somaliland,21.0,0,
somaliland,21.5,0,
somaliland,22.0,0,
somaliland,22.5,0,
somaliland,23.0,0,
somaliland,23.5,0,
somaliland,24.0,0,
south_africa,0.0,0,0.32018943683722845
south_africa,0.5,0,0.540318254961559
south_africa,1.0,0,0.6075550891920252
south_africa,1.5,0,0.663788850518007
south_africa,2.0,0,0.6976217440543602
south_africa,2.5,0,0.7255676209279368
south_africa,3.0,0,0.7486671744097486
south_africa,3.5,0,0.7521139296840231
south_africa,4.0,0,0.7632254750898819
south_africa,4.5,0,0.7769784172661871
south_africa,5.0,0,0.7732962447844228
south_africa,5.5,0,0.7741935483870968
south_africa,6.0,0,0.773972602739726
south_africa,6.5,0,0.7758620689655172
south_africa,7.0,0,0.7780784844384303
south_africa,7.5,0,0.7776
south_africa,8.0,0,0.7760910815939279
south_africa,8.5,0,0.7832957110609481
south_africa,9.0,0,0.7771260997067448
south_africa,9.5,0,0.7873134328358209
south_africa,10.0,0,0.7665198237885462
south_africa,10.5,0,0.7577319587628866
south_africa,11.0,0,0.7266666666666667
south_africa,11.5,0,0.7230769230769231
south_africa,12.0,0,0.7047619047619048
south_africa,12.5,0,0.6477272727272727
south_africa,13.0,0,0.68
south_africa,13.5,0,0.6727272727272727
south_africa,14.0,0,0.6428571428571429
south_africa,14.5,0,0.5185185185185185
south_africa,15.0,0,0.45454545454545453
south_africa,15.5,0,0.3888888888888889
south_africa,16.0,0,0.5555555555555556
south_africa,16.5,0,0.5714285714285714
south_africa,17.0,0,0.25
south_africa,17.5,0,0.0
south_africa,18.0,0,0.0
south_africa,18.5,0,0.0
south_africa,19.0,0,0.0
south_africa,19.5,0,0.0
south_africa,20.0,0,0.0
south_africa,20.5,0,0.0
south_africa,21.0,0,0.0
south_africa,21.5,0,
south_africa,22.0,0,
south_africa,22.5,0,
south_africa,23.0,0,
south_africa,23.5,0,
south_africa,24.0,0,
south_georgia_and_the_south_sandwich_isl,0.0,0,
south_georgia_and_the_south_sandwich_isl,0.5,0,
south_georgia_and_the_south_sandwich_isl,1.0,0,
south_georgia_and_the_south_sandwich_isl,1.5,0,
south_georgia_and_the_south_sandwich_isl,2.0,0,
south_georgia_and_the_south_sandwich_isl,2.5,0,
south_georgia_and_the_south_sandwich_isl,3.0,0,
south_georgia_and_the_south_sandwich_isl,3.5,0,
south_georgia_and_the_south_sandwich_isl,4.0,0,
south_georgia_and_the_south_sandwich_isl,4.5,0,
south_georgia_and_the_south_sandwich_isl,5.0,0,
south_georgia_and_the_south_sandwich_isl,5.5,0,
south_georgia_and_the_south_sandwich_isl,6.0,0,
south_georgia_and_the_south_sandwich_isl,6.5,0,
south_georgia_and_the_south_sandwich_isl,7.0,0,
south_georgia_and_the_south_sandwich_isl,7.5,0,
south_georgia_and_the_south_sandwich_isl,8.0,0,
south_georgia_and_the_south_sandwich_isl,8.5,0,
south_georgia_and_the_south_sandwich_isl,9.0,0,
south_georgia_and_the_south_sandwich_isl,9.5,0,
south_georgia_and_the_south_sandwich_isl,10.0,0,
south_georgia_and_the_south_sandwich_isl,10.5,0,
south_georgia_and_the_south_sandwich_isl,11.0,0,
south_georgia_and_the_south_sandwich_isl,11.5,0,
south_georgia_and_the_south_sandwich_isl,12.0,0,
south_georgia_and_the_south_sandwich_isl,12.5,0,
south_georgia_and_the_south_sandwich_isl,13.0,0,
south_georgia_and_the_south_sandwich_isl,13.5,0,
south_georgia_and_the_south_sandwich_isl,14.0,0,
south_georgia_and_the_south_sandwich_isl,14.5,0,
south_georgia_and_the_south_sandwich_isl,15.0,0,
south_georgia_and_the_south_sandwich_isl,15.5,0,
south_georgia_and_the_south_sandwich_isl,16.0,0,
south_georgia_and_the_south_sandwich_isl,16.5,0,
south_georgia_and_the_south_sandwich_isl,17.0,0,
south_georgia_and_the_south_sandwich_isl,17.5,0,
south_georgia_and_the_south_sandwich_isl,18.0,0,
south_georgia_and_the_south_sandwich_isl,18.5,0,
south_georgia_and_the_south_sandwich_isl,19.0,0,
south_georgia_and_the_south_sandwich_isl,19.5,0,
south_georgia_and_the_south_sandwich_isl,20.0,0,
south_georgia_and_the_south_sandwich_isl,20.5,0,
south_georgia_and_the_south_sandwich_isl,21.0,0,
south_georgia_and_the_south_sandwich_isl,21.5,0,
south_georgia_and_the_south_sandwich_isl,22.0,0,
south_georgia_and_the_south_sandwich_isl,22.5,0,
south_georgia_and_the_south_sandwich_isl,23.0,0,
south_georgia_and_the_south_sandwich_isl,23.5,0,
south_georgia_and_the_south_sandwich_isl,24.0,0,
south_korea,0.0,0,
south_korea,0.5,0,
south_korea,1.0,0,
south_korea,1.5,0,
south_korea,2.0,0,
south_korea,2.5,0,
south_korea,3.0,0,
south_korea,3.5,0,
south_korea,4.0,0,
south_korea,4.5,0,
south_korea,5.0,0,
south_korea,5.5,0,
south_korea,6.0,0,
south_korea,6.5,0,
south_korea,7.0,0,
south_korea,7.5,0,
south_korea,8.0,0,
south_korea,8.5,0,
south_korea,9.0,0,
south_korea,9.5,0,
south_korea,10.0,0,
south_korea,10.5,0,
south_korea,11.0,0,
south_korea,11.5,0,
south_korea,12.0,0,
south_korea,12.5,0,
south_korea,13.0,0,
south_korea,13.5,0,
south_korea,14.0,0,
south_korea,14.5,0,
south_korea,15.0,0,
south_korea,15.5,0,
south_korea,16.0,0,
south_korea,16.5,0,
south_korea,17.0,0,
south_korea,17.5,0,
south_korea,18.0,0,
south_korea,18.5,0,
south_korea,19.0,0,
south_korea,19.5,0,
south_korea,20.0,0,
south_korea,20.5,0,
south_korea,21.0,0,
south_korea,21.5,0,
south_korea,22.0,0,
south_korea,22.5,0,
south_korea,23.0,0,
south_korea,23.5,0,
south_korea,24.0,0,
south_sudan,0.0,0,
south_sudan,0.5,0,
south_sudan,1.0,0,
south_sudan,1.5,0,
south_sudan,2.0,0,
south_sudan,2.5,0,
south_sudan,3.0,0,
south_sudan,3.5,0,
south_sudan,4.0,0,
south_sudan,4.5,0,
south_sudan,5.0,0,
south_sudan,5.5,0,
south_sudan,6.0,0,
south_sudan,6.5,0,
south_sudan,7.0,0,
south_sudan,7.5,0,
south_sudan,8.0,0,
south_sudan,8.5,0,
south_sudan,9.0,0,
south_sudan,9.5,0,
south_sudan,10.0,0,
south_sudan,10.5,0,
south_sudan,11.0,0,
south_sudan,11.5,0,
south_sudan,12.0,0,
south_sudan,12.5,0,
south_sudan,13.0,0,
south_sudan,13.5,0,
south_sudan,14.0,0,
south_sudan,14.5,0,
south_sudan,15.0,0,
south_sudan,15.5,0,
south_sudan,16.0,0,
south_sudan,16.5,0,
south_sudan,17.0,0,
south_sudan,17.5,0,
south_sudan,18.0,0,
south_sudan,18.5,0,
south_sudan,19.0,0,
south_sudan,19.5,0,
south_sudan,20.0,0,
south_sudan,20.5,0,
south_sudan,21.0,0,
south_sudan,21.5,0,
south_sudan,22.0,0,
south_sudan,22.5,0,
south_sudan,23.0,0,
south_sudan,23.5,0,
south_sudan,24.0,0,
spain,0.0,0,
spain,0.5,0,
spain,1.0,0,
spain,1.5,0,
spain,2.0,0,
spain,2.5,0,
spain,3.0,0,
spain,3.5,0,
spain,4.0,0,
spain,4.5,0,
spain,5.0,0,
spain,5.5,0,
spain,6.0,0,
spain,6.5,0,
spain,7.0,0,
spain,7.5,0,
spain,8.0,0,
spain,8.5,0,
spain,9.0,0,
spain,9.5,0,
spain,10.0,0,
spain,10.5,0,
spain,11.0,0,
spain,11.5,0,
spain,12.0,0,
spain,12.5,0,
spain,13.0,0,
spain,13.5,0,
spain,14.0,0,
spain,14.5,0,
spain,15.0,0,
spain,15.5,0,
spain,16.0,0,
spain,16.5,0,
spain,17.0,0,
spain,17.5,0,
spain,18.0,0,
spain,18.5,0,
spain,19.0,0,
spain,19.5,0,
spain,20.0,0,
spain,20.5,0,
spain,21.0,0,
spain,21.5,0,
spain,22.0,0,
spain,22.5,0,
spain,23.0,0,
spain,23.5,0,
spain,24.0,0,
sri_lanka,0.0,0,
sri_lanka,0.5,0,
sri_lanka,1.0,0,
sri_lanka,1.5,0,
sri_lanka,2.0,0,
sri_lanka,2.5,0,
sri_lanka,3.0,0,
sri_lanka,3.5,0,
sri_lanka,4.0,0,
sri_lanka,4.5,0,
sri_lanka,5.0,0,
sri_lanka,5.5,0,
sri_lanka,6.0,0,
sri_lanka,6.5,0,
sri_lanka,7.0,0,
sri_lanka,7.5,0,
sri_lanka,8.0,0,
sri_lanka,8.5,0,
sri_lanka,9.0,0,
sri_lanka,9.5,0,
sri_lanka,10.0,0,
sri_lanka,10.5,0,
sri_lanka,11.0,0,
sri_lanka,11.5,0,
sri_lanka,12.0,0,
sri_lanka,12.5,0,
sri_lanka,13.0,0,
sri_lanka,13.5,0,
sri_lanka,14.0,0,
sri_lanka,14.5,0,
sri_lanka,15.0,0,
sri_lanka,15.5,0,
sri_lanka,16.0,0,
sri_lanka,16.5,0,
sri_lanka,17.0,0,
sri_lanka,17.5,0,
sri_lanka,18.0,0,
sri_lanka,18.5,0,
sri_lanka,19.0,0,
sri_lanka,19.5,0,
sri_lanka,20.0,0,
sri_lanka,20.5,0,
sri_lanka,21.0,0,
sri_lanka,21.5,0,
sri_lanka,22.0,0,
sri_lanka,22.5,0,
sri_lanka,23.0,0,
sri_lanka,23.5,0,
sri_lanka,24.0,0,
sudan,0.0,0,
sudan,0.5,0,
sudan,1.0,0,
sudan,1.5,0,
sudan,2.0,0,
sudan,2.5,0,
sudan,3.0,0,
sudan,3.5,0,
sudan,4.0,0,
sudan,4.5,0,
sudan,5.0,0,
sudan,5.5,0,
sudan,6.0,0,
sudan,6.5,0,
sudan,7.0,0,
sudan,7.5,0,
sudan,8.0,0,
sudan,8.5,0,
sudan,9.0,0,
sudan,9.5,0,
sudan,10.0,0,
sudan,10.5,0,
sudan,11.0,0,
sudan,11.5,0,
sudan,12.0,0,
sudan,12.5,0,
sudan,13.0,0,
sudan,13.5,0,
sudan,14.0,0,
sudan,14.5,0,
sudan,15.0,0,
sudan,15.5,0,
sudan,16.0,0,
sudan,16.5,0,
sudan,17.0,0,
sudan,17.5,0,
sudan,18.0,0,
sudan,18.5,0,
sudan,19.0,0,
sudan,19.5,0,
sudan,20.0,0,
sudan,20.5,0,
sudan,21.0,0,
sudan,21.5,0,
sudan,22.0,0,
sudan,22.5,0,
sudan,23.0,0,
sudan,23.5,0,
sudan,24.0,0,
suriname,0.0,0,
suriname,0.5,0,
suriname,1.0,0,
suriname,1.5,0,
suriname,2.0,0,
suriname,2.5,0,
suriname,3.0,0,
suriname,3.5,0,
suriname,4.0,0,
suriname,4.5,0,
suriname,5.0,0,
suriname,5.5,0,
suriname,6.0,0,
suriname,6.5,0,
suriname,7.0,0,
suriname,7.5,0,
suriname,8.0,0,
suriname,8.5,0,
suriname,9.0,0,
suriname,9.5,0,
suriname,10.0,0,
suriname,10.5,0,
suriname,11.0,0,
suriname,11.5,0,
suriname,12.0,0,
suriname,12.5,0,
suriname,13.0,0,
suriname,13.5,0,
suriname,14.0,0,
suriname,14.5,0,
suriname,15.0,0,
suriname,15.5,0,
suriname,16.0,0,
suriname,16.5,0,
suriname,17.0,0,
suriname,17.5,0,
suriname,18.0,0,
suriname,18.5,0,
suriname,19.0,0,
suriname,19.5,0,
suriname,20.0,0,
suriname,20.5,0,
suriname,21.0,0,
suriname,21.5,0,
suriname,22.0,0,
suriname,22.5,0,
suriname,23.0,0,
suriname,23.5,0,
suriname,24.0,0,
sweden,0.0,0,
sweden,0.5,0,
sweden,1.0,0,
sweden,1.5,0,
sweden,2.0,0,
sweden,2.5,0,
sweden,3.0,0,
sweden,3.5,0,
sweden,4.0,0,
sweden,4.5,0,
sweden,5.0,0,
sweden,5.5,0,
sweden,6.0,0,
sweden,6.5,0,
sweden,7.0,0,
sweden,7.5,0,
sweden,8.0,0,
sweden,8.5,0,
sweden,9.0,0,
sweden,9.5,0,
sweden,10.0,0,
sweden,10.5,0,
sweden,11.0,0,
sweden,11.5,0,
sweden,12.0,0,
sweden,12.5,0,
sweden,13.0,0,
sweden,13.5,0,
sweden,14.0,0,
sweden,14.5,0,
sweden,15.0,0,
sweden,15.5,0,
sweden,16.0,0,
sweden,16.5,0,
sweden,17.0,0,
sweden,17.5,0,
sweden,18.0,0,
sweden,18.5,0,
sweden,19.0,0,
sweden,19.5,0,
sweden,20.0,0,
sweden,20.5,0,
sweden,21.0,0,
sweden,21.5,0,
sweden,22.0,0,
sweden,22.5,0,
sweden,23.0,0,
sweden,23.5,0,
sweden,24.0,0,
switzerland,0.0,0,0.5584642233856894
switzerland,0.5,0,0.6469387755102041
switzerland,1.0,0,0.7054794520547946
switzerland,1.5,0,0.7557251908396947
switzerland,2.0,0,0.7861111111111111
switzerland,2.5,0,0.8317152103559871
switzerland,3.0,0,0.8395522388059702
switzerland,3.5,0,0.8913043478260869
switzerland,4.0,0,0.9056603773584906
switzerland,4.5,0,0.9030612244897959
switzerland,5.0,0,0.9345238095238095
switzerland,5.5,0,0.9632352941176471
switzerland,6.0,0,0.9747899159663865
switzerland,6.5,0,0.9906542056074766
switzerland,7.0,0,1.0
switzerland,7.5,0,1.0
switzerland,8.0,0,1.0
switzerland,8.5,0,1.0
switzerland,9.0,0,1.0
switzerland,9.5,0,1.0
switzerland,10.0,0,1.0
switzerland,10.5,0,1.0
switzerland,11.0,0,1.0
switzerland,11.5,0,1.0
switzerland,12.0,0,1.0
switzerland,12.5,0,1.0
switzerland,13.0,0,1.0
switzerland,13.5,0,1.0
switzerland,14.0,0,1.0
switzerland,14.5,0,1.0
switzerland,15.0,0,1.0
switzerland,15.5,0,1.0
switzerland,16.0,0,1.0
switzerland,16.5,0,1.0
switzerland,17.0,0,1.0
switzerland,17.5,0,1.0
switzerland,18.0,0,1.0
switzerland,18.5,0,1.0
switzerland,19.0,0,1.0
switzerland,19.5,0,1.0
switzerland,20.0,0,1.0
switzerland,20.5,0,1.0
switzerland,21.0,0,1.0
switzerland,21.5,0,1.0
switzerland,22.0,0,1.0
switzerland,22.5,0,
switzerland,23.0,0,
switzerland,23.5,0,
switzerland,24.0,0,
syria,0.0,0,
syria,0.5,0,
syria,1.0,0,
syria,1.5,0,
syria,2.0,0,
syria,2.5,0,
syria,3.0,0,
syria,3.5,0,
syria,4.0,0,
syria,4.5,0,
syria,5.0,0,
syria,5.5,0,
syria,6.0,0,
syria,6.5,0,
syria,7.0,0,
syria,7.5,0,
syria,8.0,0,
syria,8.5,0,
syria,9.0,0,
syria,9.5,0,
syria,10.0,0,
syria,10.5,0,
syria,11.0,0,
syria,11.5,0,
syria,12.0,0,
syria,12.5,0,
syria,13.0,0,
syria,13.5,0,
syria,14.0,0,
syria,14.5,0,
syria,15.0,0,
syria,15.5,0,
syria,16.0,0,
syria,16.5,0,
syria,17.0,0,
syria,17.5,0,
syria,18.0,0,
syria,18.5,0,
syria,19.0,0,
syria,19.5,0,
syria,20.0,0,
syria,20.5,0,
syria,21.0,0,
syria,21.5,0,
syria,22.0,0,
syria,22.5,0,
syria,23.0,0,
syria,23.5,0,
syria,24.0,0,
taiwan,0.0,0,
taiwan,0.5,0,
taiwan,1.0,0,
taiwan,1.5,0,
taiwan,2.0,0,
taiwan,2.5,0,
taiwan,3.0,0,
taiwan,3.5,0,
taiwan,4.0,0,
taiwan,4.5,0,
taiwan,5.0,0,
taiwan,5.5,0,
taiwan,6.0,0,
taiwan,6.5,0,
taiwan,7.0,0,
taiwan,7.5,0,
taiwan,8.0,0,
taiwan,8.5,0,
taiwan,9.0,0,
taiwan,9.5,0,
taiwan,10.0,0,
taiwan,10.5,0,
taiwan,11.0,0,
taiwan,11.5,0,
taiwan,12.0,0,
taiwan,12.5,0,
taiwan,13.0,0,
taiwan,13.5,0,
taiwan,14.0,0,
taiwan,14.5,0,
taiwan,15.0,0,
taiwan,15.5,0,
taiwan,16.0,0,
taiwan,16.5,0,
taiwan,17.0,0,
taiwan,17.5,0,
taiwan,18.0,0,
taiwan,18.5,0,
taiwan,19.0,0,
taiwan,19.5,0,
taiwan,20.0,0,
taiwan,20.5,0,
taiwan,21.0,0,
taiwan,21.5,0,
taiwan,22.0,0,
taiwan,22.5,0,
taiwan,23.0,0,
taiwan,23.5,0,
taiwan,24.0,0,
tajikistan,0.0,0,
tajikistan,0.5,0,
tajikistan,1.0,0,
tajikistan,1.5,0,
tajikistan,2.0,0,
tajikistan,2.5,0,
tajikistan,3.0,0,
tajikistan,3.5,0,
tajikistan,4.0,0,
tajikistan,4.5,0,
tajikistan,5.0,0,
tajikistan,5.5,0,
tajikistan,6.0,0,
tajikistan,6.5,0,
tajikistan,7.0,0,
tajikistan,7.5,0,
tajikistan,8.0,0,
tajikistan,8.5,0,
tajikistan,9.0,0,
tajikistan,9.5,0,
tajikistan,10.0,0,
tajikistan,10.5,0,
tajikistan,11.0,0,
tajikistan,11.5,0,
tajikistan,12.0,0,
tajikistan,12.5,0,
tajikistan,13.0,0,
tajikistan,13.5,0,
tajikistan,14.0,0,
tajikistan,14.5,0,
tajikistan,15.0,0,
tajikistan,15.5,0,
tajikistan,16.0,0,
tajikistan,16.5,0,
tajikistan,17.0,0,
tajikistan,17.5,0,
tajikistan,18.0,0,
tajikistan,18.5,0,
tajikistan,19.0,0,
tajikistan,19.5,0,
tajikistan,20.0,0,
tajikistan,20.5,0,
tajikistan,21.0,0,
tajikistan,21.5,0,
tajikistan,22.0,0,
tajikistan,22.5,0,
tajikistan,23.0,0,
tajikistan,23.5,0,
tajikistan,24.0,0,
tanzania,0.0,0,0.4168159660014166
tanzania,0.5,0,0.6497928807133329
tanzania,1.0,0,0.7316477033291192
tanzania,1.5,0,0.7818910409312089
tanzania,2.0,0,0.8172701361765017
tanzania,2.5,0,0.8450753186558517
tanzania,3.0,0,0.8670622396162101
tanzania,3.5,0,0.8860828241683639
tanzania,4.0,0,0.9007509939625975
tanzania,4.5,0,0.9140350877192982
tanzania,5.0,0,0.9276521739130434
tanzania,5.5,0,0.9429446678154317
tanzania,6.0,0,0.9505012531328321
tanzania,6.5,0,0.9541599816639926
tanzania,7.0,0,0.9605
tanzania,7.5,0,0.9634414513468939
tanzania,8.0,0,0.9682926829268292
tanzania,8.5,0,0.9715528781793842
tanzania,9.0,0,0.9753547423450336
tanzania,9.5,0,0.9772821148285832
tanzania,10.0,0,0.9812614259597806
tanzania,10.5,0,0.981547924141466
tanzania,11.0,0,0.9808881394041596
tanzania,11.5,0,0.9824120603015075
tanzania,12.0,0,0.9846796657381616
tanzania,12.5,0,0.9913522012578616
tanzania,13.0,0,0.9922813036020584
tanzania,13.5,0,0.9922630560928434
tanzania,14.0,0,0.991332611050921
tanzania,14.5,0,0.992797118847539
tanzania,15.0,0,0.9934725848563969
tanzania,15.5,0,0.9928774928774928
tanzania,16.0,0,0.995114006514658
tanzania,16.5,0,0.9962894248608535
tanzania,17.0,0,0.9979296066252588
tanzania,17.5,0,0.9976744186046511
tanzania,18.0,0,0.9974358974358974
tanzania,18.5,0,0.9971181556195965
tanzania,19.0,0,0.9966442953020134
tanzania,19.5,0,1.0
tanzania,20.0,0,1.0
tanzania,20.5,0,1.0
tanzania,21.0,0,1.0
tanzania,21.5,0,1.0
tanzania,22.0,0,1.0
tanzania,22.5,0,1.0
tanzania,23.0,0,1.0
tanzania,23.5,0,1.0
tanzania,24.0,0,1.0
thailand,0.0,0,
thailand,0.5,0,
thailand,1.0,0,
thailand,1.5,0,
thailand,2.0,0,
thailand,2.5,0,
thailand,3.0,0,
thailand,3.5,0,
thailand,4.0,0,
thailand,4.5,0,
thailand,5.0,0,
thailand,5.5,0,
thailand,6.0,0,
thailand,6.5,0,
thailand,7.0,0,
thailand,7.5,0,
thailand,8.0,0,
thailand,8.5,0,
thailand,9.0,0,
thailand,9.5,0,
thailand,10.0,0,
thailand,10.5,0,
thailand,11.0,0,
thailand,11.5,0,
thailand,12.0,0,
thailand,12.5,0,
thailand,13.0,0,
thailand,13.5,0,
thailand,14.0,0,
thailand,14.5,0,
thailand,15.0,0,
thailand,15.5,0,
thailand,16.0,0,
thailand,16.5,0,
thailand,17.0,0,
thailand,17.5,0,
thailand,18.0,0,
thailand,18.5,0,
thailand,19.0,0,
thailand,19.5,0,
thailand,20.0,0,
thailand,20.5,0,
thailand,21.0,0,
thailand,21.5,0,
thailand,22.0,0,
thailand,22.5,0,
thailand,23.0,0,
thailand,23.5,0,
thailand,24.0,0,
the_bahamas,0.0,0,
the_bahamas,0.5,0,
the_bahamas,1.0,0,
the_bahamas,1.5,0,
the_bahamas,2.0,0,
the_bahamas,2.5,0,
the_bahamas,3.0,0,
the_bahamas,3.5,0,
the_bahamas,4.0,0,
the_bahamas,4.5,0,
the_bahamas,5.0,0,
the_bahamas,5.5,0,
the_bahamas,6.0,0,
the_bahamas,6.5,0,
the_bahamas,7.0,0,
the_bahamas,7.5,0,
the_bahamas,8.0,0,
the_bahamas,8.5,0,
the_bahamas,9.0,0,
the_bahamas,9.5,0,
the_bahamas,10.0,0,
the_bahamas,10.5,0,
the_bahamas,11.0,0,
the_bahamas,11.5,0,
the_bahamas,12.0,0,
the_bahamas,12.5,0,
the_bahamas,13.0,0,
the_bahamas,13.5,0,
the_bahamas,14.0,0,
the_bahamas,14.5,0,
the_bahamas,15.0,0,
the_bahamas,15.5,0,
the_bahamas,16.0,0,
the_bahamas,16.5,0,
the_bahamas,17.0,0,
the_bahamas,17.5,0,
the_bahamas,18.0,0,
the_bahamas,18.5,0,
the_bahamas,19.0,0,
the_bahamas,19.5,0,
the_bahamas,20.0,0,
the_bahamas,20.5,0,
the_bahamas,21.0,0,
the_bahamas,21.5,0,
the_bahamas,22.0,0,
the_bahamas,22.5,0,
the_bahamas,23.0,0,
the_bahamas,23.5,0,
the_bahamas,24.0,0,
the_gambia,0.0,0,
the_gambia,0.5,0,
the_gambia,1.0,0,
the_gambia,1.5,0,
the_gambia,2.0,0,
the_gambia,2.5,0,
the_gambia,3.0,0,
the_gambia,3.5,0,
the_gambia,4.0,0,
the_gambia,4.5,0,
the_gambia,5.0,0,
the_gambia,5.5,0,
the_gambia,6.0,0,
the_gambia,6.5,0,
the_gambia,7.0,0,
the_gambia,7.5,0,
the_gambia,8.0,0,
the_gambia,8.5,0,
the_gambia,9.0,0,
the_gambia,9.5,0,
the_gambia,10.0,0,
the_gambia,10.5,0,
the_gambia,11.0,0,
the_gambia,11.5,0,
the_gambia,12.0,0,
the_gambia,12.5,0,
the_gambia,13.0,0,
the_gambia,13.5,0,
the_gambia,14.0,0,
the_gambia,14.5,0,
the_gambia,15.0,0,
the_gambia,15.5,0,
the_gambia,16.0,0,
the_gambia,16.5,0,
the_gambia,17.0,0,
the_gambia,17.5,0,
the_gambia,18.0,0,
the_gambia,18.5,0,
the_gambia,19.0,0,
the_gambia,19.5,0,
the_gambia,20.0,0,
the_gambia,20.5,0,
the_gambia,21.0,0,
the_gambia,21.5,0,
the_gambia,22.0,0,
the_gambia,22.5,0,
the_gambia,23.0,0,
the_gambia,23.5,0,
the_gambia,24.0,0,
timor-leste,0.0,0,
timor-leste,0.5,0,
timor-leste,1.0,0,
timor-leste,1.5,0,
timor-leste,2.0,0,
timor-leste,2.5,0,
timor-leste,3.0,0,
timor-leste,3.5,0,
timor-leste,4.0,0,
timor-leste,4.5,0,
timor-leste,5.0,0,
timor-leste,5.5,0,
timor-leste,6.0,0,
timor-leste,6.5,0,
timor-leste,7.0,0,
timor-leste,7.5,0,
timor-leste,8.0,0,
timor-leste,8.5,0,
timor-leste,9.0,0,
timor-leste,9.5,0,
timor-leste,10.0,0,
timor-leste,10.5,0,
timor-leste,11.0,0,
timor-leste,11.5,0,
timor-leste,12.0,0,
timor-leste,12.5,0,
timor-leste,13.0,0,
timor-leste,13.5,0,
timor-leste,14.0,0,
timor-leste,14.5,0,
timor-leste,15.0,0,
timor-leste,15.5,0,
timor-leste,16.0,0,
timor-leste,16.5,0,
timor-leste,17.0,0,
timor-leste,17.5,0,
timor-leste,18.0,0,
timor-leste,18.5,0,
timor-leste,19.0,0,
timor-leste,19.5,0,
timor-leste,20.0,0,
timor-leste,20.5,0,
timor-leste,21.0,0,
timor-leste,21.5,0,
timor-leste,22.0,0,
timor-leste,22.5,0,
timor-leste,23.0,0,
timor-leste,23.5,0,
timor-leste,24.0,0,
togo,0.0,0,0.46171754886887767
togo,0.5,0,0.7042630603418686
togo,1.0,0,0.7524925793439379
togo,1.5,0,0.7928924650071243
togo,2.0,0,0.8235998526160648
togo,2.5,0,0.848924512987013
togo,3.0,0,0.8746483627770901
togo,3.5,0,0.8904246046569543
togo,4.0,0,0.9041247068561181
togo,4.5,0,0.9173973234886941
togo,5.0,0,0.9285590428298942
togo,5.5,0,0.9353021177384885
togo,6.0,0,0.9424633559396194
togo,6.5,0,0.9505265735978448
togo,7.0,0,0.9536423841059603
togo,7.5,0,0.9611742424242424
togo,8.0,0,0.9641062455132807
togo,8.5,0,0.9683954619124797
togo,9.0,0,0.9704387990762124
togo,9.5,0,0.97
togo,10.0,0,0.9689403166869671
togo,10.5,0,0.9732016925246827
togo,11.0,0,0.9770114942528736
togo,11.5,0,0.9754020813623463
togo,12.0,0,0.9760348583877996
togo,12.5,0,0.9810844892812106
togo,13.0,0,0.9797687861271677
togo,13.5,0,0.9797979797979798
togo,14.0,0,0.9842209072978304
togo,14.5,0,0.986013986013986
togo,15.0,0,0.9891304347826086
togo,15.5,0,0.9864864864864865
togo,16.0,0,0.9875
togo,16.5,0,0.98989898989899
togo,17.0,0,0.9886363636363636
togo,17.5,0,0.993421052631579
togo,18.0,0,0.991304347826087
togo,18.5,0,1.0
togo,19.0,0,1.0
togo,19.5,0,1.0
togo,20.0,0,1.0
togo,20.5,0,1.0
togo,21.0,0,1.0
togo,21.5,0,1.0
togo,22.0,0,1.0
togo,22.5,0,1.0
togo,23.0,0,1.0
togo,23.5,0,1.0
togo,24.0,0,1.0
trinidad_and_tobago,0.0,0,
trinidad_and_tobago,0.5,0,
trinidad_and_tobago,1.0,0,
trinidad_and_tobago,1.5,0,
trinidad_and_tobago,2.0,0,
trinidad_and_tobago,2.5,0,
trinidad_and_tobago,3.0,0,
trinidad_and_tobago,3.5,0,
trinidad_and_tobago,4.0,0,
trinidad_and_tobago,4.5,0,
trinidad_and_tobago,5.0,0,
trinidad_and_tobago,5.5,0,
trinidad_and_tobago,6.0,0,
trinidad_and_tobago,6.5,0,
trinidad_and_tobago,7.0,0,
trinidad_and_tobago,7.5,0,
trinidad_and_tobago,8.0,0,
trinidad_and_tobago,8.5,0,
trinidad_and_tobago,9.0,0,
trinidad_and_tobago,9.5,0,
trinidad_and_tobago,10.0,0,
trinidad_and_tobago,10.5,0,
trinidad_and_tobago,11.0,0,
trinidad_and_tobago,11.5,0,
trinidad_and_tobago,12.0,0,
trinidad_and_tobago,12.5,0,
trinidad_and_tobago,13.0,0,
trinidad_and_tobago,13.5,0,
trinidad_and_tobago,14.0,0,
trinidad_and_tobago,14.5,0,
trinidad_and_tobago,15.0,0,
trinidad_and_tobago,15.5,0,
trinidad_and_tobago,16.0,0,
trinidad_and_tobago,16.5,0,
trinidad_and_tobago,17.0,0,
trinidad_and_tobago,17.5,0,
trinidad_and_tobago,18.0,0,
trinidad_and_tobago,18.5,0,
trinidad_and_tobago,19.0,0,
trinidad_and_tobago,19.5,0,
trinidad_and_tobago,20.0,0,
trinidad_and_tobago,20.5,0,
trinidad_and_tobago,21.0,0,
trinidad_and_tobago,21.5,0,
trinidad_and_tobago,22.0,0,
trinidad_and_tobago,22.5,0,
trinidad_and_tobago,23.0,0,
trinidad_and_tobago,23.5,0,
trinidad_and_tobago,24.0,0,
tunisia,0.0,0,
tunisia,0.5,0,
tunisia,1.0,0,
tunisia,1.5,0,
tunisia,2.0,0,
tunisia,2.5,0,
tunisia,3.0,0,
tunisia,3.5,0,
tunisia,4.0,0,
tunisia,4.5,0,
tunisia,5.0,0,
tunisia,5.5,0,
tunisia,6.0,0,
tunisia,6.5,0,
tunisia,7.0,0,
tunisia,7.5,0,
tunisia,8.0,0,
tunisia,8.5,0,
tunisia,9.0,0,
tunisia,9.5,0,
tunisia,10.0,0,
tunisia,10.5,0,
tunisia,11.0,0,
tunisia,11.5,0,
tunisia,12.0,0,
tunisia,12.5,0,
tunisia,13.0,0,
tunisia,13.5,0,
tunisia,14.0,0,
tunisia,14.5,0,
tunisia,15.0,0,
tunisia,15.5,0,
tunisia,16.0,0,
tunisia,16.5,0,
tunisia,17.0,0,
tunisia,17.5,0,
tunisia,18.0,0,
tunisia,18.5,0,
tunisia,19.0,0,
tunisia,19.5,0,
tunisia,20.0,0,
tunisia,20.5,0,
tunisia,21.0,0,
tunisia,21.5,0,
tunisia,22.0,0,
tunisia,22.5,0,
tunisia,23.0,0,
tunisia,23.5,0,
tunisia,24.0,0,
turkey,0.0,0,
turkey,0.5,0,
turkey,1.0,0,
turkey,1.5,0,
turkey,2.0,0,
turkey,2.5,0,
turkey,3.0,0,
turkey,3.5,0,
turkey,4.0,0,
turkey,4.5,0,
turkey,5.0,0,
turkey,5.5,0,
turkey,6.0,0,
turkey,6.5,0,
turkey,7.0,0,
turkey,7.5,0,
turkey,8.0,0,
turkey,8.5,0,
turkey,9.0,0,
turkey,9.5,0,
turkey,10.0,0,
turkey,10.5,0,
turkey,11.0,0,
turkey,11.5,0,
turkey,12.0,0,
turkey,12.5,0,
turkey,13.0,0,
turkey,13.5,0,
turkey,14.0,0,
turkey,14.5,0,
turkey,15.0,0,
turkey,15.5,0,
turkey,16.0,0,
turkey,16.5,0,
turkey,17.0,0,
turkey,17.5,0,
turkey,18.0,0,
turkey,18.5,0,
turkey,19.0,0,
turkey,19.5,0,
turkey,20.0,0,
turkey,20.5,0,
turkey,21.0,0,
turkey,21.5,0,
turkey,22.0,0,
turkey,22.5,0,
turkey,23.0,0,
turkey,23.5,0,
turkey,24.0,0,
turkish_republic_of_northern_cyprus,0.0,0,
turkish_republic_of_northern_cyprus,0.5,0,
turkish_republic_of_northern_cyprus,1.0,0,
turkish_republic_of_northern_cyprus,1.5,0,
turkish_republic_of_northern_cyprus,2.0,0,
turkish_republic_of_northern_cyprus,2.5,0,
turkish_republic_of_northern_cyprus,3.0,0,
turkish_republic_of_northern_cyprus,3.5,0,
turkish_republic_of_northern_cyprus,4.0,0,
turkish_republic_of_northern_cyprus,4.5,0,
turkish_republic_of_northern_cyprus,5.0,0,
turkish_republic_of_northern_cyprus,5.5,0,
turkish_republic_of_northern_cyprus,6.0,0,
turkish_republic_of_northern_cyprus,6.5,0,
turkish_republic_of_northern_cyprus,7.0,0,
turkish_republic_of_northern_cyprus,7.5,0,
turkish_republic_of_northern_cyprus,8.0,0,
turkish_republic_of_northern_cyprus,8.5,0,
turkish_republic_of_northern_cyprus,9.0,0,
turkish_republic_of_northern_cyprus,9.5,0,
turkish_republic_of_northern_cyprus,10.0,0,
turkish_republic_of_northern_cyprus,10.5,0,
turkish_republic_of_northern_cyprus,11.0,0,
turkish_republic_of_northern_cyprus,11.5,0,
turkish_republic_of_northern_cyprus,12.0,0,
turkish_republic_of_northern_cyprus,12.5,0,
turkish_republic_of_northern_cyprus,13.0,0,
turkish_republic_of_northern_cyprus,13.5,0,
turkish_republic_of_northern_cyprus,14.0,0,
turkish_republic_of_northern_cyprus,14.5,0,
turkish_republic_of_northern_cyprus,15.0,0,
turkish_republic_of_northern_cyprus,15.5,0,
turkish_republic_of_northern_cyprus,16.0,0,
turkish_republic_of_northern_cyprus,16.5,0,
turkish_republic_of_northern_cyprus,17.0,0,
turkish_republic_of_northern_cyprus,17.5,0,
turkish_republic_of_northern_cyprus,18.0,0,
turkish_republic_of_northern_cyprus,18.5,0,
turkish_republic_of_northern_cyprus,19.0,0,
turkish_republic_of_northern_cyprus,19.5,0,
turkish_republic_of_northern_cyprus,20.0,0,
turkish_republic_of_northern_cyprus,20.5,0,
turkish_republic_of_northern_cyprus,21.0,0,
turkish_republic_of_northern_cyprus,21.5,0,
turkish_republic_of_northern_cyprus,22.0,0,
turkish_republic_of_northern_cyprus,22.5,0,
turkish_republic_of_northern_cyprus,23.0,0,
turkish_republic_of_northern_cyprus,23.5,0,
turkish_republic_of_northern_cyprus,24.0,0,
turkmenistan,0.0,0,
turkmenistan,0.5,0,
turkmenistan,1.0,0,
turkmenistan,1.5,0,
turkmenistan,2.0,0,
turkmenistan,2.5,0,
turkmenistan,3.0,0,
turkmenistan,3.5,0,
turkmenistan,4.0,0,
turkmenistan,4.5,0,
turkmenistan,5.0,0,
turkmenistan,5.5,0,
turkmenistan,6.0,0,
turkmenistan,6.5,0,
turkmenistan,7.0,0,
turkmenistan,7.5,0,
turkmenistan,8.0,0,
turkmenistan,8.5,0,
turkmenistan,9.0,0,
turkmenistan,9.5,0,
turkmenistan,10.0,0,
turkmenistan,10.5,0,
turkmenistan,11.0,0,
turkmenistan,11.5,0,
turkmenistan,12.0,0,
turkmenistan,12.5,0,
turkmenistan,13.0,0,
turkmenistan,13.5,0,
turkmenistan,14.0,0,
turkmenistan,14.5,0,
turkmenistan,15.0,0,
turkmenistan,15.5,0,
turkmenistan,16.0,0,
turkmenistan,16.5,0,
turkmenistan,17.0,0,
turkmenistan,17.5,0,
turkmenistan,18.0,0,
turkmenistan,18.5,0,
turkmenistan,19.0,0,
turkmenistan,19.5,0,
turkmenistan,20.0,0,
turkmenistan,20.5,0,
turkmenistan,21.0,0,
turkmenistan,21.5,0,
turkmenistan,22.0,0,
turkmenistan,22.5,0,
turkmenistan,23.0,0,
turkmenistan,23.5,0,
turkmenistan,24.0,0,
uganda,0.0,0,0.5725769407441433
uganda,0.5,0,0.6701555213235139
uganda,1.0,0,0.720289242616331
uganda,1.5,0,0.7593097892466412
uganda,2.0,0,0.7910503704985151
uganda,2.5,0,0.8177031495810191
uganda,3.0,0,0.8380856856283135
uganda,3.5,0,0.8585943775100402
uganda,4.0,0,0.8757476278274947
uganda,4.5,0,0.8908177249885793
uganda,5.0,0,0.9037088228518775
uganda,5.5,0,0.915563998427879
uganda,6.0,0,0.9242311692170554
uganda,6.5,0,0.9332935255480679
uganda,7.0,0,0.939358486887004
uganda,7.5,0,0.9442961974649766
uganda,8.0,0,0.9513409961685824
uganda,8.5,0,0.9546322125972692
uganda,9.0,0,0.9597905051528974
uganda,9.5,0,0.9623455579525397
uganda,10.0,0,0.9651003649635036
uganda,10.5,0,0.9664394336654432
uganda,11.0,0,0.9694402420574887
uganda,11.5,0,0.9746351633078527
uganda,12.0,0,0.9758224336107808
uganda,12.5,0,0.9772219740955784
uganda,13.0,0,0.9779260780287474
uganda,13.5,0,0.9771395076201641
uganda,14.0,0,0.9759036144578314
uganda,14.5,0,0.975609756097561
uganda,15.0,0,0.9762107051826678
uganda,15.5,0,0.9780534351145038
uganda,16.0,0,0.9826086956521739
uganda,16.5,0,0.9838909541511772
uganda,17.0,0,0.9869186046511628
uganda,17.5,0,0.9932659932659933
uganda,18.0,0,0.9941634241245136
uganda,18.5,0,0.9956043956043956
uganda,19.0,0,0.9947916666666666
uganda,19.5,0,0.9968652037617555
uganda,20.0,0,0.9962825278810409
uganda,20.5,0,0.995575221238938
uganda,21.0,0,0.9945054945054945
uganda,21.5,0,0.9937888198757764
uganda,22.0,0,1.0
uganda,22.5,0,1.0
uganda,23.0,0,1.0
uganda,23.5,0,1.0
uganda,24.0,0,1.0
ukraine,0.0,0,
ukraine,0.5,0,
ukraine,1.0,0,
ukraine,1.5,0,
ukraine,2.0,0,
ukraine,2.5,0,
ukraine,3.0,0,
ukraine,3.5,0,
ukraine,4.0,0,
ukraine,4.5,0,
ukraine,5.0,0,
ukraine,5.5,0,
ukraine,6.0,0,
ukraine,6.5,0,
ukraine,7.0,0,
ukraine,7.5,0,
ukraine,8.0,0,
ukraine,8.5,0,
ukraine,9.0,0,
ukraine,9.5,0,
ukraine,10.0,0,
ukraine,10.5,0,
ukraine,11.0,0,
ukraine,11.5,0,
ukraine,12.0,0,
ukraine,12.5,0,
ukraine,13.0,0,
ukraine,13.5,0,
ukraine,14.0,0,
ukraine,14.5,0,
ukraine,15.0,0,
ukraine,15.5,0,
ukraine,16.0,0,
ukraine,16.5,0,
ukraine,17.0,0,
ukraine,17.5,0,
ukraine,18.0,0,
ukraine,18.5,0,
ukraine,19.0,0,
ukraine,19.5,0,
ukraine,20.0,0,
ukraine,20.5,0,
ukraine,21.0,0,
ukraine,21.5,0,
ukraine,22.0,0,
ukraine,22.5,0,
ukraine,23.0,0,
ukraine,23.5,0,
ukraine,24.0,0,
united_arab_emirates,0.0,0,
united_arab_emirates,0.5,0,
united_arab_emirates,1.0,0,
united_arab_emirates,1.5,0,
united_arab_emirates,2.0,0,
united_arab_emirates,2.5,0,
united_arab_emirates,3.0,0,
united_arab_emirates,3.5,0,
united_arab_emirates,4.0,0,
united_arab_emirates,4.5,0,
united_arab_emirates,5.0,0,
united_arab_emirates,5.5,0,
united_arab_emirates,6.0,0,
united_arab_emirates,6.5,0,
united_arab_emirates,7.0,0,
united_arab_emirates,7.5,0,
united_arab_emirates,8.0,0,
united_arab_emirates,8.5,0,
united_arab_emirates,9.0,0,
united_arab_emirates,9.5,0,
united_arab_emirates,10.0,0,
united_arab_emirates,10.5,0,
united_arab_emirates,11.0,0,
united_arab_emirates,11.5,0,
united_arab_emirates,12.0,0,
united_arab_emirates,12.5,0,
united_arab_emirates,13.0,0,
united_arab_emirates,13.5,0,
united_arab_emirates,14.0,0,
united_arab_emirates,14.5,0,
united_arab_emirates,15.0,0,
united_arab_emirates,15.5,0,
united_arab_emirates,16.0,0,
united_arab_emirates,16.5,0,
united_arab_emirates,17.0,0,
united_arab_emirates,17.5,0,
united_arab_emirates,18.0,0,
united_arab_emirates,18.5,0,
united_arab_emirates,19.0,0,
united_arab_emirates,19.5,0,
united_arab_emirates,20.0,0,
united_arab_emirates,20.5,0,
united_arab_emirates,21.0,0,
united_arab_emirates,21.5,0,
united_arab_emirates,22.0,0,
united_arab_emirates,22.5,0,
united_arab_emirates,23.0,0,
united_arab_emirates,23.5,0,
united_arab_emirates,24.0,0,
united_kingdom,0.0,0,
united_kingdom,0.5,0,
united_kingdom,1.0,0,
united_kingdom,1.5,0,
united_kingdom,2.0,0,
united_kingdom,2.5,0,
united_kingdom,3.0,0,
united_kingdom,3.5,0,
united_kingdom,4.0,0,
united_kingdom,4.5,0,
united_kingdom,5.0,0,
united_kingdom,5.5,0,
united_kingdom,6.0,0,
united_kingdom,6.5,0,
united_kingdom,7.0,0,
united_kingdom,7.5,0,
united_kingdom,8.0,0,
united_kingdom,8.5,0,
united_kingdom,9.0,0,
united_kingdom,9.5,0,
united_kingdom,10.0,0,
united_kingdom,10.5,0,
united_kingdom,11.0,0,
united_kingdom,11.5,0,
united_kingdom,12.0,0,
united_kingdom,12.5,0,
united_kingdom,13.0,0,
united_kingdom,13.5,0,
united_kingdom,14.0,0,
united_kingdom,14.5,0,
united_kingdom,15.0,0,
united_kingdom,15.5,0,
united_kingdom,16.0,0,
united_kingdom,16.5,0,
united_kingdom,17.0,0,
united_kingdom,17.5,0,
united_kingdom,18.0,0,
united_kingdom,18.5,0,
united_kingdom,19.0,0,
united_kingdom,19.5,0,
united_kingdom,20.0,0,
united_kingdom,20.5,0,
united_kingdom,21.0,0,
united_kingdom,21.5,0,
united_kingdom,22.0,0,
united_kingdom,22.5,0,
united_kingdom,23.0,0,
united_kingdom,23.5,0,
united_kingdom,24.0,0,
united_states_of_america,0.0,0,0.3465863453815261
united_states_of_america,0.5,0,0.5260223048327137
united_states_of_america,1.0,0,0.605301914580265
united_states_of_america,1.5,0,0.6700593723494487
united_states_of_america,2.0,0,0.7169441723800196
united_states_of_america,2.5,0,0.75
united_states_of_america,3.0,0,0.79625
united_states_of_america,3.5,0,0.8205841446453408
united_states_of_america,4.0,0,0.8602150537634409
united_states_of_america,4.5,0,0.883248730964467
united_states_of_america,5.0,0,0.8825688073394495
united_states_of_america,5.5,0,0.8942115768463074
united_states_of_america,6.0,0,0.8972162740899358
united_states_of_america,6.5,0,0.9039812646370023
united_states_of_america,7.0,0,0.9153439153439153
united_states_of_america,7.5,0,0.9441176470588235
united_states_of_america,8.0,0,0.9498327759197325
united_states_of_america,8.5,0,0.9507042253521126
united_states_of_america,9.0,0,0.96
united_states_of_america,9.5,0,0.9653679653679653
united_states_of_america,10.0,0,0.9622641509433962
united_states_of_america,10.5,0,0.9646464646464646
united_states_of_america,11.0,0,0.9602272727272727
united_states_of_america,11.5,0,0.9570552147239264
united_states_of_america,12.0,0,0.9548387096774194
united_states_of_america,12.5,0,0.951048951048951
united_states_of_america,13.0,0,0.948905109489051
united_states_of_america,13.5,0,0.9512195121951219
united_states_of_america,14.0,0,0.9636363636363636
united_states_of_america,14.5,0,0.968421052631579
united_states_of_america,15.0,0,0.9647058823529412
united_states_of_america,15.5,0,0.96
united_states_of_america,16.0,0,0.9558823529411765
united_states_of_america,16.5,0,0.9836065573770492
united_states_of_america,17.0,0,1.0
united_states_of_america,17.5,0,1.0
united_states_of_america,18.0,0,1.0
united_states_of_america,18.5,0,1.0
united_states_of_america,19.0,0,1.0
united_states_of_america,19.5,0,1.0
united_states_of_america,20.0,0,1.0
united_states_of_america,20.5,0,1.0
united_states_of_america,21.0,0,1.0
united_states_of_america,21.5,0,1.0
united_states_of_america,22.0,0,1.0
united_states_of_america,22.5,0,1.0
united_states_of_america,23.0,0,1.0
united_states_of_america,23.5,0,1.0
united_states_of_america,24.0,0,1.0
united_states_virgin_islands,0.0,0,
united_states_virgin_islands,0.5,0,
united_states_virgin_islands,1.0,0,
united_states_virgin_islands,1.5,0,
united_states_virgin_islands,2.0,0,
united_states_virgin_islands,2.5,0,
united_states_virgin_islands,3.0,0,
united_states_virgin_islands,3.5,0,
united_states_virgin_islands,4.0,0,
united_states_virgin_islands,4.5,0,
united_states_virgin_islands,5.0,0,
united_states_virgin_islands,5.5,0,
united_states_virgin_islands,6.0,0,
united_states_virgin_islands,6.5,0,
united_states_virgin_islands,7.0,0,
united_states_virgin_islands,7.5,0,
united_states_virgin_islands,8.0,0,
united_states_virgin_islands,8.5,0,
united_states_virgin_islands,9.0,0,
united_states_virgin_islands,9.5,0,
united_states_virgin_islands,10.0,0,
united_states_virgin_islands,10.5,0,
united_states_virgin_islands,11.0,0,
united_states_virgin_islands,11.5,0,
united_states_virgin_islands,12.0,0,
united_states_virgin_islands,12.5,0,
united_states_virgin_islands,13.0,0,
united_states_virgin_islands,13.5,0,
united_states_virgin_islands,14.0,0,
united_states_virgin_islands,14.5,0,
united_states_virgin_islands,15.0,0,
united_states_virgin_islands,15.5,0,
united_states_virgin_islands,16.0,0,
united_states_virgin_islands,16.5,0,
united_states_virgin_islands,17.0,0,
united_states_virgin_islands,17.5,0,
united_states_virgin_islands,18.0,0,
united_states_virgin_islands,18.5,0,
united_states_virgin_islands,19.0,0,
united_states_virgin_islands,19.5,0,
united_states_virgin_islands,20.0,0,
united_states_virgin_islands,20.5,0,
united_states_virgin_islands,21.0,0,
united_states_virgin_islands,21.5,0,
united_states_virgin_islands,22.0,0,
united_states_virgin_islands,22.5,0,
united_states_virgin_islands,23.0,0,
united_states_virgin_islands,23.5,0,
united_states_virgin_islands,24.0,0,
uruguay,0.0,0,
uruguay,0.5,0,
uruguay,1.0,0,
uruguay,1.5,0,
uruguay,2.0,0,
uruguay,2.5,0,
uruguay,3.0,0,
uruguay,3.5,0,
uruguay,4.0,0,
uruguay,4.5,0,
uruguay,5.0,0,
uruguay,5.5,0,
uruguay,6.0,0,
uruguay,6.5,0,
uruguay,7.0,0,
uruguay,7.5,0,
uruguay,8.0,0,
uruguay,8.5,0,
uruguay,9.0,0,
uruguay,9.5,0,
uruguay,10.0,0,
uruguay,10.5,0,
uruguay,11.0,0,
uruguay,11.5,0,
uruguay,12.0,0,
uruguay,12.5,0,
uruguay,13.0,0,
uruguay,13.5,0,
uruguay,14.0,0,
uruguay,14.5,0,
uruguay,15.0,0,
uruguay,15.5,0,
uruguay,16.0,0,
uruguay,16.5,0,
uruguay,17.0,0,
uruguay,17.5,0,
uruguay,18.0,0,
uruguay,18.5,0,
uruguay,19.0,0,
uruguay,19.5,0,
uruguay,20.0,0,
uruguay,20.5,0,
uruguay,21.0,0,
uruguay,21.5,0,
uruguay,22.0,0,
uruguay,22.5,0,
uruguay,23.0,0,
uruguay,23.5,0,
uruguay,24.0,0,
uzbekistan,0.0,0,
uzbekistan,0.5,0,
uzbekistan,1.0,0,
uzbekistan,1.5,0,
uzbekistan,2.0,0,
uzbekistan,2.5,0,
uzbekistan,3.0,0,
uzbekistan,3.5,0,
uzbekistan,4.0,0,
uzbekistan,4.5,0,
uzbekistan,5.0,0,
uzbekistan,5.5,0,
uzbekistan,6.0,0,
uzbekistan,6.5,0,
uzbekistan,7.0,0,
uzbekistan,7.5,0,
uzbekistan,8.0,0,
uzbekistan,8.5,0,
uzbekistan,9.0,0,
uzbekistan,9.5,0,
uzbekistan,10.0,0,
uzbekistan,10.5,0,
uzbekistan,11.0,0,
uzbekistan,11.5,0,
uzbekistan,12.0,0,
uzbekistan,12.5,0,
uzbekistan,13.0,0,
uzbekistan,13.5,0,
uzbekistan,14.0,0,
uzbekistan,14.5,0,
uzbekistan,15.0,0,
uzbekistan,15.5,0,
uzbekistan,16.0,0,
uzbekistan,16.5,0,
uzbekistan,17.0,0,
uzbekistan,17.5,0,
uzbekistan,18.0,0,
uzbekistan,18.5,0,
uzbekistan,19.0,0,
uzbekistan,19.5,0,
uzbekistan,20.0,0,
uzbekistan,20.5,0,
uzbekistan,21.0,0,
uzbekistan,21.5,0,
uzbekistan,22.0,0,
uzbekistan,22.5,0,
uzbekistan,23.0,0,
uzbekistan,23.5,0,
uzbekistan,24.0,0,
vanuatu,0.0,0,
vanuatu,0.5,0,
vanuatu,1.0,0,
vanuatu,1.5,0,
vanuatu,2.0,0,
vanuatu,2.5,0,
vanuatu,3.0,0,
vanuatu,3.5,0,
vanuatu,4.0,0,
vanuatu,4.5,0,
vanuatu,5.0,0,
vanuatu,5.5,0,
vanuatu,6.0,0,
vanuatu,6.5,0,
vanuatu,7.0,0,
vanuatu,7.5,0,
vanuatu,8.0,0,
vanuatu,8.5,0,
vanuatu,9.0,0,
vanuatu,9.5,0,
vanuatu,10.0,0,
vanuatu,10.5,0,
vanuatu,11.0,0,
vanuatu,11.5,0,
vanuatu,12.0,0,
vanuatu,12.5,0,
vanuatu,13.0,0,
vanuatu,13.5,0,
vanuatu,14.0,0,
vanuatu,14.5,0,
vanuatu,15.0,0,
vanuatu,15.5,0,
vanuatu,16.0,0,
vanuatu,16.5,0,
vanuatu,17.0,0,
vanuatu,17.5,0,
vanuatu,18.0,0,
vanuatu,18.5,0,
vanuatu,19.0,0,
vanuatu,19.5,0,
vanuatu,20.0,0,
vanuatu,20.5,0,
vanuatu,21.0,0,
vanuatu,21.5,0,
vanuatu,22.0,0,
vanuatu,22.5,0,
vanuatu,23.0,0,
vanuatu,23.5,0,
vanuatu,24.0,0,
venezuela,0.0,0,
venezuela,0.5,0,
venezuela,1.0,0,
venezuela,1.5,0,
venezuela,2.0,0,
venezuela,2.5,0,
venezuela,3.0,0,
venezuela,3.5,0,
venezuela,4.0,0,
venezuela,4.5,0,
venezuela,5.0,0,
venezuela,5.5,0,
venezuela,6.0,0,
venezuela,6.5,0,
venezuela,7.0,0,
venezuela,7.5,0,
venezuela,8.0,0,
venezuela,8.5,0,
venezuela,9.0,0,
venezuela,9.5,0,
venezuela,10.0,0,
venezuela,10.5,0,
venezuela,11.0,0,
venezuela,11.5,0,
venezuela,12.0,0,
venezuela,12.5,0,
venezuela,13.0,0,
venezuela,13.5,0,
venezuela,14.0,0,
venezuela,14.5,0,
venezuela,15.0,0,
venezuela,15.5,0,
venezuela,16.0,0,
venezuela,16.5,0,
venezuela,17.0,0,
venezuela,17.5,0,
venezuela,18.0,0,
venezuela,18.5,0,
venezuela,19.0,0,
venezuela,19.5,0,
venezuela,20.0,0,
venezuela,20.5,0,
venezuela,21.0,0,
venezuela,21.5,0,
venezuela,22.0,0,
venezuela,22.5,0,
venezuela,23.0,0,
venezuela,23.5,0,
venezuela,24.0,0,
vietnam,0.0,0,
vietnam,0.5,0,
vietnam,1.0,0,
vietnam,1.5,0,
vietnam,2.0,0,
vietnam,2.5,0,
vietnam,3.0,0,
vietnam,3.5,0,
vietnam,4.0,0,
vietnam,4.5,0,
vietnam,5.0,0,
vietnam,5.5,0,
vietnam,6.0,0,
vietnam,6.5,0,
vietnam,7.0,0,
vietnam,7.5,0,
vietnam,8.0,0,
vietnam,8.5,0,
vietnam,9.0,0,
vietnam,9.5,0,
vietnam,10.0,0,
vietnam,10.5,0,
vietnam,11.0,0,
vietnam,11.5,0,
vietnam,12.0,0,
vietnam,12.5,0,
vietnam,13.0,0,
vietnam,13.5,0,
vietnam,14.0,0,
vietnam,14.5,0,
vietnam,15.0,0,
vietnam,15.5,0,
vietnam,16.0,0,
vietnam,16.5,0,
vietnam,17.0,0,
vietnam,17.5,0,
vietnam,18.0,0,
vietnam,18.5,0,
vietnam,19.0,0,
vietnam,19.5,0,
vietnam,20.0,0,
vietnam,20.5,0,
vietnam,21.0,0,
vietnam,21.5,0,
vietnam,22.0,0,
vietnam,22.5,0,
vietnam,23.0,0,
vietnam,23.5,0,
vietnam,24.0,0,
western_sahara,0.0,0,
western_sahara,0.5,0,
western_sahara,1.0,0,
western_sahara,1.5,0,
western_sahara,2.0,0,
western_sahara,2.5,0,
western_sahara,3.0,0,
western_sahara,3.5,0,
western_sahara,4.0,0,
western_sahara,4.5,0,
western_sahara,5.0,0,
western_sahara,5.5,0,
western_sahara,6.0,0,
western_sahara,6.5,0,
western_sahara,7.0,0,
western_sahara,7.5,0,
western_sahara,8.0,0,
western_sahara,8.5,0,
western_sahara,9.0,0,
western_sahara,9.5,0,
western_sahara,10.0,0,
western_sahara,10.5,0,
western_sahara,11.0,0,
western_sahara,11.5,0,
western_sahara,12.0,0,
western_sahara,12.5,0,
western_sahara,13.0,0,
western_sahara,13.5,0,
western_sahara,14.0,0,
western_sahara,14.5,0,
western_sahara,15.0,0,
western_sahara,15.5,0,
western_sahara,16.0,0,
western_sahara,16.5,0,
western_sahara,17.0,0,
western_sahara,17.5,0,
western_sahara,18.0,0,
western_sahara,18.5,0,
western_sahara,19.0,0,
western_sahara,19.5,0,
western_sahara,20.0,0,
western_sahara,20.5,0,
western_sahara,21.0,0,
western_sahara,21.5,0,
western_sahara,22.0,0,
western_sahara,22.5,0,
western_sahara,23.0,0,
western_sahara,23.5,0,
western_sahara,24.0,0,
yemen,0.0,0,
yemen,0.5,0,
yemen,1.0,0,
yemen,1.5,0,
yemen,2.0,0,
yemen,2.5,0,
yemen,3.0,0,
yemen,3.5,0,
yemen,4.0,0,
yemen,4.5,0,
yemen,5.0,0,
yemen,5.5,0,
yemen,6.0,0,
yemen,6.5,0,
yemen,7.0,0,
yemen,7.5,0,
yemen,8.0,0,
yemen,8.5,0,
yemen,9.0,0,
yemen,9.5,0,
yemen,10.0,0,
yemen,10.5,0,
yemen,11.0,0,
yemen,11.5,0,
yemen,12.0,0,
yemen,12.5,0,
yemen,13.0,0,
yemen,13.5,0,
yemen,14.0,0,
yemen,14.5,0,
yemen,15.0,0,
yemen,15.5,0,
yemen,16.0,0,
yemen,16.5,0,
yemen,17.0,0,
yemen,17.5,0,
yemen,18.0,0,
yemen,18.5,0,
yemen,19.0,0,
yemen,19.5,0,
yemen,20.0,0,
yemen,20.5,0,
yemen,21.0,0,
yemen,21.5,0,
yemen,22.0,0,
yemen,22.5,0,
yemen,23.0,0,
yemen,23.5,0,
yemen,24.0,0,
zambia,0.0,0,0.39752341641530403
zambia,0.5,0,0.6644811858608894
zambia,1.0,0,0.7465846994535519
zambia,1.5,0,0.804675118858954
zambia,2.0,0,0.8474025974025974
zambia,2.5,0,0.8732545649838883
zambia,3.0,0,0.8881376767055931
zambia,3.5,0,0.9052631578947369
zambia,4.0,0,0.9125200642054575
zambia,4.5,0,0.915129151291513
zambia,5.0,0,0.926906779661017
zambia,5.5,0,0.9353658536585366
zambia,6.0,0,0.9434482758620689
zambia,6.5,0,0.9441786283891547
zambia,7.0,0,0.9482439926062847
zambia,7.5,0,0.9540481400437637
zambia,8.0,0,0.9622166246851386
zambia,8.5,0,0.9725609756097561
zambia,9.0,0,0.9862542955326461
zambia,9.5,0,0.9922480620155039
zambia,10.0,0,0.9956331877729258
zambia,10.5,0,1.0
zambia,11.0,0,1.0
zambia,11.5,0,1.0
zambia,12.0,0,1.0
zambia,12.5,0,1.0
zambia,13.0,0,1.0
zambia,13.5,0,1.0
zambia,14.0,0,1.0
zambia,14.5,0,1.0
zambia,15.0,0,1.0
zambia,15.5,0,1.0
zambia,16.0,0,1.0
zambia,16.5,0,1.0
zambia,17.0,0,1.0
zambia,17.5,0,1.0
zambia,18.0,0,1.0
zambia,18.5,0,1.0
zambia,19.0,0,1.0
zambia,19.5,0,1.0
zambia,20.0,0,1.0
zambia,20.5,0,1.0
zambia,21.0,0,1.0
zambia,21.5,0,1.0
zambia,22.0,0,1.0
zambia,22.5,0,1.0
zambia,23.0,0,1.0
zambia,23.5,0,1.0
zambia,24.0,0,1.0
zimbabwe,0.0,0,0.26054054054054054
zimbabwe,0.5,0,0.530751708428246
zimbabwe,1.0,0,0.592391304347826
zimbabwe,1.5,0,0.6422018348623854
zimbabwe,2.0,0,0.7142857142857143
zimbabwe,2.5,0,0.7942386831275721
zimbabwe,3.0,0,0.8387096774193549
zimbabwe,3.5,0,0.8564102564102564
zimbabwe,4.0,0,0.9137931034482759
zimbabwe,4.5,0,0.9305555555555556
zimbabwe,5.0,0,0.944
zimbabwe,5.5,0,0.9444444444444444
zimbabwe,6.0,0,0.967032967032967
zimbabwe,6.5,0,0.9753086419753086
zimbabwe,7.0,0,0.9859154929577465
zimbabwe,7.5,0,0.9824561403508771
zimbabwe,8.0,0,0.9803921568627451
zimbabwe,8.5,0,0.9787234042553191
zimbabwe,9.0,0,1.0
zimbabwe,9.5,0,1.0
zimbabwe,10.0,0,1.0
zimbabwe,10.5,0,1.0
zimbabwe,11.0,0,1.0
zimbabwe,11.5,0,1.0
zimbabwe,12.0,0,1.0
zimbabwe,12.5,0,1.0
zimbabwe,13.0,0,1.0
zimbabwe,13.5,0,1.0
zimbabwe,14.0,0,1.0
zimbabwe,14.5,0,1.0
zimbabwe,15.0,0,1.0
zimbabwe,15.5,0,1.0
zimbabwe,16.0,0,1.0
zimbabwe,16.5,0,1.0
zimbabwe,17.0,0,1.0
zimbabwe,17.5,0,1.0
zimbabwe,18.0,0,1.0
zimbabwe,18.5,0,1.0
zimbabwe,19.0,0,1.0
zimbabwe,19.5,0,1.0
zimbabwe,20.0,0,1.0
zimbabwe,20.5,0,
zimbabwe,21.0,0,
zimbabwe,21.5,0,
zimbabwe,22.0,0,
zimbabwe,22.5,0,
zimbabwe,23.0,0,
zimbabwe,23.5,0,
zimbabwe,24.0,0,
