estimate,0.0,0.1,0.2,0.30000000000000004,0.4,0.5,0.6000000000000001,0.7000000000000001,0.8,0.9,1.0,1.1,1.2000000000000002,1.3,1.4000000000000001,1.5,1.6,1.7000000000000002,1.8,1.9000000000000001,2.0,2.1,2.2,2.3000000000000003,2.4000000000000004,2.5,2.6,2.7,2.8000000000000003,2.9000000000000004,3.0,3.1,3.2,3.3000000000000003,3.4000000000000004,3.5,3.6,3.7,3.8000000000000003,3.9000000000000004,4.0,4.1000000000000005,4.2,4.3,4.4,4.5,4.6000000000000005,4.7,4.800000000000001,4.9,5.0,5.1000000000000005,5.2,5.300000000000001,5.4,5.5,5.6000000000000005,5.7,5.800000000000001,5.9,6.0,6.1000000000000005,6.2,6.300000000000001,6.4,6.5,6.6000000000000005,6.7,6.800000000000001,6.9,7.0,7.1000000000000005,7.2,7.300000000000001,7.4,7.5,7.6000000000000005,7.7,7.800000000000001,7.9,8.0,8.1,8.200000000000001,8.3,8.4,8.5,8.6,8.700000000000001,8.8,8.9,9.0,9.1,9.200000000000001,9.3,9.4,9.5,9.600000000000001,9.700000000000001,9.8,9.9,10.0,10.100000000000001,10.200000000000001,10.3,10.4,10.5,10.600000000000001,10.700000000000001,10.8,10.9,11.0,11.100000000000001,11.200000000000001,11.3,11.4,11.5,11.600000000000001,11.700000000000001,11.8,11.9,12.0,12.100000000000001,12.200000000000001,12.3,12.4,12.5,12.600000000000001,12.700000000000001,12.8,12.9,13.0,13.100000000000001,13.200000000000001,13.3,13.4,13.5,13.600000000000001,13.700000000000001,13.8,13.9,14.0,14.100000000000001,14.200000000000001,14.3,14.4,14.5,14.600000000000001,14.700000000000001,14.8,14.9,15.0,15.100000000000001,15.200000000000001,15.3,15.4,15.5,15.600000000000001,15.700000000000001,15.8,15.9,16.0,16.1,16.2,16.3,16.400000000000002,16.5,16.6,16.7,16.8,16.900000000000002,17.0,17.1,17.2,17.3,17.400000000000002,17.5,17.6,17.7,17.8,17.900000000000002,18.0,18.1,18.2,18.3,18.400000000000002,18.5,18.6,18.7,18.8,18.900000000000002,19.0,19.1,19.200000000000003,19.3,19.400000000000002,19.5,19.6,19.700000000000003,19.8
0.0,16665.0,983.0,441.0,285.0,217.0,150.0,143.0,115.0,111.0,86.0,75.0,54.0,49.0,60.0,66.0,61.0,45.0,46.0,39.0,35.0,28.0,18.0,32.0,12.0,36.0,38.0,19.0,18.0,10.0,18.0,19.0,10.0,14.0,7.0,10.0,13.0,8.0,17.0,11.0,5.0,9.0,5.0,4.0,2.0,3.0,6.0,6.0,10.0,4.0,0.0,2.0,4.0,3.0,3.0,2.0,2.0,4.0,4.0,2.0,1.0,3.0,4.0,1.0,1.0,4.0,2.0,1.0,2.0,1.0,1.0,0.0,0.0,0.0,0.0,1.0,1.0,1.0,0.0,0.0,3.0,1.0,0.0,0.0,0.0,3.0,2.0,1.0,0.0,0.0,0.0,0.0,0.0,0.0,0.0,0.0,0.0,0.0,0.0,0.0,0.0,0.0,0.0,0.0,0.0,0.0,0.0,0.0,0.0,0.0,0.0,0.0,0.0,0.0,0.0,1.0,0.0,0.0,0.0,1.0,2.0,0.0,0.0,0.0,0.0,0.0,0.0,0.0,0.0,1.0,0.0,0.0,0.0,0.0,0.0,0.0,0.0,0.0,0.0,0.0,0.0,0.0,0.0,0.0,0.0,0.0,0.0,0.0,0.0,0.0,0.0,0.0,0.0,0.0,0.0,0.0,0.0,0.0,0.0,0.0,0.0,0.0,0.0,0.0,0.0,0.0,0.0,0.0,0.0,0.0,0.0,0.0,0.0,0.0,0.0,0.0,0.0,0.0,0.0,0.0,0.0,0.0,0.0,0.0,0.0,0.0,0.0,0.0,0.0,0.0,0.0,0.0,0.0,0.0,0.0,0.0,0.0,0.0,0.0,0.0
0.1,2866.0,340.0,212.0,130.0,111.0,109.0,72.0,57.0,71.0,45.0,59.0,40.0,37.0,41.0,32.0,25.0,20.0,33.0,19.0,13.0,17.0,14.0,19.0,12.0,6.0,11.0,17.0,5.0,10.0,12.0,11.0,7.0,6.0,4.0,7.0,7.0,6.0,7.0,8.0,7.0,6.0,1.0,5.0,0.0,3.0,2.0,7.0,6.0,2.0,1.0,2.0,2.0,5.0,2.0,1.0,5.0,2.0,2.0,0.0,1.0,3.0,2.0,0.0,1.0,0.0,4.0,1.0,3.0,5.0,1.0,0.0,1.0,0.0,3.0,1.0,1.0,1.0,0.0,2.0,1.0,2.0,0.0,1.0,0.0,0.0,0.0,1.0,0.0,1.0,0.0,0.0,2.0,2.0,0.0,0.0,1.0,0.0,0.0,0.0,0.0,5.0,0.0,0.0,2.0,0.0,0.0,0.0,0.0,3.0,2.0,0.0,1.0,0.0,0.0,0.0,0.0,0.0,0.0,0.0,0.0,0.0,0.0,0.0,0.0,0.0,0.0,0.0,0.0,0.0,0.0,0.0,0.0,0.0,0.0,0.0,0.0,0.0,0.0,0.0,0.0,0.0,0.0,0.0,0.0,0.0,0.0,0.0,0.0,0.0,0.0,0.0,0.0,0.0,0.0,0.0,0.0,0.0,0.0,1.0,0.0,0.0,0.0,0.0,0.0,0.0,0.0,0.0,0.0,0.0,0.0,0.0,0.0,0.0,0.0,0.0,0.0,0.0,0.0,0.0,0.0,0.0,0.0,0.0,0.0,0.0,0.0,0.0,0.0,0.0,0.0,0.0,0.0,0.0,0.0,0.0,0.0,0.0,1.0,0.0
0.2,1699.0,234.0,159.0,90.0,75.0,65.0,54.0,52.0,45.0,39.0,48.0,44.0,39.0,39.0,33.0,24.0,35.0,40.0,28.0,18.0,17.0,21.0,17.0,15.0,12.0,15.0,9.0,9.0,11.0,14.0,9.0,7.0,18.0,8.0,1.0,11.0,7.0,7.0,4.0,7.0,13.0,4.0,11.0,5.0,9.0,2.0,2.0,3.0,6.0,1.0,5.0,7.0,4.0,1.0,4.0,0.0,3.0,3.0,1.0,2.0,0.0,3.0,0.0,1.0,0.0,0.0,1.0,4.0,0.0,2.0,0.0,2.0,1.0,1.0,1.0,4.0,0.0,0.0,1.0,0.0,2.0,0.0,0.0,1.0,0.0,1.0,0.0,0.0,3.0,1.0,2.0,1.0,2.0,0.0,2.0,0.0,2.0,0.0,0.0,1.0,1.0,1.0,0.0,0.0,0.0,3.0,0.0,0.0,0.0,1.0,0.0,0.0,0.0,1.0,0.0,0.0,1.0,0.0,0.0,0.0,0.0,0.0,0.0,0.0,0.0,0.0,0.0,1.0,0.0,0.0,0.0,0.0,0.0,0.0,0.0,0.0,0.0,0.0,0.0,0.0,0.0,0.0,0.0,0.0,0.0,0.0,0.0,0.0,0.0,0.0,1.0,0.0,0.0,0.0,1.0,0.0,0.0,0.0,2.0,0.0,0.0,0.0,0.0,0.0,0.0,0.0,0.0,0.0,0.0,0.0,0.0,0.0,0.0,1.0,0.0,0.0,0.0,0.0,0.0,0.0,0.0,0.0,0.0,0.0,0.0,0.0,0.0,0.0,0.0,0.0,0.0,0.0,0.0,0.0,0.0,0.0,0.0,0.0,0.0
0.30000000000000004,1263.0,180.0,141.0,82.0,53.0,56.0,45.0,71.0,42.0,43.0,38.0,30.0,41.0,25.0,27.0,22.0,26.0,29.0,19.0,18.0,22.0,26.0,16.0,18.0,9.0,20.0,6.0,8.0,8.0,5.0,8.0,2.0,12.0,16.0,6.0,7.0,11.0,2.0,8.0,3.0,6.0,10.0,6.0,4.0,5.0,3.0,2.0,11.0,6.0,7.0,1.0,1.0,5.0,1.0,4.0,2.0,3.0,4.0,1.0,1.0,3.0,2.0,1.0,2.0,2.0,1.0,6.0,0.0,2.0,2.0,1.0,1.0,6.0,1.0,1.0,0.0,3.0,0.0,0.0,1.0,0.0,1.0,1.0,0.0,2.0,0.0,0.0,1.0,0.0,0.0,0.0,0.0,1.0,0.0,0.0,0.0,0.0,0.0,1.0,0.0,0.0,0.0,0.0,1.0,0.0,0.0,1.0,0.0,0.0,0.0,0.0,2.0,0.0,0.0,0.0,0.0,0.0,0.0,0.0,0.0,0.0,0.0,1.0,0.0,1.0,0.0,0.0,0.0,1.0,0.0,0.0,0.0,0.0,1.0,0.0,0.0,0.0,0.0,0.0,0.0,0.0,0.0,0.0,0.0,0.0,1.0,1.0,0.0,0.0,0.0,0.0,0.0,0.0,1.0,0.0,0.0,0.0,0.0,1.0,0.0,0.0,1.0,0.0,0.0,0.0,0.0,0.0,0.0,0.0,0.0,0.0,0.0,0.0,0.0,0.0,0.0,0.0,0.0,0.0,0.0,0.0,0.0,0.0,0.0,0.0,0.0,0.0,0.0,0.0,0.0,0.0,0.0,0.0,0.0,0.0,0.0,0.0,0.0,0.0
0.4,976.0,170.0,133.0,76.0,66.0,68.0,41.0,51.0,39.0,42.0,36.0,25.0,45.0,22.0,15.0,19.0,18.0,21.0,19.0,18.0,13.0,16.0,18.0,12.0,15.0,12.0,12.0,10.0,12.0,5.0,15.0,4.0,6.0,13.0,2.0,6.0,8.0,9.0,5.0,5.0,5.0,4.0,5.0,8.0,1.0,5.0,1.0,3.0,3.0,6.0,3.0,2.0,4.0,4.0,3.0,3.0,4.0,3.0,2.0,1.0,1.0,2.0,2.0,3.0,2.0,0.0,1.0,0.0,0.0,0.0,1.0,0.0,0.0,1.0,0.0,0.0,1.0,1.0,0.0,1.0,1.0,0.0,0.0,1.0,2.0,0.0,0.0,0.0,0.0,1.0,0.0,0.0,0.0,0.0,0.0,0.0,0.0,0.0,1.0,1.0,0.0,0.0,0.0,0.0,0.0,2.0,1.0,0.0,1.0,0.0,1.0,2.0,0.0,1.0,2.0,0.0,0.0,0.0,0.0,0.0,0.0,3.0,0.0,0.0,0.0,0.0,0.0,1.0,0.0,0.0,0.0,0.0,1.0,0.0,0.0,0.0,0.0,0.0,0.0,0.0,0.0,0.0,0.0,0.0,0.0,0.0,0.0,0.0,0.0,0.0,0.0,0.0,0.0,0.0,0.0,0.0,0.0,0.0,0.0,0.0,0.0,0.0,0.0,0.0,0.0,0.0,0.0,0.0,0.0,0.0,0.0,0.0,0.0,0.0,0.0,0.0,0.0,0.0,0.0,0.0,0.0,0.0,0.0,0.0,0.0,0.0,0.0,0.0,0.0,0.0,0.0,0.0,0.0,0.0,1.0,0.0,0.0,0.0,0.0
0.5,797.0,182.0,103.0,78.0,62.0,52.0,43.0,39.0,44.0,33.0,29.0,33.0,33.0,17.0,26.0,24.0,24.0,28.0,15.0,16.0,25.0,16.0,25.0,8.0,24.0,10.0,11.0,9.0,14.0,6.0,18.0,7.0,3.0,8.0,8.0,5.0,7.0,3.0,5.0,7.0,7.0,13.0,4.0,7.0,3.0,2.0,7.0,3.0,4.0,8.0,2.0,1.0,1.0,1.0,3.0,0.0,1.0,4.0,3.0,1.0,1.0,3.0,10.0,1.0,2.0,1.0,1.0,1.0,1.0,2.0,2.0,0.0,2.0,1.0,1.0,4.0,3.0,0.0,0.0,1.0,1.0,2.0,1.0,0.0,0.0,0.0,2.0,0.0,0.0,1.0,0.0,0.0,0.0,2.0,0.0,2.0,3.0,0.0,1.0,0.0,0.0,2.0,0.0,1.0,0.0,0.0,1.0,0.0,0.0,0.0,0.0,0.0,0.0,0.0,2.0,2.0,0.0,0.0,0.0,0.0,0.0,1.0,0.0,0.0,1.0,0.0,0.0,0.0,0.0,0.0,0.0,0.0,0.0,0.0,0.0,1.0,0.0,0.0,0.0,1.0,0.0,0.0,0.0,0.0,0.0,0.0,0.0,0.0,5.0,0.0,0.0,0.0,0.0,0.0,0.0,0.0,0.0,0.0,0.0,0.0,0.0,0.0,0.0,0.0,0.0,0.0,0.0,0.0,0.0,0.0,0.0,0.0,0.0,0.0,0.0,0.0,0.0,0.0,0.0,0.0,0.0,0.0,0.0,0.0,0.0,0.0,0.0,0.0,0.0,0.0,0.0,0.0,0.0,0.0,0.0,0.0,0.0,0.0,0.0
0.6000000000000001,701.0,139.0,78.0,73.0,50.0,46.0,24.0,69.0,31.0,37.0,37.0,32.0,15.0,19.0,34.0,19.0,17.0,19.0,14.0,12.0,17.0,16.0,21.0,12.0,17.0,10.0,9.0,11.0,15.0,9.0,10.0,12.0,6.0,7.0,14.0,5.0,8.0,5.0,3.0,9.0,11.0,6.0,3.0,3.0,3.0,3.0,3.0,4.0,5.0,3.0,3.0,3.0,3.0,6.0,2.0,4.0,1.0,5.0,3.0,4.0,2.0,2.0,5.0,7.0,0.0,0.0,1.0,1.0,6.0,3.0,0.0,3.0,0.0,0.0,7.0,3.0,4.0,1.0,1.0,2.0,1.0,0.0,0.0,1.0,1.0,0.0,0.0,1.0,0.0,0.0,0.0,0.0,0.0,2.0,2.0,0.0,1.0,0.0,0.0,0.0,0.0,0.0,0.0,0.0,0.0,0.0,0.0,0.0,0.0,1.0,0.0,0.0,0.0,0.0,2.0,1.0,0.0,0.0,0.0,0.0,0.0,0.0,0.0,0.0,0.0,0.0,0.0,0.0,0.0,0.0,0.0,0.0,0.0,0.0,0.0,0.0,0.0,0.0,0.0,0.0,0.0,0.0,0.0,0.0,0.0,0.0,0.0,0.0,0.0,0.0,0.0,0.0,1.0,0.0,0.0,0.0,0.0,0.0,0.0,0.0,0.0,0.0,0.0,0.0,0.0,0.0,0.0,0.0,0.0,0.0,0.0,0.0,0.0,0.0,0.0,1.0,0.0,0.0,0.0,0.0,0.0,0.0,0.0,0.0,0.0,0.0,0.0,0.0,0.0,0.0,0.0,0.0,0.0,0.0,0.0,0.0,0.0,0.0,0.0
0.7000000000000001,532.0,118.0,80.0,79.0,75.0,61.0,42.0,33.0,37.0,37.0,41.0,38.0,47.0,19.0,27.0,36.0,20.0,17.0,19.0,16.0,16.0,15.0,15.0,19.0,8.0,17.0,12.0,13.0,11.0,2.0,3.0,8.0,6.0,12.0,4.0,3.0,6.0,4.0,2.0,5.0,2.0,4.0,6.0,3.0,9.0,4.0,3.0,3.0,5.0,7.0,8.0,4.0,1.0,2.0,2.0,3.0,0.0,4.0,6.0,1.0,5.0,1.0,1.0,1.0,3.0,1.0,2.0,0.0,1.0,1.0,2.0,3.0,2.0,3.0,1.0,0.0,4.0,1.0,0.0,0.0,1.0,1.0,0.0,1.0,1.0,0.0,0.0,2.0,1.0,0.0,1.0,0.0,0.0,0.0,2.0,0.0,0.0,0.0,1.0,0.0,2.0,0.0,0.0,2.0,2.0,0.0,0.0,0.0,0.0,0.0,0.0,1.0,0.0,1.0,0.0,0.0,0.0,0.0,0.0,0.0,0.0,1.0,0.0,0.0,1.0,0.0,0.0,0.0,1.0,0.0,0.0,0.0,1.0,0.0,0.0,0.0,1.0,0.0,0.0,0.0,1.0,0.0,2.0,0.0,0.0,0.0,0.0,0.0,0.0,0.0,0.0,0.0,0.0,0.0,0.0,0.0,0.0,1.0,1.0,0.0,0.0,0.0,0.0,0.0,0.0,0.0,0.0,0.0,0.0,0.0,0.0,1.0,0.0,0.0,0.0,0.0,0.0,0.0,0.0,0.0,0.0,0.0,0.0,0.0,0.0,1.0,0.0,0.0,0.0,0.0,0.0,0.0,0.0,0.0,0.0,0.0,0.0,0.0,0.0
0.8,535.0,112.0,94.0,72.0,55.0,46.0,47.0,36.0,31.0,24.0,19.0,28.0,32.0,24.0,24.0,32.0,20.0,21.0,18.0,13.0,21.0,10.0,19.0,17.0,15.0,19.0,12.0,17.0,6.0,11.0,5.0,13.0,9.0,5.0,5.0,10.0,15.0,8.0,3.0,11.0,3.0,7.0,7.0,4.0,10.0,5.0,3.0,5.0,3.0,2.0,9.0,1.0,3.0,4.0,3.0,2.0,2.0,2.0,7.0,1.0,3.0,1.0,7.0,1.0,5.0,6.0,1.0,1.0,0.0,0.0,1.0,4.0,1.0,1.0,2.0,1.0,3.0,1.0,1.0,0.0,1.0,1.0,0.0,1.0,2.0,0.0,1.0,0.0,1.0,1.0,0.0,1.0,1.0,6.0,2.0,0.0,1.0,0.0,0.0,0.0,1.0,0.0,1.0,0.0,0.0,0.0,0.0,1.0,0.0,1.0,0.0,0.0,1.0,0.0,0.0,0.0,0.0,0.0,0.0,0.0,1.0,1.0,1.0,0.0,0.0,0.0,1.0,0.0,0.0,0.0,1.0,0.0,0.0,0.0,0.0,0.0,1.0,0.0,0.0,0.0,0.0,0.0,0.0,0.0,0.0,0.0,0.0,0.0,0.0,0.0,0.0,0.0,0.0,1.0,0.0,0.0,0.0,0.0,0.0,0.0,0.0,0.0,0.0,0.0,0.0,0.0,0.0,0.0,0.0,0.0,0.0,2.0,0.0,0.0,0.0,0.0,0.0,0.0,0.0,0.0,0.0,0.0,0.0,0.0,0.0,0.0,0.0,0.0,0.0,0.0,0.0,0.0,0.0,0.0,0.0,0.0,0.0,0.0,0.0
0.9,486.0,129.0,87.0,57.0,68.0,45.0,38.0,51.0,27.0,29.0,29.0,30.0,30.0,20.0,23.0,11.0,23.0,21.0,20.0,16.0,22.0,21.0,24.0,24.0,14.0,16.0,15.0,13.0,12.0,11.0,8.0,8.0,13.0,10.0,6.0,9.0,9.0,6.0,14.0,6.0,5.0,9.0,7.0,3.0,4.0,2.0,1.0,5.0,4.0,4.0,2.0,4.0,2.0,5.0,1.0,2.0,1.0,2.0,8.0,1.0,4.0,0.0,2.0,2.0,1.0,3.0,0.0,2.0,0.0,0.0,6.0,2.0,1.0,1.0,1.0,1.0,5.0,2.0,0.0,2.0,0.0,1.0,1.0,1.0,1.0,0.0,1.0,2.0,0.0,2.0,1.0,1.0,0.0,1.0,0.0,2.0,1.0,0.0,0.0,1.0,0.0,2.0,0.0,0.0,3.0,0.0,4.0,0.0,1.0,0.0,0.0,0.0,0.0,0.0,0.0,0.0,0.0,0.0,0.0,0.0,0.0,0.0,1.0,0.0,0.0,0.0,3.0,0.0,0.0,0.0,0.0,0.0,0.0,0.0,0.0,2.0,0.0,0.0,0.0,0.0,0.0,0.0,0.0,0.0,2.0,0.0,1.0,0.0,0.0,0.0,0.0,0.0,0.0,0.0,0.0,0.0,0.0,0.0,2.0,0.0,0.0,0.0,0.0,0.0,0.0,0.0,0.0,0.0,0.0,0.0,0.0,0.0,0.0,0.0,0.0,0.0,0.0,0.0,0.0,0.0,0.0,0.0,0.0,0.0,0.0,0.0,1.0,0.0,0.0,0.0,0.0,0.0,0.0,0.0,0.0,0.0,0.0,0.0,0.0
1.0,403.0,97.0,73.0,43.0,44.0,44.0,34.0,32.0,38.0,26.0,33.0,31.0,30.0,23.0,37.0,23.0,23.0,15.0,22.0,22.0,14.0,11.0,14.0,18.0,16.0,10.0,17.0,17.0,12.0,3.0,3.0,3.0,9.0,7.0,18.0,4.0,7.0,9.0,7.0,5.0,14.0,8.0,3.0,2.0,4.0,5.0,13.0,9.0,5.0,6.0,6.0,5.0,9.0,12.0,4.0,4.0,1.0,8.0,5.0,6.0,4.0,0.0,5.0,4.0,1.0,2.0,1.0,4.0,0.0,0.0,0.0,2.0,3.0,3.0,0.0,1.0,2.0,3.0,2.0,1.0,1.0,2.0,1.0,3.0,2.0,0.0,0.0,0.0,0.0,1.0,0.0,4.0,2.0,1.0,0.0,1.0,0.0,1.0,1.0,2.0,0.0,0.0,1.0,1.0,0.0,0.0,2.0,1.0,0.0,1.0,0.0,1.0,0.0,2.0,1.0,1.0,2.0,0.0,0.0,1.0,0.0,0.0,0.0,0.0,1.0,0.0,0.0,0.0,1.0,1.0,1.0,0.0,0.0,0.0,0.0,2.0,0.0,0.0,0.0,0.0,0.0,0.0,0.0,3.0,0.0,0.0,0.0,0.0,0.0,0.0,0.0,0.0,0.0,0.0,0.0,0.0,0.0,0.0,0.0,0.0,0.0,0.0,0.0,0.0,0.0,0.0,1.0,0.0,0.0,0.0,0.0,0.0,0.0,0.0,0.0,0.0,0.0,0.0,0.0,0.0,0.0,0.0,0.0,0.0,0.0,0.0,0.0,0.0,0.0,0.0,0.0,0.0,0.0,0.0,0.0,0.0,0.0,0.0,0.0
1.1,366.0,105.0,62.0,57.0,63.0,31.0,43.0,42.0,35.0,17.0,33.0,21.0,24.0,15.0,26.0,28.0,18.0,15.0,19.0,21.0,22.0,28.0,9.0,13.0,22.0,18.0,19.0,16.0,6.0,11.0,10.0,10.0,19.0,9.0,4.0,4.0,10.0,12.0,5.0,3.0,7.0,3.0,6.0,4.0,11.0,3.0,2.0,12.0,5.0,4.0,16.0,9.0,5.0,3.0,6.0,4.0,2.0,3.0,5.0,4.0,8.0,1.0,4.0,1.0,0.0,2.0,4.0,3.0,1.0,2.0,2.0,2.0,0.0,1.0,1.0,1.0,1.0,0.0,1.0,0.0,0.0,2.0,1.0,1.0,1.0,1.0,5.0,0.0,1.0,0.0,0.0,1.0,0.0,3.0,0.0,0.0,0.0,1.0,0.0,2.0,0.0,0.0,0.0,0.0,1.0,1.0,3.0,0.0,1.0,0.0,3.0,0.0,1.0,1.0,0.0,1.0,0.0,0.0,0.0,0.0,0.0,1.0,1.0,0.0,2.0,0.0,0.0,1.0,0.0,0.0,1.0,2.0,0.0,1.0,0.0,3.0,2.0,2.0,0.0,0.0,0.0,0.0,0.0,1.0,0.0,1.0,0.0,0.0,0.0,0.0,0.0,1.0,0.0,1.0,0.0,0.0,0.0,0.0,0.0,0.0,0.0,0.0,0.0,0.0,0.0,1.0,0.0,0.0,0.0,0.0,0.0,0.0,0.0,0.0,0.0,0.0,0.0,0.0,0.0,0.0,0.0,0.0,0.0,0.0,0.0,1.0,0.0,1.0,0.0,0.0,0.0,0.0,0.0,0.0,0.0,0.0,0.0,0.0,0.0
1.2000000000000002,355.0,87.0,52.0,50.0,48.0,27.0,21.0,36.0,28.0,36.0,27.0,30.0,17.0,21.0,29.0,28.0,16.0,24.0,26.0,21.0,19.0,16.0,15.0,8.0,14.0,20.0,15.0,10.0,15.0,12.0,17.0,9.0,3.0,19.0,6.0,5.0,6.0,6.0,5.0,7.0,3.0,6.0,7.0,3.0,6.0,2.0,4.0,5.0,6.0,8.0,4.0,10.0,3.0,2.0,1.0,8.0,4.0,1.0,1.0,2.0,5.0,7.0,3.0,4.0,2.0,1.0,4.0,5.0,5.0,1.0,0.0,6.0,3.0,0.0,1.0,1.0,7.0,0.0,3.0,0.0,0.0,1.0,0.0,0.0,1.0,0.0,6.0,0.0,3.0,0.0,1.0,1.0,4.0,1.0,0.0,0.0,0.0,1.0,0.0,1.0,4.0,0.0,6.0,0.0,5.0,1.0,2.0,0.0,1.0,0.0,0.0,1.0,3.0,0.0,0.0,2.0,0.0,0.0,1.0,0.0,0.0,0.0,0.0,0.0,0.0,0.0,0.0,0.0,1.0,1.0,0.0,0.0,0.0,0.0,0.0,0.0,0.0,0.0,0.0,0.0,0.0,0.0,0.0,0.0,0.0,0.0,0.0,0.0,0.0,0.0,0.0,1.0,0.0,0.0,0.0,0.0,0.0,0.0,0.0,0.0,0.0,0.0,0.0,0.0,0.0,0.0,0.0,0.0,1.0,0.0,0.0,0.0,0.0,0.0,0.0,0.0,0.0,0.0,0.0,0.0,0.0,0.0,0.0,0.0,0.0,1.0,0.0,0.0,1.0,0.0,0.0,0.0,0.0,0.0,0.0,0.0,0.0,0.0,0.0
1.3,314.0,80.0,50.0,47.0,43.0,21.0,26.0,20.0,31.0,27.0,13.0,21.0,25.0,14.0,25.0,18.0,15.0,19.0,26.0,15.0,27.0,11.0,23.0,11.0,14.0,16.0,7.0,15.0,12.0,7.0,10.0,13.0,9.0,11.0,10.0,10.0,9.0,13.0,3.0,7.0,6.0,5.0,8.0,3.0,6.0,4.0,5.0,3.0,3.0,4.0,6.0,2.0,8.0,5.0,5.0,7.0,10.0,4.0,6.0,0.0,4.0,4.0,2.0,3.0,3.0,5.0,2.0,5.0,2.0,3.0,1.0,1.0,2.0,2.0,0.0,1.0,2.0,0.0,5.0,3.0,2.0,3.0,0.0,0.0,0.0,1.0,0.0,0.0,1.0,2.0,1.0,0.0,0.0,1.0,0.0,0.0,2.0,0.0,0.0,0.0,0.0,0.0,0.0,0.0,0.0,0.0,0.0,0.0,0.0,0.0,3.0,0.0,3.0,0.0,1.0,0.0,0.0,1.0,0.0,0.0,0.0,0.0,0.0,1.0,1.0,0.0,0.0,0.0,0.0,0.0,0.0,0.0,2.0,0.0,1.0,0.0,0.0,0.0,0.0,0.0,0.0,0.0,0.0,2.0,0.0,0.0,0.0,0.0,0.0,0.0,0.0,0.0,0.0,0.0,0.0,0.0,0.0,0.0,0.0,0.0,0.0,0.0,0.0,0.0,0.0,0.0,0.0,0.0,0.0,0.0,0.0,0.0,0.0,0.0,0.0,0.0,0.0,0.0,0.0,0.0,0.0,0.0,0.0,0.0,0.0,0.0,0.0,0.0,0.0,0.0,0.0,0.0,0.0,0.0,0.0,0.0,0.0,0.0,0.0
1.4000000000000001,321.0,70.0,59.0,45.0,47.0,32.0,20.0,25.0,26.0,24.0,32.0,20.0,33.0,6.0,22.0,12.0,25.0,15.0,12.0,26.0,14.0,8.0,8.0,23.0,10.0,16.0,13.0,8.0,10.0,18.0,7.0,12.0,12.0,7.0,5.0,7.0,13.0,14.0,10.0,12.0,8.0,6.0,8.0,8.0,10.0,5.0,2.0,10.0,3.0,5.0,6.0,3.0,12.0,1.0,2.0,9.0,5.0,3.0,3.0,1.0,6.0,3.0,0.0,1.0,3.0,2.0,5.0,6.0,2.0,2.0,4.0,1.0,2.0,3.0,7.0,1.0,5.0,0.0,0.0,2.0,1.0,1.0,3.0,0.0,1.0,1.0,2.0,0.0,1.0,2.0,3.0,1.0,2.0,4.0,1.0,2.0,0.0,0.0,0.0,0.0,1.0,1.0,3.0,1.0,0.0,3.0,0.0,0.0,1.0,0.0,0.0,0.0,1.0,2.0,1.0,0.0,0.0,1.0,0.0,0.0,0.0,0.0,0.0,0.0,0.0,0.0,0.0,1.0,0.0,0.0,0.0,1.0,1.0,1.0,1.0,0.0,1.0,0.0,0.0,0.0,2.0,0.0,0.0,1.0,0.0,0.0,0.0,0.0,0.0,0.0,0.0,1.0,0.0,0.0,0.0,1.0,0.0,0.0,0.0,0.0,0.0,0.0,0.0,0.0,0.0,0.0,0.0,0.0,0.0,0.0,0.0,0.0,0.0,0.0,0.0,0.0,0.0,0.0,0.0,0.0,0.0,0.0,0.0,0.0,1.0,3.0,0.0,0.0,0.0,0.0,0.0,0.0,0.0,0.0,0.0,0.0,0.0,0.0,0.0
1.5,208.0,79.0,39.0,43.0,37.0,37.0,32.0,20.0,25.0,28.0,30.0,33.0,23.0,15.0,15.0,29.0,16.0,28.0,16.0,24.0,16.0,15.0,13.0,15.0,18.0,12.0,8.0,18.0,11.0,13.0,14.0,8.0,11.0,10.0,13.0,11.0,21.0,8.0,13.0,14.0,12.0,11.0,6.0,13.0,10.0,4.0,10.0,7.0,5.0,9.0,9.0,4.0,8.0,0.0,2.0,4.0,1.0,1.0,6.0,3.0,3.0,2.0,5.0,3.0,8.0,3.0,5.0,3.0,1.0,3.0,1.0,1.0,3.0,4.0,1.0,3.0,3.0,3.0,2.0,1.0,1.0,4.0,0.0,1.0,1.0,3.0,2.0,1.0,0.0,3.0,3.0,1.0,0.0,2.0,0.0,1.0,1.0,2.0,0.0,1.0,1.0,1.0,0.0,4.0,4.0,0.0,0.0,0.0,1.0,0.0,0.0,0.0,0.0,0.0,3.0,1.0,0.0,0.0,1.0,0.0,0.0,0.0,0.0,0.0,1.0,0.0,1.0,0.0,0.0,0.0,0.0,0.0,0.0,0.0,0.0,0.0,0.0,0.0,0.0,0.0,0.0,0.0,0.0,1.0,0.0,1.0,0.0,0.0,3.0,1.0,0.0,0.0,0.0,0.0,0.0,0.0,0.0,0.0,0.0,0.0,0.0,0.0,0.0,0.0,0.0,1.0,0.0,0.0,0.0,0.0,1.0,0.0,0.0,0.0,0.0,0.0,0.0,0.0,0.0,0.0,0.0,0.0,1.0,0.0,0.0,0.0,0.0,0.0,0.0,1.0,0.0,0.0,0.0,0.0,1.0,0.0,0.0,0.0,0.0
1.6,248.0,72.0,52.0,48.0,52.0,33.0,24.0,21.0,34.0,18.0,35.0,33.0,22.0,25.0,26.0,18.0,8.0,24.0,17.0,16.0,25.0,12.0,11.0,10.0,18.0,13.0,14.0,6.0,11.0,8.0,7.0,20.0,6.0,13.0,13.0,12.0,10.0,5.0,5.0,11.0,7.0,8.0,9.0,8.0,6.0,8.0,11.0,6.0,3.0,2.0,19.0,4.0,5.0,5.0,0.0,4.0,5.0,3.0,2.0,7.0,9.0,6.0,6.0,4.0,4.0,4.0,2.0,3.0,3.0,0.0,5.0,3.0,2.0,3.0,2.0,4.0,1.0,2.0,0.0,0.0,1.0,0.0,1.0,3.0,5.0,1.0,2.0,5.0,2.0,1.0,3.0,4.0,3.0,0.0,1.0,0.0,1.0,1.0,2.0,0.0,2.0,2.0,1.0,0.0,2.0,0.0,3.0,0.0,2.0,0.0,1.0,0.0,2.0,0.0,3.0,2.0,2.0,0.0,0.0,0.0,1.0,1.0,2.0,0.0,2.0,0.0,2.0,1.0,0.0,0.0,1.0,0.0,0.0,0.0,0.0,0.0,2.0,0.0,0.0,0.0,0.0,0.0,1.0,0.0,0.0,0.0,0.0,0.0,3.0,0.0,0.0,0.0,1.0,0.0,0.0,0.0,0.0,0.0,1.0,0.0,0.0,0.0,0.0,0.0,1.0,0.0,0.0,0.0,0.0,0.0,0.0,0.0,0.0,0.0,0.0,0.0,0.0,0.0,0.0,0.0,0.0,0.0,0.0,0.0,0.0,0.0,0.0,0.0,0.0,0.0,0.0,0.0,0.0,0.0,1.0,0.0,0.0,0.0,0.0
1.7000000000000002,211.0,61.0,57.0,42.0,30.0,28.0,18.0,27.0,31.0,18.0,25.0,25.0,22.0,19.0,32.0,21.0,16.0,24.0,15.0,20.0,16.0,18.0,9.0,11.0,7.0,15.0,14.0,9.0,9.0,11.0,8.0,13.0,4.0,4.0,0.0,13.0,11.0,9.0,6.0,11.0,9.0,6.0,4.0,5.0,4.0,7.0,6.0,11.0,11.0,7.0,6.0,2.0,5.0,5.0,3.0,5.0,3.0,2.0,4.0,3.0,5.0,0.0,2.0,8.0,2.0,6.0,2.0,3.0,7.0,2.0,1.0,7.0,1.0,3.0,6.0,0.0,1.0,2.0,2.0,0.0,3.0,1.0,1.0,1.0,2.0,1.0,1.0,0.0,3.0,1.0,3.0,2.0,0.0,3.0,1.0,2.0,0.0,0.0,3.0,2.0,1.0,0.0,2.0,1.0,0.0,0.0,1.0,1.0,0.0,0.0,1.0,0.0,2.0,2.0,0.0,0.0,1.0,1.0,1.0,0.0,2.0,1.0,2.0,3.0,1.0,0.0,0.0,0.0,0.0,0.0,0.0,0.0,0.0,0.0,1.0,0.0,0.0,0.0,0.0,0.0,1.0,1.0,0.0,0.0,0.0,0.0,0.0,0.0,0.0,0.0,0.0,1.0,0.0,1.0,0.0,0.0,0.0,0.0,0.0,0.0,0.0,0.0,0.0,0.0,1.0,0.0,0.0,0.0,0.0,0.0,0.0,0.0,0.0,0.0,0.0,0.0,0.0,0.0,0.0,0.0,0.0,0.0,0.0,0.0,0.0,0.0,0.0,0.0,0.0,0.0,0.0,0.0,0.0,0.0,0.0,1.0,0.0,0.0,0.0
1.8,190.0,55.0,40.0,49.0,31.0,36.0,23.0,19.0,25.0,18.0,24.0,34.0,26.0,10.0,20.0,12.0,11.0,15.0,17.0,19.0,20.0,20.0,25.0,16.0,23.0,12.0,17.0,17.0,6.0,12.0,2.0,9.0,11.0,15.0,8.0,9.0,21.0,11.0,16.0,13.0,5.0,6.0,3.0,8.0,7.0,10.0,9.0,7.0,8.0,7.0,8.0,2.0,2.0,2.0,6.0,6.0,5.0,8.0,4.0,4.0,8.0,3.0,5.0,5.0,5.0,7.0,2.0,4.0,3.0,6.0,6.0,4.0,3.0,6.0,5.0,1.0,0.0,2.0,8.0,0.0,1.0,0.0,6.0,1.0,1.0,1.0,0.0,3.0,1.0,0.0,2.0,0.0,0.0,0.0,2.0,3.0,2.0,1.0,5.0,0.0,1.0,0.0,3.0,1.0,1.0,0.0,1.0,1.0,0.0,0.0,1.0,0.0,6.0,1.0,1.0,2.0,0.0,0.0,0.0,0.0,0.0,2.0,1.0,0.0,0.0,0.0,1.0,0.0,0.0,0.0,0.0,3.0,0.0,2.0,0.0,0.0,0.0,0.0,0.0,0.0,0.0,0.0,2.0,0.0,2.0,1.0,0.0,0.0,0.0,1.0,0.0,0.0,1.0,0.0,0.0,0.0,0.0,0.0,1.0,0.0,0.0,0.0,0.0,0.0,0.0,0.0,0.0,0.0,0.0,0.0,0.0,0.0,0.0,0.0,0.0,0.0,0.0,0.0,0.0,0.0,0.0,0.0,0.0,0.0,0.0,0.0,0.0,0.0,0.0,0.0,1.0,0.0,0.0,0.0,0.0,0.0,0.0,0.0,0.0
1.9000000000000001,180.0,54.0,47.0,45.0,19.0,37.0,16.0,26.0,19.0,30.0,17.0,22.0,24.0,27.0,13.0,12.0,19.0,21.0,12.0,16.0,12.0,10.0,20.0,11.0,18.0,13.0,11.0,15.0,14.0,7.0,11.0,7.0,15.0,4.0,17.0,11.0,15.0,9.0,13.0,10.0,10.0,7.0,6.0,3.0,3.0,2.0,11.0,5.0,4.0,5.0,6.0,5.0,5.0,4.0,4.0,6.0,1.0,6.0,7.0,3.0,3.0,3.0,4.0,4.0,4.0,1.0,3.0,0.0,6.0,5.0,0.0,0.0,2.0,0.0,1.0,1.0,2.0,4.0,4.0,3.0,0.0,4.0,4.0,2.0,1.0,0.0,5.0,1.0,0.0,2.0,1.0,1.0,4.0,3.0,1.0,1.0,0.0,1.0,1.0,1.0,0.0,3.0,4.0,0.0,1.0,2.0,0.0,0.0,0.0,3.0,2.0,0.0,3.0,0.0,0.0,2.0,0.0,0.0,0.0,1.0,0.0,0.0,1.0,0.0,0.0,0.0,1.0,1.0,1.0,1.0,0.0,2.0,1.0,0.0,1.0,1.0,0.0,0.0,0.0,0.0,0.0,1.0,0.0,0.0,0.0,0.0,1.0,0.0,0.0,0.0,0.0,0.0,1.0,0.0,0.0,0.0,0.0,0.0,2.0,0.0,0.0,0.0,0.0,0.0,0.0,1.0,0.0,0.0,0.0,0.0,0.0,0.0,0.0,0.0,0.0,0.0,0.0,0.0,0.0,0.0,0.0,0.0,0.0,0.0,0.0,0.0,0.0,0.0,0.0,0.0,0.0,0.0,0.0,0.0,0.0,0.0,0.0,1.0,0.0
2.0,171.0,35.0,35.0,35.0,22.0,37.0,21.0,25.0,19.0,15.0,18.0,28.0,24.0,15.0,14.0,10.0,22.0,13.0,13.0,21.0,19.0,12.0,11.0,16.0,6.0,16.0,17.0,21.0,12.0,14.0,12.0,6.0,6.0,8.0,6.0,17.0,8.0,13.0,8.0,12.0,6.0,6.0,6.0,5.0,14.0,7.0,11.0,4.0,3.0,6.0,10.0,8.0,3.0,1.0,5.0,4.0,7.0,2.0,12.0,6.0,6.0,4.0,6.0,6.0,6.0,1.0,3.0,5.0,2.0,3.0,3.0,3.0,0.0,3.0,1.0,1.0,2.0,2.0,3.0,6.0,2.0,1.0,6.0,2.0,0.0,4.0,2.0,0.0,2.0,1.0,5.0,2.0,2.0,1.0,0.0,0.0,2.0,2.0,0.0,3.0,2.0,2.0,2.0,0.0,0.0,2.0,0.0,1.0,2.0,0.0,0.0,1.0,2.0,0.0,1.0,1.0,1.0,1.0,0.0,1.0,0.0,3.0,2.0,0.0,1.0,0.0,0.0,0.0,0.0,0.0,1.0,1.0,1.0,0.0,0.0,0.0,1.0,0.0,0.0,0.0,0.0,0.0,0.0,0.0,0.0,1.0,1.0,0.0,1.0,0.0,0.0,0.0,0.0,1.0,0.0,0.0,0.0,0.0,0.0,0.0,1.0,0.0,0.0,0.0,0.0,0.0,0.0,0.0,0.0,0.0,0.0,0.0,0.0,0.0,1.0,0.0,0.0,0.0,1.0,0.0,0.0,0.0,0.0,0.0,0.0,0.0,0.0,0.0,1.0,0.0,0.0,0.0,1.0,0.0,0.0,0.0,0.0,0.0,0.0
2.1,155.0,38.0,27.0,28.0,31.0,21.0,23.0,29.0,18.0,20.0,19.0,29.0,22.0,23.0,19.0,15.0,20.0,14.0,11.0,25.0,15.0,16.0,9.0,15.0,13.0,14.0,9.0,17.0,9.0,12.0,14.0,6.0,18.0,9.0,15.0,10.0,8.0,3.0,8.0,6.0,8.0,11.0,17.0,8.0,7.0,7.0,9.0,8.0,2.0,7.0,8.0,3.0,8.0,4.0,5.0,6.0,2.0,4.0,4.0,4.0,2.0,2.0,2.0,3.0,4.0,3.0,2.0,4.0,4.0,3.0,3.0,8.0,2.0,6.0,3.0,2.0,2.0,1.0,2.0,4.0,0.0,3.0,5.0,3.0,1.0,4.0,4.0,3.0,1.0,3.0,3.0,0.0,1.0,0.0,1.0,2.0,0.0,1.0,1.0,1.0,3.0,1.0,1.0,1.0,1.0,0.0,1.0,1.0,2.0,0.0,0.0,2.0,3.0,2.0,0.0,2.0,3.0,0.0,2.0,0.0,1.0,0.0,1.0,2.0,0.0,1.0,2.0,1.0,0.0,0.0,0.0,1.0,0.0,0.0,0.0,0.0,0.0,0.0,0.0,0.0,0.0,0.0,0.0,1.0,0.0,3.0,1.0,0.0,0.0,0.0,0.0,0.0,0.0,1.0,0.0,1.0,0.0,0.0,0.0,0.0,0.0,1.0,0.0,0.0,1.0,1.0,0.0,0.0,0.0,0.0,0.0,0.0,0.0,1.0,0.0,0.0,0.0,0.0,0.0,0.0,0.0,0.0,0.0,0.0,0.0,0.0,0.0,0.0,0.0,0.0,0.0,0.0,0.0,0.0,0.0,0.0,0.0,1.0,0.0
2.2,140.0,41.0,42.0,30.0,38.0,26.0,25.0,33.0,19.0,20.0,22.0,22.0,18.0,13.0,16.0,17.0,19.0,17.0,20.0,16.0,18.0,15.0,13.0,11.0,11.0,17.0,10.0,13.0,16.0,15.0,12.0,13.0,10.0,13.0,16.0,10.0,12.0,6.0,6.0,10.0,7.0,13.0,13.0,8.0,6.0,6.0,7.0,5.0,11.0,5.0,5.0,4.0,12.0,5.0,4.0,3.0,11.0,10.0,3.0,3.0,2.0,9.0,4.0,3.0,5.0,1.0,7.0,2.0,1.0,0.0,3.0,4.0,0.0,3.0,1.0,2.0,2.0,0.0,7.0,2.0,2.0,2.0,3.0,0.0,1.0,0.0,1.0,0.0,3.0,1.0,1.0,0.0,3.0,0.0,3.0,0.0,0.0,2.0,0.0,1.0,0.0,0.0,1.0,1.0,1.0,0.0,0.0,0.0,1.0,0.0,0.0,1.0,1.0,1.0,2.0,0.0,1.0,2.0,1.0,0.0,0.0,1.0,0.0,0.0,0.0,1.0,0.0,1.0,0.0,1.0,0.0,0.0,0.0,2.0,1.0,0.0,0.0,1.0,0.0,1.0,1.0,0.0,4.0,0.0,0.0,0.0,1.0,0.0,0.0,1.0,0.0,0.0,0.0,0.0,1.0,1.0,0.0,0.0,1.0,0.0,0.0,0.0,0.0,0.0,2.0,0.0,0.0,0.0,0.0,0.0,0.0,1.0,0.0,0.0,0.0,0.0,1.0,0.0,0.0,0.0,0.0,0.0,0.0,0.0,0.0,0.0,0.0,0.0,0.0,0.0,0.0,0.0,2.0,0.0,0.0,0.0,0.0,0.0,0.0
2.3000000000000003,154.0,39.0,50.0,27.0,19.0,25.0,21.0,11.0,22.0,19.0,18.0,18.0,10.0,25.0,22.0,19.0,18.0,19.0,14.0,22.0,24.0,14.0,18.0,12.0,10.0,14.0,23.0,12.0,10.0,12.0,13.0,9.0,4.0,11.0,5.0,14.0,11.0,11.0,8.0,7.0,4.0,7.0,8.0,6.0,8.0,10.0,16.0,3.0,3.0,2.0,3.0,4.0,5.0,4.0,11.0,5.0,13.0,8.0,2.0,2.0,4.0,4.0,2.0,4.0,4.0,1.0,5.0,1.0,2.0,3.0,1.0,2.0,3.0,7.0,4.0,1.0,3.0,6.0,7.0,13.0,0.0,6.0,1.0,0.0,0.0,0.0,1.0,0.0,2.0,2.0,1.0,0.0,2.0,0.0,2.0,2.0,1.0,1.0,1.0,5.0,4.0,0.0,2.0,2.0,0.0,1.0,0.0,0.0,2.0,1.0,0.0,2.0,0.0,0.0,4.0,1.0,2.0,0.0,0.0,0.0,0.0,1.0,0.0,1.0,0.0,4.0,0.0,0.0,0.0,0.0,2.0,0.0,0.0,0.0,1.0,2.0,0.0,0.0,0.0,0.0,0.0,0.0,1.0,0.0,1.0,0.0,0.0,1.0,0.0,1.0,3.0,0.0,0.0,0.0,0.0,0.0,1.0,0.0,1.0,0.0,0.0,0.0,0.0,0.0,0.0,0.0,0.0,0.0,0.0,0.0,0.0,0.0,0.0,0.0,0.0,0.0,0.0,0.0,0.0,0.0,0.0,0.0,0.0,0.0,0.0,2.0,0.0,0.0,0.0,0.0,0.0,0.0,0.0,0.0,1.0,0.0,0.0,0.0,0.0
2.4000000000000004,146.0,36.0,39.0,39.0,22.0,18.0,20.0,24.0,31.0,27.0,25.0,15.0,31.0,22.0,25.0,19.0,29.0,17.0,11.0,16.0,14.0,18.0,18.0,15.0,19.0,10.0,10.0,7.0,8.0,17.0,9.0,11.0,9.0,11.0,16.0,13.0,7.0,6.0,13.0,12.0,8.0,13.0,6.0,2.0,10.0,13.0,10.0,9.0,9.0,5.0,5.0,8.0,6.0,7.0,7.0,2.0,5.0,3.0,4.0,4.0,5.0,7.0,4.0,3.0,6.0,7.0,3.0,3.0,4.0,2.0,3.0,1.0,5.0,3.0,4.0,1.0,2.0,4.0,3.0,6.0,1.0,1.0,4.0,3.0,3.0,1.0,1.0,0.0,0.0,2.0,3.0,3.0,2.0,0.0,0.0,6.0,4.0,0.0,1.0,0.0,4.0,2.0,1.0,0.0,1.0,4.0,0.0,1.0,0.0,0.0,0.0,0.0,1.0,1.0,2.0,1.0,1.0,3.0,0.0,1.0,0.0,0.0,1.0,0.0,0.0,2.0,0.0,1.0,0.0,1.0,1.0,0.0,0.0,3.0,0.0,2.0,2.0,0.0,0.0,0.0,0.0,0.0,2.0,0.0,0.0,0.0,2.0,0.0,2.0,0.0,0.0,1.0,0.0,0.0,0.0,0.0,0.0,0.0,1.0,0.0,0.0,0.0,0.0,0.0,0.0,0.0,0.0,0.0,0.0,0.0,0.0,1.0,0.0,0.0,0.0,0.0,0.0,0.0,0.0,0.0,1.0,0.0,1.0,0.0,1.0,1.0,0.0,0.0,0.0,0.0,0.0,0.0,0.0,0.0,0.0,0.0,0.0,0.0,0.0
2.5,100.0,33.0,30.0,22.0,30.0,22.0,21.0,19.0,22.0,17.0,26.0,11.0,20.0,22.0,25.0,7.0,13.0,14.0,15.0,12.0,26.0,11.0,16.0,9.0,18.0,7.0,9.0,12.0,12.0,9.0,8.0,17.0,10.0,10.0,10.0,6.0,18.0,13.0,5.0,10.0,7.0,8.0,4.0,8.0,9.0,10.0,9.0,6.0,6.0,10.0,2.0,9.0,7.0,1.0,6.0,5.0,6.0,6.0,3.0,2.0,4.0,4.0,5.0,3.0,9.0,6.0,4.0,3.0,4.0,4.0,1.0,2.0,7.0,3.0,2.0,5.0,5.0,1.0,2.0,7.0,4.0,5.0,3.0,2.0,0.0,5.0,3.0,3.0,4.0,4.0,2.0,3.0,0.0,2.0,3.0,1.0,3.0,1.0,4.0,3.0,3.0,3.0,3.0,2.0,3.0,2.0,1.0,2.0,1.0,2.0,0.0,0.0,2.0,1.0,0.0,1.0,2.0,1.0,0.0,0.0,2.0,1.0,0.0,0.0,0.0,1.0,0.0,0.0,1.0,2.0,0.0,2.0,0.0,2.0,0.0,2.0,0.0,0.0,1.0,2.0,1.0,0.0,0.0,2.0,0.0,0.0,0.0,0.0,0.0,0.0,0.0,0.0,0.0,1.0,0.0,1.0,0.0,1.0,0.0,0.0,0.0,0.0,1.0,2.0,0.0,0.0,0.0,1.0,0.0,0.0,0.0,0.0,1.0,0.0,1.0,0.0,0.0,0.0,0.0,0.0,0.0,0.0,0.0,0.0,0.0,0.0,0.0,0.0,0.0,0.0,0.0,0.0,0.0,0.0,1.0,0.0,0.0,1.0,0.0
2.6,92.0,35.0,27.0,29.0,22.0,21.0,22.0,16.0,25.0,18.0,24.0,20.0,21.0,11.0,20.0,23.0,17.0,19.0,5.0,11.0,9.0,21.0,17.0,24.0,21.0,15.0,15.0,11.0,15.0,16.0,10.0,12.0,12.0,14.0,11.0,12.0,9.0,26.0,12.0,9.0,11.0,12.0,13.0,13.0,7.0,7.0,8.0,8.0,8.0,5.0,2.0,8.0,3.0,6.0,4.0,8.0,7.0,7.0,1.0,3.0,4.0,3.0,5.0,4.0,3.0,1.0,4.0,3.0,4.0,3.0,3.0,3.0,5.0,3.0,3.0,1.0,2.0,0.0,0.0,8.0,1.0,1.0,3.0,1.0,2.0,2.0,5.0,6.0,0.0,2.0,2.0,0.0,6.0,1.0,2.0,1.0,1.0,3.0,5.0,3.0,2.0,0.0,2.0,2.0,1.0,1.0,3.0,1.0,2.0,2.0,4.0,2.0,0.0,0.0,0.0,1.0,0.0,4.0,1.0,0.0,1.0,0.0,1.0,0.0,0.0,0.0,2.0,0.0,0.0,4.0,0.0,2.0,2.0,1.0,0.0,0.0,0.0,2.0,1.0,1.0,0.0,0.0,1.0,3.0,0.0,0.0,0.0,0.0,0.0,2.0,0.0,0.0,0.0,0.0,0.0,0.0,2.0,0.0,1.0,0.0,0.0,0.0,0.0,0.0,0.0,0.0,0.0,0.0,0.0,0.0,0.0,0.0,0.0,0.0,1.0,0.0,0.0,0.0,0.0,0.0,0.0,0.0,0.0,0.0,0.0,1.0,0.0,0.0,0.0,0.0,1.0,0.0,0.0,0.0,0.0,0.0,0.0,0.0,0.0
2.7,90.0,36.0,23.0,22.0,22.0,24.0,25.0,15.0,26.0,16.0,14.0,21.0,23.0,20.0,20.0,15.0,17.0,14.0,18.0,14.0,7.0,20.0,19.0,3.0,18.0,17.0,15.0,8.0,19.0,7.0,7.0,10.0,13.0,21.0,12.0,12.0,10.0,16.0,11.0,12.0,13.0,5.0,12.0,10.0,9.0,9.0,8.0,5.0,13.0,8.0,7.0,10.0,5.0,15.0,8.0,8.0,10.0,6.0,8.0,5.0,10.0,4.0,3.0,5.0,1.0,3.0,3.0,5.0,4.0,4.0,5.0,2.0,3.0,6.0,5.0,3.0,3.0,1.0,1.0,3.0,5.0,3.0,2.0,4.0,1.0,3.0,2.0,3.0,0.0,2.0,3.0,0.0,3.0,3.0,4.0,1.0,0.0,1.0,5.0,3.0,3.0,0.0,3.0,0.0,0.0,1.0,5.0,3.0,3.0,3.0,0.0,3.0,0.0,0.0,2.0,1.0,1.0,3.0,0.0,0.0,0.0,1.0,1.0,0.0,0.0,2.0,2.0,0.0,1.0,2.0,0.0,0.0,2.0,1.0,5.0,1.0,0.0,0.0,0.0,0.0,1.0,1.0,0.0,0.0,1.0,3.0,1.0,0.0,2.0,1.0,1.0,0.0,0.0,0.0,0.0,0.0,0.0,0.0,0.0,0.0,1.0,0.0,0.0,0.0,0.0,0.0,0.0,0.0,0.0,0.0,0.0,0.0,0.0,0.0,0.0,0.0,0.0,0.0,3.0,0.0,0.0,0.0,0.0,0.0,0.0,0.0,0.0,0.0,0.0,0.0,0.0,1.0,0.0,0.0,1.0,0.0,0.0,0.0,0.0
2.8000000000000003,77.0,41.0,16.0,26.0,30.0,23.0,18.0,14.0,23.0,19.0,23.0,22.0,21.0,20.0,8.0,16.0,13.0,19.0,13.0,9.0,19.0,20.0,9.0,3.0,11.0,15.0,5.0,13.0,18.0,14.0,12.0,9.0,13.0,13.0,13.0,10.0,8.0,13.0,13.0,4.0,16.0,10.0,7.0,5.0,10.0,6.0,5.0,4.0,11.0,10.0,6.0,10.0,5.0,3.0,12.0,4.0,3.0,4.0,8.0,7.0,4.0,2.0,6.0,6.0,3.0,6.0,4.0,2.0,2.0,6.0,1.0,5.0,1.0,6.0,5.0,3.0,3.0,3.0,0.0,1.0,2.0,3.0,2.0,4.0,2.0,4.0,3.0,3.0,2.0,4.0,2.0,1.0,8.0,1.0,6.0,1.0,2.0,0.0,0.0,0.0,0.0,2.0,8.0,0.0,3.0,2.0,2.0,0.0,2.0,2.0,0.0,0.0,2.0,0.0,1.0,3.0,1.0,0.0,2.0,0.0,1.0,0.0,0.0,0.0,0.0,0.0,1.0,0.0,0.0,1.0,2.0,0.0,1.0,0.0,0.0,0.0,0.0,0.0,3.0,0.0,0.0,0.0,1.0,0.0,1.0,2.0,0.0,0.0,0.0,0.0,2.0,0.0,0.0,0.0,0.0,0.0,0.0,0.0,0.0,0.0,0.0,0.0,1.0,0.0,0.0,1.0,0.0,0.0,1.0,0.0,0.0,0.0,0.0,0.0,0.0,0.0,0.0,1.0,0.0,0.0,1.0,1.0,0.0,0.0,0.0,0.0,0.0,0.0,0.0,1.0,0.0,0.0,0.0,0.0,0.0,0.0,0.0,0.0,0.0
2.9000000000000004,88.0,28.0,25.0,26.0,15.0,28.0,13.0,10.0,19.0,13.0,9.0,16.0,29.0,20.0,10.0,11.0,7.0,14.0,13.0,12.0,13.0,11.0,10.0,14.0,14.0,13.0,11.0,19.0,13.0,16.0,15.0,8.0,14.0,11.0,9.0,5.0,4.0,7.0,5.0,12.0,8.0,10.0,5.0,6.0,9.0,7.0,6.0,10.0,6.0,12.0,10.0,6.0,4.0,17.0,8.0,6.0,3.0,4.0,8.0,4.0,5.0,6.0,5.0,6.0,4.0,3.0,9.0,4.0,5.0,5.0,5.0,4.0,1.0,2.0,3.0,6.0,3.0,1.0,2.0,1.0,0.0,2.0,3.0,2.0,5.0,2.0,4.0,0.0,2.0,3.0,6.0,3.0,3.0,6.0,3.0,3.0,1.0,1.0,3.0,2.0,0.0,0.0,0.0,0.0,0.0,4.0,3.0,0.0,0.0,2.0,0.0,0.0,1.0,0.0,1.0,4.0,2.0,1.0,3.0,2.0,1.0,1.0,0.0,0.0,2.0,1.0,2.0,1.0,0.0,1.0,0.0,1.0,0.0,0.0,1.0,0.0,0.0,0.0,0.0,0.0,0.0,0.0,0.0,2.0,0.0,1.0,1.0,0.0,1.0,0.0,4.0,0.0,0.0,1.0,1.0,0.0,0.0,2.0,0.0,0.0,0.0,2.0,0.0,0.0,0.0,0.0,0.0,0.0,0.0,0.0,0.0,0.0,0.0,0.0,0.0,2.0,0.0,0.0,0.0,0.0,0.0,0.0,0.0,0.0,0.0,0.0,0.0,1.0,0.0,0.0,0.0,0.0,0.0,1.0,0.0,0.0,0.0,0.0,0.0
3.0,56.0,25.0,27.0,12.0,16.0,29.0,15.0,16.0,8.0,22.0,14.0,19.0,13.0,15.0,23.0,27.0,18.0,19.0,13.0,15.0,13.0,11.0,10.0,13.0,10.0,9.0,12.0,12.0,15.0,16.0,12.0,13.0,13.0,7.0,11.0,10.0,11.0,15.0,7.0,10.0,8.0,6.0,10.0,8.0,6.0,13.0,10.0,7.0,11.0,7.0,8.0,3.0,8.0,4.0,2.0,5.0,7.0,7.0,4.0,7.0,3.0,4.0,7.0,6.0,7.0,5.0,13.0,11.0,12.0,4.0,3.0,4.0,3.0,2.0,5.0,4.0,1.0,4.0,1.0,6.0,0.0,5.0,5.0,2.0,4.0,2.0,3.0,1.0,0.0,4.0,3.0,3.0,2.0,4.0,2.0,1.0,3.0,0.0,1.0,0.0,1.0,3.0,4.0,4.0,0.0,1.0,0.0,2.0,0.0,1.0,2.0,0.0,2.0,0.0,1.0,0.0,1.0,1.0,0.0,0.0,0.0,1.0,0.0,1.0,2.0,0.0,2.0,0.0,0.0,1.0,0.0,1.0,0.0,0.0,1.0,1.0,0.0,2.0,0.0,0.0,0.0,0.0,0.0,0.0,1.0,0.0,0.0,0.0,0.0,1.0,0.0,1.0,0.0,3.0,1.0,0.0,1.0,2.0,1.0,0.0,0.0,1.0,0.0,3.0,0.0,0.0,0.0,0.0,0.0,0.0,1.0,0.0,0.0,0.0,0.0,0.0,0.0,1.0,0.0,0.0,0.0,0.0,0.0,0.0,0.0,0.0,0.0,0.0,0.0,0.0,0.0,0.0,0.0,0.0,0.0,0.0,0.0,0.0,0.0
3.1,56.0,18.0,24.0,18.0,14.0,17.0,11.0,15.0,16.0,13.0,18.0,15.0,22.0,25.0,16.0,10.0,7.0,11.0,12.0,11.0,15.0,18.0,9.0,13.0,24.0,8.0,11.0,14.0,11.0,7.0,7.0,5.0,14.0,10.0,16.0,13.0,7.0,8.0,8.0,10.0,13.0,14.0,7.0,12.0,9.0,11.0,10.0,8.0,7.0,7.0,9.0,13.0,5.0,6.0,4.0,12.0,5.0,2.0,1.0,5.0,3.0,2.0,4.0,5.0,8.0,4.0,4.0,7.0,1.0,2.0,2.0,6.0,3.0,2.0,2.0,5.0,6.0,3.0,6.0,6.0,2.0,1.0,5.0,2.0,2.0,2.0,0.0,1.0,2.0,1.0,1.0,2.0,0.0,2.0,4.0,3.0,2.0,2.0,5.0,0.0,2.0,1.0,2.0,2.0,1.0,1.0,2.0,3.0,0.0,2.0,2.0,2.0,1.0,0.0,0.0,1.0,0.0,1.0,0.0,3.0,0.0,0.0,0.0,2.0,1.0,1.0,0.0,1.0,0.0,0.0,1.0,0.0,1.0,1.0,1.0,0.0,1.0,0.0,0.0,0.0,0.0,1.0,0.0,2.0,0.0,1.0,0.0,4.0,0.0,0.0,1.0,1.0,0.0,0.0,1.0,0.0,0.0,1.0,0.0,1.0,0.0,0.0,1.0,0.0,2.0,0.0,0.0,0.0,0.0,0.0,0.0,0.0,0.0,0.0,0.0,0.0,0.0,0.0,0.0,0.0,0.0,0.0,2.0,1.0,0.0,0.0,0.0,0.0,1.0,0.0,0.0,0.0,0.0,0.0,0.0,0.0,0.0,0.0,0.0
3.2,69.0,20.0,13.0,17.0,17.0,12.0,16.0,19.0,19.0,14.0,14.0,9.0,17.0,10.0,11.0,7.0,16.0,15.0,24.0,9.0,13.0,14.0,9.0,16.0,11.0,14.0,8.0,16.0,24.0,5.0,3.0,14.0,6.0,9.0,8.0,7.0,5.0,15.0,8.0,14.0,16.0,9.0,7.0,5.0,8.0,8.0,7.0,6.0,9.0,8.0,14.0,10.0,6.0,5.0,4.0,7.0,7.0,5.0,6.0,8.0,4.0,4.0,5.0,6.0,4.0,5.0,3.0,7.0,3.0,2.0,6.0,1.0,1.0,3.0,4.0,6.0,3.0,4.0,4.0,2.0,4.0,2.0,4.0,4.0,2.0,4.0,2.0,0.0,3.0,1.0,1.0,4.0,2.0,2.0,3.0,2.0,2.0,4.0,1.0,4.0,3.0,5.0,1.0,1.0,0.0,3.0,2.0,4.0,2.0,1.0,6.0,1.0,1.0,1.0,1.0,1.0,1.0,4.0,0.0,0.0,0.0,0.0,0.0,2.0,0.0,1.0,1.0,3.0,0.0,0.0,2.0,1.0,0.0,0.0,1.0,0.0,3.0,1.0,1.0,0.0,3.0,1.0,0.0,2.0,0.0,1.0,0.0,0.0,0.0,1.0,0.0,0.0,0.0,0.0,1.0,1.0,0.0,0.0,0.0,0.0,0.0,0.0,0.0,3.0,0.0,2.0,2.0,0.0,1.0,0.0,0.0,0.0,1.0,0.0,0.0,0.0,0.0,0.0,0.0,0.0,0.0,0.0,0.0,0.0,0.0,0.0,0.0,0.0,1.0,0.0,0.0,0.0,0.0,0.0,0.0,0.0,0.0,0.0,0.0
3.3000000000000003,53.0,19.0,29.0,15.0,16.0,8.0,26.0,10.0,8.0,17.0,17.0,10.0,16.0,18.0,9.0,12.0,13.0,10.0,15.0,13.0,21.0,19.0,5.0,10.0,20.0,12.0,7.0,14.0,13.0,10.0,9.0,9.0,11.0,9.0,6.0,6.0,7.0,11.0,12.0,3.0,9.0,7.0,3.0,6.0,8.0,8.0,4.0,9.0,3.0,8.0,11.0,7.0,5.0,9.0,6.0,6.0,4.0,4.0,5.0,10.0,4.0,5.0,2.0,3.0,2.0,2.0,1.0,4.0,4.0,3.0,5.0,7.0,3.0,2.0,1.0,1.0,3.0,8.0,8.0,2.0,1.0,2.0,3.0,3.0,2.0,5.0,2.0,0.0,0.0,3.0,3.0,2.0,2.0,0.0,2.0,2.0,2.0,2.0,3.0,1.0,1.0,4.0,3.0,2.0,4.0,1.0,0.0,1.0,0.0,2.0,1.0,1.0,1.0,0.0,0.0,1.0,0.0,1.0,2.0,1.0,0.0,0.0,2.0,1.0,1.0,1.0,0.0,1.0,0.0,1.0,0.0,0.0,0.0,4.0,0.0,1.0,0.0,0.0,0.0,0.0,0.0,0.0,0.0,2.0,0.0,2.0,0.0,1.0,1.0,3.0,0.0,1.0,0.0,0.0,1.0,1.0,2.0,1.0,0.0,2.0,0.0,0.0,0.0,1.0,0.0,1.0,0.0,0.0,0.0,0.0,0.0,0.0,0.0,2.0,0.0,0.0,0.0,0.0,0.0,0.0,0.0,0.0,0.0,0.0,0.0,0.0,0.0,0.0,0.0,0.0,0.0,1.0,0.0,0.0,0.0,0.0,1.0,0.0,0.0
3.4000000000000004,65.0,14.0,15.0,13.0,8.0,18.0,13.0,12.0,18.0,14.0,11.0,10.0,13.0,24.0,20.0,11.0,10.0,13.0,7.0,11.0,24.0,17.0,4.0,10.0,11.0,14.0,16.0,22.0,10.0,12.0,13.0,12.0,10.0,13.0,17.0,11.0,7.0,5.0,12.0,5.0,7.0,4.0,11.0,8.0,3.0,7.0,11.0,8.0,2.0,6.0,4.0,7.0,7.0,11.0,9.0,12.0,4.0,7.0,8.0,8.0,2.0,9.0,2.0,4.0,3.0,5.0,4.0,2.0,2.0,8.0,5.0,8.0,3.0,3.0,2.0,4.0,6.0,4.0,3.0,5.0,3.0,2.0,3.0,2.0,0.0,1.0,5.0,0.0,1.0,4.0,0.0,1.0,1.0,4.0,4.0,1.0,1.0,4.0,2.0,2.0,0.0,1.0,0.0,3.0,1.0,4.0,0.0,2.0,1.0,2.0,1.0,2.0,0.0,1.0,1.0,0.0,0.0,1.0,2.0,1.0,0.0,0.0,2.0,1.0,1.0,0.0,0.0,0.0,2.0,1.0,1.0,1.0,1.0,0.0,1.0,0.0,1.0,0.0,1.0,1.0,0.0,0.0,0.0,1.0,3.0,3.0,1.0,1.0,1.0,0.0,0.0,0.0,1.0,0.0,1.0,1.0,1.0,0.0,0.0,0.0,0.0,0.0,0.0,0.0,0.0,0.0,0.0,0.0,0.0,1.0,0.0,0.0,0.0,1.0,1.0,0.0,0.0,0.0,0.0,0.0,0.0,1.0,0.0,0.0,0.0,1.0,0.0,0.0,0.0,0.0,0.0,0.0,1.0,1.0,0.0,0.0,0.0,0.0,0.0
3.5,49.0,19.0,21.0,21.0,11.0,12.0,8.0,17.0,10.0,7.0,19.0,8.0,10.0,18.0,20.0,8.0,9.0,5.0,9.0,10.0,16.0,17.0,16.0,6.0,17.0,14.0,17.0,11.0,17.0,9.0,17.0,9.0,11.0,9.0,10.0,7.0,13.0,11.0,11.0,5.0,12.0,1.0,11.0,6.0,7.0,8.0,10.0,8.0,9.0,9.0,9.0,13.0,11.0,4.0,4.0,8.0,9.0,4.0,3.0,6.0,7.0,7.0,6.0,0.0,0.0,9.0,9.0,7.0,2.0,5.0,7.0,5.0,6.0,6.0,2.0,5.0,9.0,4.0,6.0,8.0,5.0,2.0,3.0,0.0,2.0,2.0,2.0,3.0,3.0,6.0,4.0,4.0,1.0,2.0,2.0,6.0,1.0,2.0,1.0,4.0,1.0,0.0,1.0,0.0,1.0,0.0,2.0,1.0,3.0,1.0,0.0,2.0,1.0,1.0,1.0,1.0,1.0,3.0,0.0,1.0,0.0,0.0,0.0,2.0,1.0,4.0,0.0,0.0,0.0,1.0,1.0,4.0,0.0,0.0,0.0,0.0,0.0,3.0,1.0,1.0,3.0,0.0,1.0,1.0,1.0,2.0,1.0,1.0,0.0,0.0,1.0,0.0,0.0,0.0,0.0,0.0,0.0,1.0,0.0,0.0,0.0,0.0,0.0,1.0,0.0,0.0,0.0,0.0,0.0,0.0,1.0,0.0,1.0,1.0,0.0,1.0,1.0,0.0,0.0,0.0,0.0,0.0,0.0,0.0,0.0,0.0,0.0,0.0,0.0,0.0,0.0,0.0,0.0,1.0,2.0,0.0,0.0,0.0,0.0
3.6,44.0,21.0,27.0,24.0,19.0,9.0,12.0,13.0,10.0,11.0,14.0,13.0,8.0,12.0,14.0,7.0,15.0,12.0,9.0,7.0,9.0,11.0,16.0,11.0,12.0,11.0,24.0,9.0,9.0,10.0,7.0,5.0,10.0,7.0,13.0,4.0,4.0,12.0,14.0,5.0,7.0,7.0,10.0,13.0,14.0,6.0,6.0,4.0,6.0,6.0,3.0,8.0,7.0,3.0,5.0,4.0,7.0,8.0,7.0,3.0,4.0,5.0,6.0,3.0,8.0,3.0,1.0,4.0,8.0,5.0,4.0,2.0,3.0,5.0,5.0,4.0,4.0,8.0,9.0,3.0,3.0,4.0,3.0,3.0,4.0,2.0,3.0,2.0,2.0,2.0,5.0,1.0,7.0,4.0,4.0,1.0,1.0,2.0,3.0,1.0,1.0,1.0,0.0,2.0,1.0,1.0,2.0,1.0,2.0,1.0,4.0,2.0,0.0,2.0,2.0,2.0,2.0,1.0,0.0,1.0,0.0,0.0,0.0,0.0,0.0,1.0,4.0,1.0,1.0,1.0,1.0,1.0,1.0,0.0,1.0,1.0,0.0,3.0,3.0,1.0,0.0,0.0,0.0,2.0,0.0,0.0,1.0,0.0,1.0,0.0,0.0,0.0,0.0,2.0,2.0,1.0,4.0,2.0,1.0,0.0,1.0,0.0,0.0,0.0,0.0,3.0,0.0,1.0,0.0,1.0,0.0,0.0,0.0,1.0,0.0,0.0,0.0,2.0,0.0,1.0,0.0,1.0,0.0,1.0,0.0,0.0,0.0,0.0,0.0,0.0,0.0,0.0,0.0,1.0,1.0,0.0,0.0,0.0,0.0
3.7,52.0,19.0,8.0,10.0,16.0,14.0,8.0,10.0,10.0,8.0,4.0,11.0,10.0,9.0,14.0,14.0,23.0,11.0,7.0,5.0,9.0,15.0,11.0,14.0,10.0,9.0,6.0,17.0,6.0,11.0,11.0,13.0,12.0,12.0,7.0,3.0,11.0,7.0,15.0,17.0,6.0,6.0,9.0,11.0,5.0,7.0,5.0,9.0,5.0,4.0,5.0,4.0,15.0,7.0,10.0,4.0,7.0,7.0,6.0,6.0,4.0,5.0,9.0,3.0,5.0,9.0,2.0,2.0,9.0,10.0,6.0,1.0,5.0,4.0,6.0,4.0,5.0,4.0,3.0,7.0,6.0,1.0,2.0,0.0,3.0,0.0,4.0,2.0,4.0,3.0,5.0,3.0,0.0,3.0,2.0,3.0,1.0,3.0,7.0,1.0,2.0,0.0,2.0,1.0,0.0,4.0,1.0,1.0,2.0,2.0,1.0,1.0,2.0,1.0,0.0,0.0,2.0,2.0,1.0,3.0,0.0,0.0,0.0,0.0,1.0,1.0,2.0,2.0,1.0,0.0,0.0,3.0,0.0,0.0,0.0,1.0,1.0,0.0,1.0,1.0,1.0,0.0,1.0,0.0,2.0,1.0,0.0,0.0,1.0,0.0,0.0,0.0,0.0,0.0,0.0,0.0,2.0,0.0,1.0,0.0,0.0,0.0,1.0,0.0,0.0,0.0,0.0,0.0,0.0,0.0,0.0,0.0,0.0,1.0,0.0,3.0,0.0,0.0,1.0,0.0,0.0,0.0,0.0,0.0,0.0,0.0,0.0,0.0,0.0,0.0,0.0,0.0,0.0,0.0,0.0,0.0,0.0,0.0,0.0
3.8000000000000003,42.0,16.0,9.0,7.0,13.0,15.0,7.0,10.0,15.0,12.0,9.0,17.0,15.0,10.0,9.0,10.0,9.0,10.0,9.0,10.0,7.0,13.0,11.0,15.0,15.0,14.0,14.0,9.0,13.0,20.0,9.0,12.0,7.0,8.0,2.0,8.0,12.0,4.0,14.0,4.0,11.0,8.0,6.0,7.0,9.0,6.0,12.0,8.0,13.0,7.0,6.0,5.0,13.0,9.0,7.0,10.0,3.0,3.0,4.0,3.0,9.0,8.0,5.0,2.0,6.0,3.0,6.0,4.0,3.0,6.0,7.0,1.0,6.0,2.0,9.0,3.0,4.0,3.0,0.0,6.0,1.0,1.0,3.0,2.0,4.0,2.0,2.0,0.0,3.0,2.0,5.0,5.0,1.0,1.0,3.0,2.0,2.0,1.0,4.0,8.0,3.0,1.0,2.0,1.0,0.0,0.0,1.0,3.0,2.0,1.0,2.0,2.0,2.0,0.0,1.0,1.0,0.0,0.0,0.0,1.0,0.0,0.0,1.0,0.0,0.0,0.0,1.0,1.0,0.0,1.0,2.0,1.0,0.0,2.0,0.0,5.0,0.0,0.0,1.0,0.0,3.0,0.0,0.0,1.0,1.0,2.0,0.0,0.0,0.0,0.0,0.0,1.0,2.0,0.0,1.0,0.0,1.0,0.0,0.0,0.0,0.0,0.0,0.0,0.0,1.0,0.0,1.0,0.0,0.0,0.0,0.0,0.0,0.0,0.0,0.0,0.0,0.0,0.0,1.0,0.0,0.0,0.0,0.0,0.0,0.0,0.0,0.0,0.0,0.0,0.0,0.0,0.0,0.0,1.0,0.0,1.0,0.0,0.0,0.0
3.9000000000000004,33.0,9.0,9.0,13.0,11.0,16.0,6.0,4.0,6.0,14.0,15.0,11.0,14.0,18.0,25.0,6.0,7.0,9.0,18.0,14.0,16.0,10.0,8.0,8.0,7.0,11.0,8.0,14.0,10.0,11.0,10.0,8.0,10.0,10.0,8.0,7.0,13.0,6.0,18.0,9.0,10.0,9.0,6.0,7.0,10.0,5.0,5.0,10.0,6.0,2.0,4.0,8.0,8.0,14.0,4.0,9.0,11.0,6.0,5.0,1.0,6.0,6.0,9.0,5.0,5.0,6.0,3.0,2.0,5.0,5.0,5.0,3.0,5.0,2.0,4.0,2.0,8.0,3.0,2.0,3.0,1.0,3.0,3.0,6.0,1.0,2.0,5.0,2.0,1.0,4.0,1.0,7.0,2.0,4.0,2.0,6.0,2.0,2.0,1.0,3.0,0.0,1.0,2.0,0.0,0.0,2.0,0.0,1.0,2.0,5.0,3.0,3.0,0.0,3.0,3.0,0.0,2.0,3.0,2.0,7.0,0.0,2.0,2.0,0.0,3.0,0.0,0.0,4.0,1.0,0.0,0.0,0.0,3.0,1.0,1.0,1.0,0.0,1.0,0.0,0.0,1.0,1.0,1.0,1.0,0.0,1.0,1.0,0.0,0.0,2.0,2.0,0.0,0.0,1.0,1.0,0.0,0.0,0.0,0.0,0.0,0.0,1.0,2.0,0.0,0.0,0.0,0.0,0.0,0.0,0.0,0.0,0.0,0.0,0.0,0.0,0.0,1.0,0.0,0.0,1.0,0.0,0.0,0.0,0.0,0.0,1.0,0.0,0.0,0.0,0.0,0.0,0.0,1.0,0.0,0.0,1.0,2.0,0.0,0.0
4.0,32.0,8.0,7.0,6.0,15.0,8.0,11.0,11.0,13.0,6.0,12.0,12.0,18.0,5.0,14.0,8.0,7.0,14.0,11.0,9.0,6.0,10.0,11.0,7.0,8.0,13.0,14.0,10.0,14.0,9.0,10.0,10.0,6.0,3.0,9.0,8.0,11.0,8.0,14.0,7.0,11.0,7.0,8.0,8.0,10.0,7.0,6.0,9.0,6.0,10.0,10.0,8.0,3.0,8.0,9.0,4.0,6.0,0.0,3.0,5.0,4.0,2.0,8.0,15.0,2.0,2.0,3.0,9.0,4.0,7.0,7.0,4.0,4.0,7.0,8.0,6.0,2.0,5.0,3.0,2.0,0.0,5.0,4.0,3.0,7.0,2.0,1.0,3.0,2.0,7.0,2.0,6.0,6.0,2.0,4.0,4.0,4.0,2.0,3.0,1.0,1.0,1.0,2.0,2.0,7.0,2.0,0.0,4.0,2.0,2.0,1.0,3.0,2.0,1.0,0.0,4.0,3.0,0.0,0.0,2.0,1.0,5.0,2.0,2.0,1.0,0.0,0.0,1.0,2.0,0.0,2.0,4.0,0.0,1.0,0.0,0.0,0.0,1.0,2.0,0.0,2.0,0.0,0.0,0.0,0.0,0.0,1.0,0.0,1.0,5.0,1.0,0.0,0.0,0.0,0.0,2.0,1.0,1.0,0.0,1.0,0.0,1.0,1.0,0.0,0.0,1.0,0.0,0.0,1.0,1.0,0.0,0.0,0.0,0.0,0.0,0.0,0.0,0.0,0.0,0.0,4.0,0.0,0.0,1.0,0.0,0.0,0.0,0.0,0.0,0.0,0.0,0.0,0.0,0.0,0.0,0.0,0.0,0.0,0.0
4.1000000000000005,49.0,12.0,12.0,12.0,7.0,7.0,7.0,5.0,11.0,8.0,4.0,9.0,10.0,14.0,11.0,16.0,14.0,10.0,4.0,9.0,10.0,9.0,15.0,10.0,7.0,3.0,5.0,10.0,8.0,11.0,9.0,10.0,12.0,11.0,8.0,10.0,14.0,3.0,10.0,10.0,5.0,11.0,10.0,2.0,7.0,7.0,8.0,5.0,15.0,8.0,3.0,3.0,4.0,6.0,14.0,9.0,10.0,5.0,4.0,6.0,3.0,2.0,7.0,4.0,4.0,5.0,4.0,5.0,7.0,4.0,8.0,3.0,4.0,3.0,7.0,4.0,3.0,10.0,5.0,5.0,3.0,2.0,3.0,6.0,3.0,2.0,3.0,5.0,4.0,2.0,1.0,4.0,0.0,3.0,4.0,2.0,3.0,5.0,0.0,3.0,0.0,0.0,2.0,0.0,0.0,2.0,1.0,0.0,0.0,2.0,0.0,4.0,5.0,3.0,2.0,0.0,3.0,6.0,0.0,1.0,0.0,1.0,1.0,0.0,1.0,2.0,2.0,1.0,2.0,1.0,1.0,1.0,2.0,1.0,2.0,0.0,0.0,0.0,0.0,0.0,2.0,2.0,0.0,2.0,3.0,0.0,0.0,0.0,0.0,0.0,0.0,1.0,0.0,1.0,0.0,2.0,0.0,3.0,0.0,0.0,0.0,2.0,0.0,0.0,2.0,1.0,0.0,0.0,1.0,0.0,2.0,0.0,0.0,0.0,0.0,0.0,0.0,0.0,0.0,0.0,0.0,0.0,0.0,0.0,0.0,0.0,0.0,0.0,1.0,0.0,0.0,0.0,0.0,0.0,0.0,0.0,0.0,0.0,0.0
4.2,37.0,14.0,13.0,19.0,15.0,13.0,10.0,9.0,5.0,9.0,8.0,3.0,8.0,13.0,8.0,8.0,8.0,12.0,7.0,11.0,11.0,9.0,11.0,15.0,16.0,8.0,11.0,3.0,10.0,10.0,10.0,9.0,12.0,15.0,9.0,12.0,8.0,11.0,8.0,8.0,13.0,9.0,11.0,9.0,10.0,4.0,3.0,9.0,9.0,6.0,8.0,12.0,3.0,10.0,12.0,4.0,2.0,8.0,4.0,2.0,3.0,9.0,7.0,4.0,4.0,5.0,7.0,5.0,2.0,4.0,3.0,4.0,4.0,6.0,1.0,4.0,6.0,4.0,4.0,3.0,1.0,3.0,8.0,0.0,1.0,4.0,4.0,2.0,4.0,5.0,2.0,3.0,2.0,3.0,2.0,4.0,3.0,2.0,4.0,3.0,1.0,4.0,3.0,2.0,4.0,0.0,0.0,1.0,0.0,2.0,1.0,1.0,1.0,3.0,0.0,3.0,2.0,1.0,1.0,0.0,1.0,0.0,2.0,1.0,1.0,3.0,1.0,2.0,0.0,1.0,0.0,1.0,2.0,0.0,3.0,2.0,0.0,3.0,0.0,0.0,2.0,0.0,1.0,2.0,2.0,1.0,0.0,1.0,0.0,1.0,2.0,1.0,1.0,1.0,1.0,1.0,2.0,0.0,1.0,0.0,1.0,0.0,0.0,0.0,0.0,0.0,0.0,1.0,0.0,1.0,0.0,0.0,0.0,0.0,0.0,1.0,0.0,0.0,0.0,1.0,0.0,1.0,0.0,0.0,0.0,0.0,0.0,0.0,0.0,0.0,0.0,0.0,1.0,0.0,0.0,2.0,0.0,0.0,0.0
4.3,20.0,9.0,14.0,11.0,10.0,9.0,9.0,8.0,4.0,17.0,11.0,5.0,10.0,5.0,12.0,6.0,10.0,15.0,11.0,5.0,12.0,11.0,8.0,11.0,8.0,7.0,5.0,7.0,12.0,4.0,9.0,5.0,15.0,7.0,8.0,10.0,12.0,4.0,7.0,4.0,5.0,8.0,9.0,7.0,6.0,7.0,15.0,4.0,8.0,14.0,12.0,6.0,11.0,9.0,5.0,5.0,5.0,5.0,3.0,5.0,5.0,10.0,8.0,2.0,2.0,2.0,3.0,5.0,3.0,5.0,1.0,7.0,1.0,4.0,1.0,2.0,6.0,5.0,4.0,7.0,4.0,4.0,7.0,3.0,7.0,1.0,0.0,3.0,4.0,5.0,3.0,5.0,6.0,2.0,2.0,0.0,3.0,2.0,2.0,3.0,3.0,2.0,3.0,1.0,1.0,2.0,1.0,1.0,3.0,1.0,0.0,2.0,2.0,1.0,2.0,3.0,2.0,1.0,1.0,0.0,0.0,2.0,0.0,4.0,3.0,1.0,1.0,0.0,1.0,2.0,0.0,0.0,0.0,1.0,0.0,3.0,0.0,0.0,0.0,1.0,2.0,0.0,1.0,1.0,0.0,2.0,0.0,0.0,2.0,1.0,2.0,1.0,0.0,0.0,1.0,1.0,0.0,0.0,1.0,0.0,1.0,0.0,0.0,1.0,0.0,0.0,1.0,0.0,0.0,0.0,0.0,0.0,0.0,0.0,0.0,0.0,0.0,0.0,0.0,0.0,0.0,0.0,0.0,0.0,0.0,0.0,0.0,0.0,0.0,0.0,0.0,0.0,0.0,0.0,0.0,0.0,0.0,0.0,0.0
4.4,24.0,14.0,13.0,3.0,9.0,8.0,6.0,13.0,7.0,8.0,8.0,13.0,8.0,4.0,10.0,8.0,7.0,12.0,6.0,13.0,13.0,13.0,7.0,8.0,12.0,2.0,6.0,10.0,13.0,15.0,11.0,11.0,13.0,9.0,9.0,4.0,12.0,11.0,9.0,5.0,11.0,4.0,7.0,5.0,6.0,7.0,5.0,5.0,7.0,7.0,7.0,5.0,6.0,6.0,4.0,6.0,6.0,4.0,5.0,6.0,8.0,6.0,8.0,7.0,5.0,2.0,5.0,3.0,1.0,8.0,4.0,4.0,5.0,5.0,2.0,4.0,7.0,4.0,3.0,1.0,7.0,6.0,3.0,6.0,1.0,0.0,4.0,5.0,4.0,9.0,1.0,5.0,4.0,2.0,4.0,4.0,4.0,1.0,2.0,5.0,3.0,5.0,0.0,1.0,0.0,2.0,2.0,0.0,1.0,1.0,2.0,4.0,1.0,0.0,2.0,3.0,1.0,1.0,1.0,3.0,2.0,1.0,0.0,1.0,0.0,1.0,1.0,1.0,1.0,3.0,0.0,1.0,0.0,0.0,1.0,1.0,1.0,1.0,2.0,1.0,1.0,1.0,0.0,0.0,0.0,1.0,0.0,1.0,0.0,1.0,0.0,1.0,1.0,1.0,1.0,0.0,0.0,0.0,1.0,0.0,1.0,1.0,0.0,0.0,0.0,0.0,0.0,0.0,0.0,1.0,0.0,0.0,1.0,0.0,0.0,0.0,0.0,0.0,0.0,0.0,0.0,0.0,0.0,0.0,0.0,0.0,0.0,0.0,0.0,0.0,0.0,0.0,0.0,0.0,0.0,0.0,0.0,0.0,0.0
4.5,30.0,7.0,8.0,12.0,10.0,8.0,11.0,10.0,16.0,7.0,10.0,5.0,5.0,7.0,7.0,10.0,12.0,7.0,10.0,13.0,8.0,4.0,8.0,4.0,2.0,13.0,11.0,9.0,10.0,7.0,11.0,14.0,8.0,12.0,5.0,10.0,4.0,5.0,14.0,13.0,5.0,3.0,8.0,8.0,6.0,5.0,5.0,5.0,8.0,7.0,3.0,5.0,8.0,9.0,5.0,5.0,1.0,0.0,6.0,1.0,2.0,5.0,4.0,4.0,7.0,5.0,4.0,6.0,4.0,3.0,4.0,3.0,4.0,10.0,2.0,4.0,5.0,6.0,3.0,5.0,4.0,5.0,1.0,5.0,5.0,3.0,3.0,5.0,3.0,2.0,3.0,1.0,4.0,1.0,3.0,2.0,4.0,0.0,2.0,1.0,1.0,0.0,0.0,3.0,3.0,1.0,2.0,3.0,2.0,4.0,2.0,4.0,0.0,1.0,0.0,1.0,1.0,1.0,3.0,1.0,2.0,0.0,1.0,2.0,0.0,0.0,1.0,0.0,2.0,1.0,1.0,0.0,0.0,0.0,2.0,0.0,0.0,3.0,1.0,0.0,0.0,0.0,1.0,1.0,1.0,0.0,0.0,0.0,1.0,0.0,1.0,0.0,0.0,2.0,2.0,0.0,1.0,0.0,1.0,0.0,1.0,0.0,1.0,0.0,0.0,0.0,0.0,1.0,0.0,0.0,0.0,0.0,0.0,1.0,0.0,0.0,0.0,0.0,0.0,0.0,0.0,0.0,0.0,0.0,0.0,0.0,0.0,0.0,0.0,0.0,0.0,0.0,1.0,0.0,0.0,0.0,0.0,0.0,0.0
4.6000000000000005,27.0,15.0,17.0,5.0,7.0,9.0,9.0,5.0,8.0,6.0,8.0,13.0,6.0,6.0,9.0,7.0,9.0,7.0,6.0,8.0,10.0,8.0,10.0,7.0,7.0,6.0,5.0,8.0,6.0,6.0,6.0,6.0,7.0,10.0,7.0,1.0,14.0,9.0,9.0,5.0,13.0,10.0,11.0,6.0,5.0,4.0,6.0,8.0,13.0,3.0,13.0,4.0,5.0,8.0,5.0,3.0,8.0,3.0,5.0,4.0,8.0,7.0,7.0,5.0,8.0,7.0,5.0,4.0,0.0,4.0,5.0,5.0,6.0,3.0,3.0,4.0,5.0,4.0,6.0,3.0,1.0,1.0,1.0,4.0,4.0,4.0,0.0,2.0,1.0,3.0,6.0,8.0,2.0,2.0,3.0,4.0,0.0,2.0,2.0,1.0,5.0,0.0,1.0,0.0,0.0,2.0,2.0,2.0,1.0,0.0,2.0,0.0,3.0,1.0,1.0,1.0,1.0,5.0,2.0,0.0,2.0,0.0,1.0,2.0,1.0,5.0,0.0,0.0,0.0,2.0,1.0,0.0,0.0,0.0,3.0,0.0,1.0,0.0,0.0,0.0,0.0,3.0,0.0,0.0,0.0,2.0,2.0,0.0,0.0,0.0,1.0,1.0,0.0,2.0,0.0,0.0,1.0,2.0,0.0,2.0,1.0,2.0,0.0,0.0,3.0,0.0,1.0,0.0,0.0,0.0,0.0,0.0,0.0,0.0,0.0,1.0,0.0,0.0,0.0,0.0,0.0,0.0,0.0,0.0,0.0,1.0,0.0,0.0,1.0,0.0,1.0,1.0,0.0,0.0,0.0,0.0,0.0,0.0,0.0
4.7,25.0,9.0,7.0,10.0,4.0,4.0,9.0,9.0,10.0,3.0,8.0,10.0,10.0,8.0,6.0,8.0,3.0,4.0,10.0,10.0,4.0,7.0,10.0,6.0,5.0,7.0,11.0,7.0,9.0,8.0,6.0,5.0,5.0,6.0,15.0,8.0,4.0,6.0,5.0,10.0,14.0,11.0,13.0,4.0,9.0,10.0,7.0,8.0,6.0,8.0,5.0,3.0,3.0,4.0,7.0,6.0,14.0,3.0,4.0,7.0,5.0,7.0,4.0,5.0,6.0,6.0,5.0,6.0,5.0,4.0,5.0,9.0,3.0,4.0,3.0,3.0,6.0,1.0,6.0,7.0,4.0,2.0,1.0,7.0,6.0,1.0,7.0,8.0,6.0,2.0,3.0,6.0,7.0,2.0,1.0,4.0,3.0,6.0,1.0,2.0,0.0,3.0,2.0,3.0,0.0,4.0,2.0,3.0,2.0,2.0,2.0,2.0,4.0,1.0,0.0,2.0,1.0,3.0,2.0,2.0,4.0,2.0,1.0,0.0,4.0,4.0,1.0,3.0,2.0,3.0,0.0,0.0,0.0,2.0,1.0,0.0,2.0,0.0,0.0,0.0,6.0,1.0,1.0,0.0,1.0,3.0,3.0,1.0,3.0,0.0,0.0,0.0,0.0,2.0,0.0,0.0,0.0,1.0,0.0,3.0,1.0,0.0,0.0,4.0,1.0,0.0,0.0,1.0,0.0,0.0,0.0,0.0,0.0,1.0,0.0,0.0,0.0,1.0,1.0,1.0,0.0,0.0,0.0,1.0,0.0,0.0,0.0,0.0,2.0,0.0,0.0,0.0,0.0,0.0,0.0,0.0,0.0,0.0,0.0
4.800000000000001,30.0,10.0,9.0,5.0,4.0,7.0,6.0,9.0,11.0,5.0,9.0,8.0,9.0,5.0,2.0,9.0,2.0,8.0,9.0,7.0,10.0,10.0,11.0,10.0,8.0,6.0,5.0,14.0,7.0,6.0,10.0,9.0,7.0,10.0,7.0,12.0,3.0,8.0,9.0,9.0,9.0,9.0,8.0,6.0,4.0,5.0,2.0,10.0,7.0,7.0,10.0,12.0,6.0,6.0,4.0,3.0,3.0,3.0,6.0,7.0,9.0,0.0,3.0,4.0,11.0,8.0,7.0,9.0,2.0,4.0,5.0,4.0,0.0,6.0,2.0,7.0,3.0,2.0,7.0,2.0,6.0,3.0,1.0,2.0,4.0,2.0,2.0,8.0,5.0,8.0,2.0,0.0,7.0,0.0,4.0,5.0,1.0,0.0,0.0,2.0,2.0,0.0,4.0,0.0,2.0,3.0,4.0,4.0,3.0,1.0,2.0,1.0,3.0,1.0,2.0,0.0,3.0,2.0,6.0,0.0,2.0,0.0,1.0,1.0,2.0,1.0,1.0,1.0,1.0,1.0,2.0,1.0,3.0,0.0,2.0,0.0,1.0,0.0,1.0,0.0,3.0,1.0,0.0,0.0,2.0,4.0,0.0,1.0,0.0,0.0,0.0,1.0,0.0,3.0,1.0,0.0,0.0,1.0,0.0,1.0,1.0,0.0,0.0,0.0,0.0,0.0,0.0,0.0,1.0,0.0,3.0,1.0,0.0,0.0,0.0,0.0,1.0,1.0,0.0,1.0,0.0,0.0,0.0,0.0,0.0,0.0,0.0,0.0,0.0,1.0,0.0,0.0,0.0,0.0,0.0,0.0,1.0,1.0,0.0
4.9,24.0,5.0,6.0,9.0,4.0,4.0,6.0,6.0,9.0,13.0,9.0,9.0,4.0,9.0,6.0,7.0,13.0,7.0,4.0,6.0,6.0,3.0,8.0,10.0,6.0,11.0,4.0,5.0,9.0,7.0,11.0,5.0,10.0,9.0,8.0,9.0,17.0,4.0,10.0,6.0,1.0,9.0,7.0,10.0,6.0,8.0,4.0,13.0,5.0,8.0,15.0,4.0,1.0,2.0,4.0,7.0,7.0,8.0,7.0,5.0,4.0,5.0,7.0,7.0,11.0,8.0,5.0,7.0,4.0,5.0,2.0,1.0,3.0,4.0,3.0,2.0,5.0,4.0,4.0,1.0,1.0,4.0,2.0,1.0,2.0,7.0,2.0,2.0,3.0,3.0,4.0,4.0,4.0,2.0,3.0,3.0,1.0,2.0,3.0,2.0,1.0,2.0,3.0,1.0,5.0,1.0,0.0,0.0,3.0,1.0,2.0,0.0,6.0,0.0,4.0,1.0,0.0,3.0,0.0,2.0,0.0,1.0,0.0,2.0,1.0,1.0,1.0,1.0,1.0,1.0,0.0,1.0,0.0,1.0,2.0,0.0,1.0,0.0,0.0,0.0,1.0,2.0,1.0,0.0,1.0,3.0,0.0,0.0,3.0,2.0,0.0,2.0,0.0,0.0,0.0,2.0,0.0,0.0,0.0,0.0,0.0,0.0,0.0,1.0,0.0,3.0,0.0,0.0,1.0,0.0,1.0,1.0,0.0,0.0,0.0,1.0,0.0,0.0,0.0,1.0,0.0,0.0,0.0,2.0,0.0,0.0,0.0,1.0,0.0,0.0,0.0,0.0,0.0,0.0,0.0,0.0,0.0,0.0,0.0
5.0,15.0,10.0,10.0,2.0,6.0,5.0,6.0,4.0,7.0,15.0,2.0,6.0,5.0,10.0,5.0,6.0,14.0,8.0,8.0,4.0,11.0,3.0,10.0,8.0,5.0,7.0,11.0,7.0,11.0,6.0,9.0,8.0,4.0,5.0,16.0,5.0,12.0,5.0,7.0,7.0,4.0,11.0,9.0,2.0,4.0,12.0,7.0,12.0,6.0,7.0,6.0,6.0,10.0,1.0,1.0,5.0,6.0,4.0,3.0,6.0,6.0,2.0,3.0,5.0,4.0,3.0,4.0,4.0,5.0,2.0,1.0,4.0,4.0,9.0,3.0,6.0,4.0,5.0,2.0,3.0,7.0,5.0,1.0,5.0,3.0,3.0,3.0,2.0,3.0,11.0,4.0,2.0,4.0,2.0,3.0,1.0,0.0,4.0,4.0,0.0,2.0,3.0,1.0,2.0,0.0,1.0,3.0,0.0,1.0,1.0,2.0,1.0,0.0,1.0,0.0,0.0,2.0,1.0,3.0,2.0,1.0,0.0,1.0,2.0,2.0,2.0,3.0,1.0,0.0,1.0,2.0,2.0,0.0,0.0,1.0,2.0,0.0,0.0,1.0,0.0,1.0,0.0,1.0,0.0,0.0,0.0,0.0,1.0,1.0,0.0,3.0,1.0,0.0,1.0,1.0,1.0,0.0,0.0,1.0,0.0,1.0,0.0,0.0,0.0,0.0,1.0,0.0,3.0,0.0,0.0,0.0,0.0,0.0,0.0,2.0,1.0,0.0,0.0,0.0,0.0,0.0,1.0,2.0,2.0,1.0,0.0,0.0,3.0,0.0,0.0,0.0,0.0,0.0,1.0,1.0,0.0,0.0,0.0,0.0
5.1000000000000005,17.0,7.0,2.0,5.0,9.0,5.0,7.0,3.0,5.0,7.0,8.0,3.0,9.0,11.0,12.0,15.0,5.0,9.0,5.0,7.0,9.0,6.0,5.0,8.0,6.0,9.0,8.0,6.0,12.0,10.0,7.0,7.0,8.0,12.0,6.0,7.0,7.0,4.0,3.0,8.0,8.0,7.0,12.0,4.0,1.0,5.0,3.0,11.0,3.0,5.0,6.0,8.0,10.0,5.0,6.0,4.0,6.0,5.0,5.0,6.0,2.0,5.0,9.0,6.0,6.0,11.0,0.0,7.0,1.0,4.0,3.0,6.0,6.0,3.0,1.0,3.0,4.0,5.0,5.0,2.0,3.0,2.0,4.0,1.0,4.0,3.0,3.0,3.0,0.0,7.0,1.0,3.0,5.0,5.0,2.0,6.0,3.0,3.0,1.0,4.0,3.0,2.0,3.0,1.0,2.0,1.0,2.0,3.0,1.0,4.0,0.0,1.0,0.0,1.0,0.0,3.0,0.0,2.0,1.0,0.0,0.0,1.0,1.0,0.0,1.0,3.0,2.0,1.0,5.0,0.0,0.0,1.0,2.0,3.0,0.0,1.0,1.0,0.0,1.0,1.0,3.0,1.0,1.0,1.0,0.0,0.0,1.0,0.0,1.0,0.0,0.0,1.0,1.0,0.0,2.0,0.0,0.0,0.0,0.0,2.0,1.0,0.0,2.0,0.0,0.0,0.0,0.0,0.0,0.0,1.0,0.0,0.0,0.0,1.0,2.0,0.0,0.0,0.0,0.0,0.0,0.0,0.0,1.0,0.0,0.0,1.0,0.0,2.0,0.0,0.0,0.0,0.0,0.0,1.0,1.0,5.0,1.0,0.0,0.0
5.2,11.0,7.0,3.0,8.0,7.0,7.0,4.0,8.0,9.0,10.0,8.0,3.0,11.0,8.0,8.0,11.0,3.0,9.0,7.0,7.0,11.0,7.0,9.0,11.0,10.0,4.0,10.0,9.0,11.0,15.0,11.0,8.0,5.0,4.0,8.0,7.0,6.0,10.0,6.0,5.0,3.0,14.0,7.0,6.0,4.0,15.0,6.0,8.0,9.0,3.0,18.0,10.0,6.0,5.0,10.0,4.0,9.0,5.0,6.0,3.0,8.0,7.0,2.0,9.0,8.0,6.0,8.0,6.0,8.0,8.0,4.0,3.0,2.0,1.0,8.0,7.0,5.0,3.0,6.0,5.0,8.0,4.0,4.0,0.0,8.0,3.0,3.0,3.0,3.0,5.0,4.0,5.0,3.0,3.0,4.0,0.0,0.0,3.0,3.0,1.0,1.0,0.0,3.0,4.0,3.0,1.0,1.0,0.0,1.0,0.0,2.0,1.0,2.0,2.0,2.0,1.0,0.0,1.0,1.0,1.0,0.0,0.0,1.0,2.0,3.0,0.0,5.0,3.0,6.0,0.0,0.0,2.0,1.0,0.0,2.0,1.0,2.0,0.0,0.0,1.0,0.0,0.0,1.0,1.0,1.0,1.0,0.0,1.0,1.0,0.0,0.0,2.0,0.0,1.0,1.0,0.0,1.0,1.0,2.0,0.0,2.0,0.0,0.0,1.0,1.0,0.0,0.0,0.0,0.0,2.0,0.0,0.0,0.0,0.0,1.0,0.0,0.0,0.0,0.0,0.0,0.0,0.0,2.0,0.0,2.0,1.0,0.0,0.0,1.0,0.0,2.0,1.0,0.0,0.0,0.0,0.0,2.0,0.0,0.0
5.300000000000001,12.0,9.0,6.0,1.0,7.0,6.0,7.0,7.0,5.0,8.0,11.0,7.0,8.0,8.0,9.0,10.0,3.0,8.0,6.0,4.0,8.0,4.0,5.0,14.0,6.0,8.0,7.0,11.0,9.0,8.0,6.0,7.0,3.0,8.0,6.0,6.0,9.0,7.0,0.0,5.0,7.0,6.0,3.0,3.0,9.0,7.0,9.0,8.0,4.0,4.0,11.0,3.0,8.0,3.0,5.0,4.0,5.0,8.0,4.0,10.0,4.0,4.0,8.0,8.0,3.0,4.0,1.0,2.0,5.0,6.0,4.0,4.0,4.0,5.0,3.0,4.0,7.0,2.0,3.0,8.0,5.0,1.0,6.0,1.0,0.0,6.0,0.0,2.0,5.0,0.0,5.0,4.0,1.0,2.0,1.0,3.0,3.0,1.0,4.0,0.0,5.0,1.0,1.0,2.0,5.0,4.0,2.0,5.0,1.0,2.0,0.0,2.0,0.0,5.0,0.0,2.0,1.0,2.0,2.0,3.0,1.0,1.0,0.0,1.0,3.0,1.0,3.0,2.0,2.0,3.0,1.0,0.0,0.0,3.0,0.0,0.0,0.0,1.0,2.0,0.0,0.0,1.0,2.0,3.0,0.0,0.0,0.0,0.0,1.0,3.0,0.0,1.0,0.0,0.0,0.0,1.0,0.0,1.0,1.0,1.0,0.0,0.0,3.0,1.0,1.0,0.0,0.0,0.0,0.0,0.0,0.0,1.0,0.0,0.0,2.0,0.0,0.0,0.0,0.0,0.0,0.0,2.0,0.0,0.0,1.0,0.0,0.0,0.0,2.0,1.0,0.0,0.0,0.0,0.0,0.0,0.0,0.0,1.0,0.0
5.4,21.0,3.0,5.0,3.0,2.0,6.0,2.0,4.0,6.0,6.0,7.0,10.0,13.0,7.0,4.0,3.0,6.0,5.0,2.0,12.0,7.0,7.0,0.0,10.0,5.0,11.0,11.0,6.0,5.0,5.0,8.0,2.0,4.0,5.0,5.0,20.0,9.0,11.0,8.0,10.0,9.0,7.0,6.0,8.0,8.0,2.0,4.0,7.0,4.0,4.0,3.0,9.0,5.0,7.0,4.0,2.0,4.0,5.0,4.0,4.0,5.0,0.0,7.0,5.0,5.0,4.0,5.0,8.0,2.0,4.0,5.0,5.0,2.0,3.0,0.0,5.0,1.0,5.0,2.0,4.0,5.0,4.0,1.0,7.0,4.0,0.0,6.0,2.0,5.0,3.0,4.0,4.0,7.0,2.0,3.0,2.0,1.0,1.0,1.0,0.0,5.0,1.0,1.0,0.0,1.0,5.0,1.0,1.0,6.0,2.0,3.0,2.0,1.0,1.0,3.0,3.0,0.0,1.0,5.0,1.0,0.0,1.0,5.0,1.0,1.0,0.0,0.0,0.0,1.0,0.0,3.0,1.0,0.0,3.0,0.0,0.0,3.0,1.0,2.0,1.0,1.0,1.0,1.0,0.0,1.0,4.0,2.0,0.0,2.0,0.0,1.0,0.0,0.0,0.0,0.0,1.0,0.0,2.0,1.0,0.0,0.0,0.0,1.0,0.0,1.0,0.0,0.0,1.0,0.0,0.0,0.0,0.0,0.0,1.0,0.0,0.0,3.0,0.0,1.0,0.0,0.0,1.0,0.0,0.0,0.0,0.0,0.0,0.0,0.0,1.0,0.0,1.0,0.0,0.0,1.0,2.0,0.0,0.0,0.0
5.5,18.0,5.0,2.0,5.0,4.0,7.0,2.0,2.0,6.0,11.0,9.0,3.0,9.0,9.0,4.0,9.0,4.0,7.0,3.0,2.0,5.0,6.0,7.0,5.0,3.0,5.0,5.0,3.0,10.0,5.0,7.0,9.0,4.0,10.0,5.0,8.0,4.0,8.0,5.0,14.0,8.0,4.0,5.0,5.0,4.0,7.0,7.0,0.0,5.0,3.0,5.0,5.0,3.0,8.0,8.0,2.0,4.0,6.0,4.0,7.0,5.0,4.0,7.0,4.0,4.0,5.0,2.0,6.0,1.0,2.0,7.0,4.0,5.0,6.0,6.0,2.0,1.0,4.0,6.0,4.0,3.0,8.0,7.0,6.0,4.0,1.0,5.0,3.0,2.0,4.0,3.0,1.0,2.0,3.0,1.0,3.0,0.0,1.0,1.0,2.0,0.0,1.0,3.0,0.0,0.0,2.0,1.0,2.0,3.0,2.0,0.0,1.0,3.0,1.0,0.0,1.0,1.0,0.0,1.0,2.0,2.0,1.0,2.0,0.0,0.0,2.0,3.0,2.0,0.0,0.0,1.0,1.0,1.0,0.0,0.0,2.0,0.0,1.0,1.0,3.0,0.0,0.0,0.0,0.0,0.0,0.0,0.0,0.0,1.0,0.0,0.0,3.0,2.0,1.0,1.0,1.0,0.0,0.0,0.0,1.0,0.0,0.0,0.0,0.0,1.0,0.0,0.0,0.0,2.0,1.0,0.0,0.0,1.0,0.0,0.0,0.0,1.0,0.0,0.0,2.0,0.0,2.0,0.0,0.0,2.0,0.0,0.0,1.0,1.0,1.0,0.0,0.0,0.0,2.0,0.0,0.0,0.0,0.0,1.0
5.6000000000000005,15.0,3.0,3.0,6.0,3.0,3.0,6.0,2.0,6.0,10.0,9.0,11.0,4.0,5.0,4.0,9.0,4.0,6.0,3.0,5.0,11.0,7.0,10.0,6.0,5.0,2.0,7.0,8.0,3.0,3.0,7.0,7.0,7.0,6.0,7.0,6.0,8.0,6.0,9.0,7.0,5.0,6.0,10.0,4.0,8.0,6.0,5.0,5.0,5.0,3.0,7.0,2.0,3.0,5.0,0.0,5.0,1.0,5.0,3.0,2.0,5.0,7.0,5.0,2.0,3.0,5.0,2.0,4.0,6.0,7.0,6.0,4.0,9.0,4.0,5.0,6.0,1.0,3.0,6.0,8.0,4.0,4.0,3.0,2.0,3.0,1.0,4.0,3.0,4.0,6.0,2.0,5.0,4.0,4.0,4.0,3.0,1.0,2.0,1.0,1.0,1.0,4.0,2.0,1.0,3.0,2.0,0.0,2.0,0.0,1.0,2.0,2.0,4.0,0.0,0.0,3.0,0.0,1.0,1.0,0.0,0.0,3.0,0.0,3.0,1.0,5.0,0.0,3.0,5.0,2.0,1.0,1.0,0.0,0.0,1.0,3.0,1.0,2.0,1.0,1.0,0.0,1.0,3.0,1.0,2.0,0.0,0.0,0.0,3.0,1.0,0.0,1.0,1.0,0.0,0.0,1.0,0.0,1.0,1.0,0.0,1.0,0.0,1.0,2.0,0.0,0.0,2.0,1.0,0.0,0.0,0.0,0.0,1.0,0.0,0.0,0.0,2.0,0.0,0.0,0.0,0.0,0.0,0.0,0.0,0.0,0.0,0.0,0.0,0.0,0.0,0.0,1.0,0.0,1.0,0.0,0.0,0.0,0.0,0.0
5.7,10.0,7.0,2.0,5.0,1.0,6.0,8.0,3.0,2.0,2.0,6.0,8.0,6.0,3.0,3.0,9.0,8.0,4.0,8.0,7.0,4.0,3.0,5.0,5.0,4.0,4.0,6.0,3.0,10.0,4.0,6.0,1.0,4.0,5.0,6.0,5.0,3.0,3.0,5.0,6.0,5.0,4.0,10.0,6.0,3.0,5.0,3.0,4.0,4.0,4.0,7.0,5.0,10.0,5.0,2.0,5.0,5.0,3.0,6.0,14.0,3.0,3.0,2.0,5.0,6.0,2.0,6.0,4.0,3.0,5.0,5.0,8.0,4.0,6.0,2.0,7.0,4.0,4.0,6.0,5.0,7.0,4.0,6.0,8.0,6.0,4.0,3.0,1.0,3.0,1.0,2.0,0.0,0.0,7.0,2.0,1.0,1.0,8.0,1.0,5.0,0.0,4.0,1.0,1.0,2.0,9.0,1.0,3.0,2.0,2.0,0.0,7.0,1.0,1.0,0.0,2.0,1.0,2.0,1.0,2.0,0.0,0.0,0.0,0.0,1.0,1.0,0.0,1.0,3.0,1.0,3.0,1.0,1.0,1.0,0.0,2.0,1.0,1.0,1.0,1.0,2.0,2.0,3.0,1.0,1.0,1.0,1.0,2.0,2.0,1.0,1.0,0.0,0.0,1.0,0.0,0.0,2.0,1.0,0.0,0.0,2.0,0.0,1.0,1.0,2.0,0.0,0.0,0.0,0.0,0.0,1.0,1.0,3.0,2.0,0.0,1.0,0.0,0.0,1.0,1.0,0.0,2.0,0.0,0.0,0.0,0.0,0.0,1.0,0.0,0.0,1.0,0.0,1.0,1.0,1.0,0.0,0.0,0.0,0.0
5.800000000000001,13.0,5.0,1.0,4.0,4.0,2.0,4.0,2.0,3.0,8.0,7.0,2.0,4.0,2.0,7.0,2.0,5.0,2.0,7.0,1.0,4.0,5.0,3.0,4.0,3.0,7.0,9.0,1.0,5.0,3.0,4.0,3.0,5.0,10.0,5.0,7.0,7.0,5.0,8.0,9.0,7.0,7.0,5.0,9.0,7.0,8.0,7.0,5.0,9.0,10.0,3.0,7.0,15.0,7.0,5.0,7.0,8.0,4.0,3.0,6.0,1.0,4.0,3.0,6.0,2.0,2.0,8.0,3.0,4.0,3.0,7.0,2.0,3.0,6.0,4.0,6.0,3.0,5.0,3.0,7.0,3.0,8.0,3.0,4.0,4.0,3.0,3.0,1.0,1.0,4.0,5.0,1.0,5.0,1.0,2.0,3.0,2.0,3.0,3.0,3.0,2.0,1.0,2.0,3.0,1.0,0.0,1.0,0.0,1.0,3.0,0.0,3.0,2.0,1.0,3.0,0.0,1.0,2.0,3.0,2.0,0.0,2.0,1.0,0.0,3.0,2.0,3.0,0.0,1.0,2.0,1.0,0.0,0.0,2.0,2.0,3.0,0.0,3.0,0.0,2.0,1.0,1.0,0.0,5.0,2.0,0.0,1.0,0.0,0.0,0.0,0.0,0.0,2.0,3.0,1.0,0.0,0.0,0.0,0.0,0.0,1.0,0.0,0.0,2.0,0.0,1.0,0.0,0.0,0.0,1.0,1.0,0.0,1.0,1.0,0.0,0.0,1.0,1.0,0.0,0.0,0.0,0.0,0.0,0.0,0.0,0.0,2.0,0.0,2.0,1.0,0.0,1.0,0.0,0.0,0.0,0.0,1.0,0.0,0.0
5.9,9.0,4.0,8.0,1.0,2.0,3.0,3.0,3.0,2.0,7.0,3.0,4.0,8.0,5.0,9.0,5.0,7.0,8.0,7.0,3.0,5.0,3.0,8.0,10.0,8.0,5.0,6.0,4.0,9.0,5.0,7.0,11.0,6.0,10.0,4.0,3.0,5.0,7.0,6.0,5.0,6.0,3.0,8.0,10.0,5.0,8.0,5.0,6.0,6.0,2.0,6.0,5.0,12.0,5.0,6.0,6.0,4.0,10.0,5.0,6.0,3.0,4.0,0.0,8.0,8.0,5.0,3.0,2.0,6.0,5.0,8.0,6.0,5.0,7.0,3.0,3.0,4.0,3.0,1.0,6.0,4.0,4.0,2.0,2.0,4.0,1.0,7.0,3.0,5.0,5.0,6.0,6.0,5.0,1.0,1.0,5.0,4.0,1.0,3.0,5.0,2.0,5.0,5.0,4.0,3.0,2.0,3.0,2.0,1.0,1.0,3.0,1.0,2.0,2.0,1.0,3.0,0.0,1.0,4.0,1.0,5.0,0.0,1.0,1.0,2.0,1.0,2.0,0.0,0.0,2.0,0.0,2.0,3.0,1.0,3.0,1.0,1.0,1.0,0.0,1.0,0.0,0.0,0.0,1.0,2.0,1.0,0.0,1.0,0.0,0.0,1.0,2.0,2.0,0.0,0.0,0.0,0.0,0.0,1.0,0.0,1.0,0.0,1.0,1.0,1.0,0.0,1.0,0.0,0.0,0.0,0.0,0.0,1.0,1.0,1.0,0.0,0.0,0.0,0.0,0.0,2.0,1.0,1.0,0.0,1.0,0.0,0.0,0.0,0.0,0.0,0.0,0.0,0.0,0.0,0.0,0.0,0.0,0.0,0.0
6.0,12.0,7.0,1.0,5.0,5.0,0.0,2.0,4.0,5.0,5.0,2.0,5.0,6.0,2.0,4.0,1.0,5.0,1.0,2.0,4.0,6.0,4.0,3.0,5.0,6.0,11.0,9.0,6.0,4.0,3.0,4.0,9.0,3.0,14.0,9.0,8.0,5.0,5.0,7.0,8.0,7.0,5.0,8.0,6.0,5.0,7.0,4.0,6.0,4.0,5.0,5.0,7.0,5.0,6.0,2.0,8.0,4.0,5.0,4.0,7.0,1.0,4.0,3.0,7.0,2.0,6.0,0.0,2.0,3.0,0.0,4.0,1.0,3.0,8.0,6.0,7.0,2.0,6.0,4.0,5.0,2.0,7.0,2.0,3.0,2.0,5.0,2.0,1.0,6.0,4.0,1.0,9.0,1.0,4.0,7.0,1.0,2.0,1.0,8.0,3.0,3.0,2.0,2.0,4.0,1.0,1.0,2.0,3.0,2.0,1.0,2.0,1.0,0.0,1.0,2.0,1.0,2.0,1.0,1.0,1.0,2.0,1.0,1.0,1.0,1.0,1.0,1.0,2.0,3.0,0.0,2.0,0.0,3.0,0.0,0.0,0.0,1.0,0.0,0.0,1.0,1.0,1.0,1.0,0.0,2.0,2.0,0.0,1.0,1.0,0.0,1.0,1.0,0.0,2.0,2.0,0.0,0.0,0.0,0.0,2.0,0.0,1.0,0.0,1.0,0.0,0.0,0.0,0.0,0.0,0.0,0.0,1.0,0.0,0.0,0.0,0.0,1.0,0.0,0.0,1.0,0.0,1.0,0.0,0.0,0.0,0.0,0.0,0.0,3.0,1.0,0.0,3.0,1.0,0.0,2.0,0.0,0.0,0.0,0.0
6.1000000000000005,13.0,4.0,4.0,1.0,4.0,3.0,4.0,5.0,4.0,4.0,3.0,3.0,2.0,1.0,4.0,5.0,3.0,3.0,4.0,4.0,5.0,3.0,5.0,7.0,4.0,5.0,2.0,11.0,3.0,4.0,2.0,7.0,5.0,8.0,2.0,10.0,3.0,6.0,1.0,5.0,6.0,5.0,8.0,2.0,5.0,2.0,3.0,4.0,5.0,9.0,6.0,1.0,10.0,4.0,5.0,5.0,13.0,5.0,10.0,6.0,4.0,5.0,4.0,3.0,4.0,2.0,6.0,2.0,3.0,3.0,4.0,2.0,4.0,14.0,3.0,4.0,8.0,6.0,2.0,4.0,3.0,2.0,2.0,2.0,4.0,6.0,3.0,3.0,4.0,1.0,9.0,2.0,3.0,4.0,3.0,6.0,2.0,3.0,0.0,8.0,2.0,0.0,5.0,1.0,2.0,2.0,1.0,1.0,3.0,0.0,1.0,3.0,1.0,2.0,2.0,2.0,2.0,1.0,1.0,1.0,2.0,1.0,2.0,5.0,1.0,1.0,1.0,1.0,1.0,1.0,2.0,6.0,2.0,1.0,1.0,2.0,2.0,0.0,2.0,2.0,1.0,1.0,1.0,1.0,0.0,0.0,1.0,0.0,3.0,1.0,0.0,2.0,0.0,2.0,0.0,0.0,0.0,0.0,1.0,1.0,1.0,0.0,0.0,0.0,0.0,0.0,1.0,2.0,1.0,0.0,0.0,0.0,1.0,0.0,0.0,1.0,0.0,1.0,0.0,0.0,3.0,1.0,0.0,0.0,0.0,1.0,1.0,0.0,0.0,1.0,0.0,0.0,0.0,1.0,0.0,0.0,1.0,0.0,0.0
6.2,10.0,1.0,2.0,2.0,4.0,5.0,5.0,4.0,3.0,6.0,0.0,2.0,5.0,3.0,4.0,8.0,3.0,5.0,7.0,7.0,5.0,3.0,4.0,8.0,3.0,3.0,6.0,6.0,6.0,7.0,8.0,1.0,6.0,10.0,3.0,3.0,7.0,2.0,8.0,3.0,8.0,5.0,6.0,3.0,9.0,3.0,4.0,3.0,5.0,6.0,4.0,6.0,12.0,7.0,3.0,8.0,7.0,3.0,3.0,8.0,7.0,3.0,2.0,3.0,5.0,3.0,5.0,3.0,4.0,3.0,4.0,4.0,0.0,2.0,7.0,2.0,5.0,3.0,3.0,5.0,3.0,4.0,4.0,5.0,8.0,5.0,6.0,2.0,6.0,6.0,3.0,5.0,1.0,3.0,1.0,2.0,4.0,1.0,1.0,1.0,2.0,5.0,3.0,1.0,4.0,2.0,1.0,1.0,0.0,2.0,2.0,1.0,0.0,2.0,1.0,1.0,2.0,2.0,2.0,3.0,2.0,1.0,1.0,3.0,5.0,1.0,1.0,1.0,0.0,1.0,1.0,2.0,1.0,0.0,1.0,1.0,2.0,0.0,2.0,0.0,1.0,1.0,3.0,3.0,1.0,2.0,0.0,1.0,0.0,1.0,1.0,0.0,1.0,0.0,2.0,1.0,0.0,0.0,1.0,0.0,1.0,0.0,3.0,1.0,0.0,0.0,2.0,0.0,0.0,0.0,1.0,0.0,0.0,1.0,0.0,0.0,0.0,0.0,0.0,0.0,0.0,0.0,0.0,0.0,0.0,0.0,1.0,0.0,0.0,0.0,0.0,0.0,0.0,0.0,0.0,0.0,1.0,0.0,1.0
6.300000000000001,6.0,3.0,7.0,5.0,2.0,5.0,6.0,3.0,3.0,5.0,5.0,1.0,4.0,6.0,5.0,7.0,3.0,4.0,4.0,7.0,6.0,5.0,3.0,2.0,10.0,8.0,4.0,6.0,4.0,3.0,2.0,1.0,5.0,10.0,7.0,3.0,4.0,4.0,5.0,7.0,1.0,5.0,4.0,6.0,7.0,1.0,2.0,5.0,3.0,15.0,5.0,3.0,7.0,8.0,6.0,3.0,11.0,8.0,1.0,4.0,4.0,5.0,6.0,4.0,5.0,2.0,3.0,3.0,0.0,3.0,6.0,5.0,8.0,6.0,2.0,3.0,3.0,5.0,7.0,3.0,3.0,2.0,5.0,3.0,2.0,5.0,4.0,6.0,4.0,2.0,0.0,4.0,0.0,2.0,2.0,5.0,4.0,2.0,3.0,2.0,1.0,3.0,2.0,2.0,2.0,0.0,0.0,0.0,2.0,1.0,2.0,2.0,2.0,3.0,2.0,3.0,3.0,7.0,4.0,3.0,2.0,2.0,1.0,2.0,3.0,1.0,4.0,2.0,2.0,0.0,2.0,0.0,1.0,1.0,1.0,1.0,2.0,1.0,0.0,1.0,0.0,2.0,1.0,3.0,1.0,0.0,0.0,1.0,0.0,0.0,0.0,1.0,0.0,3.0,1.0,1.0,0.0,0.0,0.0,0.0,0.0,1.0,1.0,0.0,0.0,1.0,1.0,0.0,0.0,0.0,2.0,0.0,0.0,0.0,0.0,1.0,0.0,0.0,0.0,0.0,0.0,0.0,2.0,1.0,0.0,0.0,1.0,0.0,0.0,0.0,0.0,0.0,0.0,0.0,1.0,0.0,1.0,0.0,0.0
6.4,13.0,2.0,2.0,2.0,8.0,4.0,2.0,1.0,2.0,6.0,2.0,9.0,4.0,3.0,5.0,5.0,2.0,2.0,1.0,5.0,6.0,7.0,4.0,7.0,7.0,9.0,6.0,6.0,4.0,11.0,4.0,4.0,6.0,7.0,5.0,7.0,4.0,2.0,6.0,4.0,2.0,5.0,1.0,0.0,4.0,4.0,4.0,1.0,6.0,3.0,6.0,4.0,5.0,2.0,14.0,4.0,7.0,8.0,4.0,9.0,5.0,7.0,4.0,0.0,1.0,2.0,1.0,1.0,4.0,4.0,2.0,2.0,6.0,5.0,2.0,5.0,2.0,0.0,2.0,6.0,1.0,2.0,4.0,2.0,4.0,3.0,4.0,3.0,2.0,4.0,0.0,4.0,5.0,1.0,5.0,1.0,2.0,3.0,1.0,0.0,0.0,2.0,2.0,3.0,2.0,4.0,1.0,2.0,1.0,2.0,1.0,2.0,4.0,0.0,1.0,1.0,0.0,1.0,5.0,3.0,0.0,1.0,1.0,0.0,1.0,1.0,2.0,3.0,1.0,2.0,2.0,0.0,3.0,0.0,1.0,1.0,0.0,1.0,1.0,1.0,1.0,1.0,4.0,1.0,0.0,1.0,1.0,3.0,1.0,0.0,0.0,0.0,5.0,1.0,1.0,2.0,0.0,2.0,0.0,0.0,2.0,1.0,2.0,4.0,0.0,0.0,1.0,0.0,1.0,0.0,1.0,0.0,1.0,0.0,1.0,0.0,0.0,0.0,1.0,0.0,0.0,0.0,0.0,0.0,1.0,0.0,0.0,0.0,0.0,0.0,0.0,0.0,0.0,0.0,0.0,0.0,0.0,0.0,0.0
6.5,16.0,0.0,3.0,2.0,3.0,1.0,3.0,6.0,0.0,8.0,3.0,2.0,6.0,3.0,5.0,2.0,3.0,3.0,6.0,5.0,2.0,2.0,4.0,2.0,2.0,3.0,8.0,2.0,3.0,5.0,3.0,5.0,5.0,6.0,3.0,3.0,1.0,9.0,6.0,1.0,8.0,7.0,3.0,8.0,0.0,4.0,2.0,9.0,8.0,4.0,5.0,7.0,3.0,9.0,12.0,9.0,6.0,2.0,1.0,9.0,7.0,6.0,3.0,2.0,3.0,2.0,1.0,4.0,4.0,2.0,7.0,5.0,8.0,6.0,3.0,6.0,5.0,4.0,5.0,4.0,5.0,3.0,5.0,2.0,3.0,3.0,3.0,3.0,2.0,2.0,3.0,8.0,1.0,4.0,3.0,1.0,4.0,4.0,4.0,0.0,1.0,5.0,0.0,2.0,1.0,0.0,0.0,0.0,1.0,1.0,3.0,1.0,1.0,0.0,0.0,4.0,1.0,2.0,1.0,2.0,2.0,2.0,1.0,2.0,2.0,0.0,1.0,1.0,1.0,1.0,6.0,3.0,1.0,0.0,3.0,0.0,0.0,2.0,5.0,0.0,0.0,0.0,1.0,3.0,0.0,1.0,0.0,1.0,2.0,1.0,1.0,0.0,0.0,2.0,0.0,1.0,0.0,0.0,1.0,0.0,2.0,1.0,1.0,1.0,2.0,0.0,1.0,0.0,0.0,1.0,1.0,0.0,1.0,0.0,0.0,0.0,0.0,0.0,0.0,0.0,0.0,0.0,0.0,0.0,0.0,0.0,0.0,0.0,1.0,1.0,0.0,0.0,0.0,0.0,0.0,0.0,0.0,0.0,0.0
6.6000000000000005,17.0,2.0,6.0,1.0,6.0,3.0,3.0,3.0,1.0,5.0,3.0,2.0,4.0,2.0,3.0,6.0,1.0,1.0,1.0,5.0,1.0,3.0,2.0,7.0,6.0,5.0,5.0,4.0,5.0,9.0,3.0,5.0,3.0,8.0,3.0,3.0,6.0,3.0,5.0,4.0,5.0,5.0,6.0,6.0,5.0,2.0,3.0,4.0,5.0,6.0,5.0,1.0,1.0,5.0,5.0,3.0,5.0,2.0,2.0,6.0,2.0,3.0,1.0,4.0,1.0,7.0,1.0,0.0,5.0,5.0,10.0,1.0,3.0,3.0,1.0,6.0,4.0,2.0,2.0,7.0,2.0,3.0,4.0,1.0,4.0,1.0,2.0,5.0,1.0,2.0,3.0,4.0,2.0,0.0,0.0,1.0,2.0,2.0,4.0,6.0,1.0,3.0,2.0,0.0,1.0,1.0,2.0,2.0,1.0,5.0,5.0,1.0,2.0,1.0,2.0,1.0,0.0,0.0,1.0,3.0,1.0,0.0,1.0,0.0,2.0,0.0,1.0,0.0,0.0,1.0,1.0,0.0,2.0,5.0,2.0,2.0,0.0,0.0,1.0,2.0,0.0,0.0,0.0,2.0,1.0,2.0,1.0,2.0,0.0,0.0,1.0,3.0,0.0,3.0,1.0,1.0,0.0,1.0,0.0,0.0,0.0,1.0,1.0,1.0,0.0,0.0,1.0,0.0,0.0,0.0,0.0,1.0,0.0,0.0,0.0,2.0,0.0,3.0,0.0,0.0,0.0,0.0,1.0,0.0,0.0,0.0,0.0,2.0,0.0,1.0,1.0,0.0,0.0,0.0,0.0,0.0,2.0,0.0,0.0
6.7,17.0,0.0,4.0,5.0,0.0,1.0,2.0,3.0,4.0,5.0,0.0,5.0,4.0,6.0,2.0,10.0,6.0,4.0,3.0,4.0,4.0,3.0,4.0,4.0,4.0,5.0,3.0,3.0,9.0,2.0,2.0,4.0,2.0,5.0,2.0,5.0,3.0,8.0,7.0,5.0,6.0,7.0,7.0,4.0,3.0,9.0,4.0,7.0,8.0,4.0,9.0,6.0,4.0,6.0,3.0,4.0,7.0,7.0,9.0,3.0,5.0,4.0,4.0,3.0,4.0,4.0,5.0,3.0,6.0,4.0,7.0,4.0,8.0,5.0,3.0,4.0,2.0,1.0,4.0,4.0,1.0,7.0,3.0,5.0,3.0,1.0,6.0,7.0,4.0,1.0,5.0,6.0,3.0,5.0,1.0,2.0,4.0,1.0,1.0,3.0,1.0,0.0,5.0,0.0,2.0,4.0,2.0,3.0,0.0,1.0,0.0,1.0,2.0,1.0,3.0,1.0,3.0,0.0,0.0,2.0,1.0,1.0,1.0,2.0,1.0,1.0,1.0,2.0,0.0,1.0,0.0,1.0,0.0,0.0,1.0,0.0,1.0,1.0,1.0,1.0,4.0,2.0,0.0,3.0,1.0,3.0,2.0,1.0,0.0,2.0,0.0,0.0,1.0,1.0,0.0,0.0,1.0,0.0,2.0,0.0,0.0,0.0,0.0,0.0,1.0,0.0,0.0,1.0,0.0,0.0,0.0,0.0,1.0,0.0,1.0,0.0,1.0,1.0,0.0,0.0,0.0,0.0,1.0,0.0,0.0,0.0,0.0,0.0,0.0,1.0,1.0,0.0,0.0,0.0,0.0,0.0,1.0,0.0,3.0
6.800000000000001,14.0,2.0,3.0,1.0,1.0,1.0,3.0,1.0,1.0,1.0,2.0,5.0,0.0,4.0,5.0,4.0,6.0,3.0,1.0,3.0,4.0,6.0,5.0,8.0,4.0,10.0,6.0,5.0,3.0,11.0,6.0,4.0,7.0,9.0,4.0,6.0,5.0,0.0,3.0,5.0,3.0,3.0,5.0,2.0,8.0,6.0,8.0,7.0,4.0,3.0,6.0,7.0,8.0,2.0,2.0,3.0,6.0,4.0,3.0,6.0,4.0,4.0,2.0,3.0,2.0,2.0,2.0,1.0,6.0,4.0,1.0,4.0,3.0,5.0,4.0,6.0,2.0,2.0,2.0,4.0,4.0,4.0,5.0,2.0,4.0,0.0,4.0,0.0,4.0,4.0,3.0,1.0,4.0,3.0,2.0,4.0,2.0,2.0,4.0,1.0,1.0,3.0,0.0,2.0,2.0,0.0,3.0,4.0,2.0,4.0,3.0,1.0,2.0,1.0,3.0,4.0,1.0,1.0,1.0,1.0,1.0,0.0,0.0,2.0,1.0,0.0,3.0,3.0,2.0,3.0,0.0,1.0,1.0,2.0,2.0,2.0,0.0,0.0,1.0,0.0,1.0,0.0,1.0,1.0,2.0,1.0,1.0,0.0,2.0,0.0,1.0,1.0,0.0,2.0,0.0,1.0,0.0,1.0,1.0,0.0,0.0,0.0,3.0,0.0,1.0,0.0,0.0,0.0,0.0,0.0,0.0,1.0,0.0,0.0,3.0,0.0,0.0,0.0,0.0,0.0,0.0,0.0,0.0,0.0,2.0,0.0,0.0,0.0,0.0,0.0,0.0,0.0,1.0,0.0,0.0,0.0,0.0,0.0,0.0
6.9,11.0,0.0,4.0,5.0,6.0,2.0,2.0,3.0,1.0,1.0,3.0,3.0,3.0,1.0,4.0,2.0,9.0,2.0,4.0,1.0,2.0,3.0,5.0,5.0,6.0,5.0,1.0,2.0,2.0,6.0,3.0,6.0,5.0,6.0,5.0,3.0,2.0,4.0,5.0,10.0,3.0,6.0,2.0,4.0,6.0,5.0,2.0,7.0,4.0,4.0,4.0,9.0,5.0,4.0,1.0,5.0,6.0,3.0,2.0,3.0,8.0,3.0,3.0,5.0,4.0,2.0,5.0,8.0,1.0,3.0,3.0,1.0,5.0,1.0,3.0,11.0,8.0,5.0,3.0,3.0,2.0,3.0,1.0,3.0,3.0,0.0,1.0,3.0,2.0,5.0,0.0,1.0,3.0,3.0,5.0,4.0,3.0,2.0,4.0,2.0,1.0,2.0,5.0,2.0,6.0,4.0,2.0,0.0,4.0,2.0,2.0,2.0,1.0,0.0,2.0,3.0,1.0,3.0,1.0,2.0,1.0,1.0,0.0,0.0,1.0,3.0,2.0,3.0,2.0,2.0,1.0,0.0,1.0,0.0,0.0,1.0,2.0,1.0,2.0,2.0,1.0,0.0,0.0,0.0,1.0,0.0,3.0,1.0,1.0,0.0,2.0,1.0,2.0,0.0,1.0,1.0,1.0,3.0,2.0,1.0,1.0,1.0,0.0,2.0,0.0,0.0,0.0,1.0,1.0,0.0,0.0,0.0,0.0,0.0,0.0,0.0,0.0,0.0,0.0,1.0,2.0,0.0,2.0,0.0,0.0,0.0,0.0,0.0,0.0,2.0,2.0,0.0,0.0,0.0,0.0,0.0,0.0,1.0,0.0
7.0,10.0,1.0,4.0,1.0,2.0,2.0,0.0,3.0,1.0,4.0,2.0,8.0,1.0,1.0,8.0,2.0,4.0,4.0,3.0,5.0,8.0,4.0,5.0,2.0,4.0,5.0,5.0,4.0,6.0,8.0,7.0,3.0,5.0,10.0,6.0,4.0,3.0,2.0,10.0,6.0,3.0,1.0,1.0,4.0,3.0,4.0,5.0,5.0,2.0,7.0,3.0,6.0,4.0,3.0,5.0,8.0,5.0,2.0,0.0,3.0,4.0,9.0,4.0,6.0,0.0,5.0,2.0,3.0,2.0,1.0,8.0,2.0,1.0,3.0,2.0,2.0,4.0,8.0,5.0,0.0,2.0,2.0,6.0,7.0,5.0,2.0,2.0,6.0,6.0,6.0,3.0,4.0,2.0,1.0,0.0,1.0,2.0,1.0,3.0,1.0,0.0,1.0,2.0,0.0,2.0,1.0,3.0,1.0,4.0,0.0,1.0,0.0,2.0,5.0,4.0,0.0,4.0,2.0,1.0,0.0,0.0,3.0,1.0,1.0,2.0,3.0,3.0,1.0,3.0,0.0,1.0,3.0,1.0,0.0,0.0,2.0,4.0,0.0,1.0,0.0,0.0,0.0,1.0,3.0,2.0,0.0,1.0,0.0,0.0,0.0,4.0,0.0,1.0,2.0,0.0,0.0,2.0,0.0,2.0,1.0,0.0,0.0,0.0,3.0,0.0,1.0,1.0,0.0,0.0,0.0,0.0,0.0,1.0,0.0,0.0,0.0,0.0,0.0,0.0,0.0,0.0,1.0,0.0,0.0,0.0,0.0,0.0,0.0,0.0,0.0,0.0,1.0,0.0,1.0,0.0,0.0,1.0,1.0,0.0
7.1000000000000005,11.0,1.0,1.0,4.0,3.0,1.0,1.0,3.0,0.0,2.0,3.0,1.0,3.0,2.0,4.0,3.0,2.0,2.0,3.0,4.0,2.0,1.0,5.0,4.0,6.0,6.0,6.0,1.0,4.0,3.0,3.0,2.0,5.0,4.0,4.0,2.0,6.0,7.0,4.0,5.0,7.0,4.0,3.0,7.0,4.0,6.0,4.0,4.0,2.0,3.0,5.0,3.0,7.0,2.0,2.0,6.0,9.0,7.0,2.0,7.0,6.0,4.0,7.0,4.0,6.0,6.0,2.0,1.0,2.0,3.0,4.0,4.0,2.0,8.0,5.0,1.0,3.0,8.0,2.0,2.0,2.0,8.0,4.0,8.0,4.0,3.0,2.0,5.0,2.0,7.0,2.0,1.0,3.0,6.0,3.0,3.0,2.0,0.0,5.0,1.0,0.0,5.0,2.0,5.0,8.0,0.0,1.0,3.0,3.0,3.0,2.0,5.0,1.0,4.0,1.0,1.0,0.0,2.0,2.0,0.0,2.0,2.0,0.0,2.0,1.0,0.0,2.0,0.0,4.0,0.0,1.0,2.0,0.0,1.0,1.0,1.0,0.0,3.0,0.0,1.0,0.0,3.0,0.0,3.0,1.0,2.0,1.0,0.0,1.0,0.0,1.0,2.0,0.0,0.0,1.0,1.0,1.0,0.0,4.0,1.0,0.0,1.0,1.0,0.0,0.0,0.0,1.0,0.0,2.0,0.0,0.0,1.0,0.0,0.0,1.0,0.0,0.0,1.0,0.0,0.0,1.0,0.0,0.0,0.0,0.0,1.0,0.0,0.0,0.0,0.0,0.0,0.0,0.0,0.0,0.0,0.0,1.0,0.0,0.0
7.2,11.0,3.0,0.0,4.0,1.0,5.0,1.0,1.0,4.0,1.0,0.0,2.0,3.0,1.0,4.0,2.0,0.0,3.0,1.0,1.0,6.0,2.0,2.0,3.0,3.0,6.0,0.0,4.0,13.0,3.0,2.0,3.0,2.0,4.0,7.0,7.0,7.0,5.0,3.0,3.0,6.0,4.0,3.0,9.0,2.0,11.0,4.0,5.0,11.0,5.0,8.0,1.0,6.0,2.0,4.0,4.0,7.0,7.0,4.0,8.0,1.0,1.0,3.0,2.0,1.0,3.0,4.0,4.0,5.0,4.0,5.0,4.0,2.0,4.0,3.0,1.0,5.0,5.0,1.0,6.0,0.0,4.0,0.0,3.0,5.0,2.0,0.0,2.0,0.0,1.0,1.0,9.0,2.0,3.0,2.0,3.0,4.0,1.0,2.0,5.0,1.0,4.0,1.0,2.0,2.0,1.0,0.0,3.0,1.0,3.0,1.0,1.0,1.0,0.0,0.0,1.0,3.0,0.0,1.0,1.0,1.0,2.0,3.0,0.0,1.0,1.0,3.0,3.0,1.0,2.0,1.0,0.0,1.0,0.0,2.0,1.0,2.0,4.0,2.0,0.0,0.0,3.0,0.0,2.0,0.0,1.0,1.0,0.0,1.0,3.0,1.0,1.0,0.0,0.0,1.0,0.0,3.0,0.0,2.0,2.0,1.0,1.0,1.0,1.0,0.0,1.0,0.0,1.0,2.0,0.0,0.0,0.0,0.0,0.0,0.0,0.0,0.0,0.0,0.0,0.0,0.0,0.0,2.0,0.0,0.0,0.0,1.0,0.0,0.0,0.0,0.0,0.0,0.0,0.0,1.0,0.0,0.0,0.0,0.0
7.300000000000001,9.0,1.0,1.0,3.0,0.0,3.0,2.0,1.0,2.0,3.0,1.0,2.0,2.0,2.0,1.0,1.0,1.0,3.0,5.0,1.0,6.0,0.0,0.0,2.0,4.0,7.0,4.0,3.0,4.0,6.0,4.0,3.0,5.0,5.0,5.0,5.0,1.0,2.0,3.0,4.0,4.0,3.0,6.0,5.0,2.0,3.0,5.0,3.0,3.0,4.0,3.0,5.0,6.0,8.0,1.0,4.0,3.0,4.0,7.0,5.0,2.0,3.0,8.0,6.0,2.0,6.0,3.0,6.0,5.0,4.0,5.0,1.0,10.0,4.0,6.0,4.0,7.0,3.0,0.0,3.0,4.0,0.0,0.0,1.0,3.0,3.0,4.0,1.0,3.0,4.0,3.0,3.0,2.0,3.0,3.0,7.0,3.0,3.0,3.0,2.0,0.0,2.0,3.0,2.0,4.0,2.0,3.0,2.0,1.0,0.0,0.0,2.0,1.0,0.0,0.0,1.0,3.0,1.0,0.0,3.0,0.0,4.0,4.0,1.0,4.0,0.0,3.0,1.0,1.0,3.0,0.0,0.0,0.0,1.0,2.0,1.0,1.0,2.0,0.0,0.0,0.0,1.0,0.0,1.0,3.0,0.0,0.0,3.0,1.0,0.0,0.0,0.0,1.0,2.0,0.0,0.0,2.0,1.0,2.0,1.0,0.0,0.0,2.0,1.0,2.0,0.0,1.0,1.0,0.0,0.0,0.0,0.0,0.0,0.0,2.0,1.0,0.0,1.0,2.0,0.0,0.0,1.0,0.0,0.0,0.0,0.0,0.0,0.0,0.0,0.0,0.0,0.0,1.0,0.0,0.0,0.0,0.0,0.0,0.0
7.4,9.0,1.0,0.0,1.0,2.0,1.0,2.0,2.0,2.0,7.0,1.0,1.0,4.0,4.0,2.0,0.0,2.0,3.0,1.0,4.0,3.0,4.0,1.0,2.0,3.0,3.0,3.0,1.0,3.0,5.0,7.0,0.0,2.0,3.0,2.0,11.0,3.0,4.0,5.0,7.0,8.0,2.0,4.0,6.0,6.0,4.0,0.0,5.0,2.0,8.0,7.0,2.0,1.0,2.0,8.0,5.0,10.0,3.0,2.0,3.0,2.0,1.0,3.0,3.0,4.0,4.0,2.0,7.0,2.0,2.0,4.0,3.0,7.0,2.0,4.0,4.0,5.0,2.0,3.0,7.0,3.0,1.0,1.0,3.0,0.0,4.0,6.0,0.0,5.0,3.0,1.0,1.0,1.0,3.0,1.0,6.0,2.0,3.0,4.0,2.0,3.0,6.0,3.0,1.0,5.0,0.0,4.0,0.0,2.0,1.0,0.0,0.0,2.0,1.0,1.0,5.0,1.0,0.0,4.0,3.0,2.0,0.0,4.0,0.0,1.0,1.0,3.0,2.0,2.0,1.0,2.0,2.0,1.0,1.0,0.0,0.0,2.0,3.0,4.0,6.0,1.0,0.0,1.0,2.0,0.0,0.0,1.0,0.0,3.0,1.0,1.0,2.0,1.0,0.0,0.0,0.0,0.0,0.0,0.0,1.0,2.0,0.0,0.0,1.0,4.0,1.0,0.0,2.0,0.0,0.0,1.0,1.0,2.0,2.0,1.0,0.0,3.0,0.0,0.0,2.0,0.0,0.0,0.0,0.0,1.0,0.0,0.0,1.0,1.0,2.0,0.0,0.0,0.0,0.0,0.0,0.0,0.0,0.0,0.0
7.5,14.0,1.0,2.0,2.0,1.0,0.0,4.0,1.0,2.0,6.0,6.0,2.0,1.0,1.0,5.0,1.0,2.0,2.0,2.0,4.0,2.0,1.0,3.0,5.0,5.0,1.0,2.0,4.0,3.0,3.0,3.0,3.0,4.0,1.0,5.0,3.0,2.0,0.0,5.0,2.0,3.0,3.0,3.0,2.0,2.0,4.0,3.0,7.0,1.0,2.0,2.0,4.0,8.0,1.0,4.0,2.0,7.0,1.0,2.0,5.0,2.0,2.0,5.0,6.0,6.0,2.0,2.0,7.0,6.0,3.0,4.0,1.0,3.0,3.0,2.0,1.0,6.0,6.0,1.0,4.0,0.0,5.0,2.0,2.0,1.0,1.0,2.0,3.0,2.0,8.0,2.0,4.0,3.0,7.0,3.0,2.0,0.0,5.0,0.0,3.0,4.0,3.0,6.0,3.0,0.0,3.0,4.0,3.0,0.0,6.0,0.0,3.0,5.0,2.0,2.0,3.0,3.0,1.0,0.0,0.0,0.0,2.0,0.0,1.0,1.0,2.0,3.0,1.0,2.0,3.0,0.0,2.0,0.0,0.0,1.0,4.0,1.0,2.0,1.0,2.0,1.0,2.0,0.0,1.0,1.0,3.0,1.0,1.0,1.0,0.0,0.0,1.0,2.0,1.0,0.0,1.0,2.0,2.0,1.0,0.0,0.0,0.0,0.0,1.0,1.0,1.0,1.0,0.0,2.0,0.0,0.0,1.0,1.0,0.0,1.0,1.0,0.0,1.0,0.0,0.0,0.0,0.0,2.0,0.0,0.0,2.0,1.0,1.0,2.0,0.0,0.0,1.0,0.0,1.0,0.0,1.0,0.0,0.0,0.0
7.6000000000000005,15.0,3.0,3.0,0.0,1.0,2.0,4.0,4.0,0.0,1.0,4.0,0.0,2.0,1.0,4.0,6.0,2.0,2.0,2.0,1.0,2.0,5.0,1.0,2.0,3.0,3.0,4.0,2.0,4.0,0.0,2.0,0.0,5.0,3.0,6.0,1.0,4.0,1.0,5.0,5.0,2.0,4.0,1.0,3.0,2.0,1.0,3.0,4.0,3.0,6.0,2.0,3.0,6.0,7.0,6.0,3.0,7.0,7.0,6.0,3.0,5.0,7.0,3.0,3.0,6.0,2.0,1.0,3.0,4.0,1.0,1.0,5.0,4.0,1.0,1.0,2.0,1.0,4.0,5.0,4.0,6.0,2.0,2.0,4.0,3.0,3.0,6.0,2.0,1.0,1.0,1.0,2.0,5.0,0.0,3.0,2.0,1.0,2.0,0.0,0.0,5.0,1.0,2.0,3.0,1.0,4.0,3.0,2.0,0.0,3.0,4.0,1.0,3.0,2.0,3.0,2.0,2.0,4.0,1.0,2.0,0.0,1.0,3.0,1.0,1.0,0.0,3.0,3.0,0.0,0.0,1.0,1.0,1.0,1.0,5.0,1.0,0.0,1.0,2.0,0.0,0.0,0.0,0.0,2.0,2.0,0.0,1.0,0.0,0.0,0.0,0.0,1.0,1.0,2.0,1.0,0.0,0.0,0.0,0.0,0.0,1.0,0.0,0.0,0.0,1.0,0.0,1.0,0.0,1.0,0.0,0.0,0.0,0.0,0.0,2.0,1.0,0.0,1.0,1.0,0.0,0.0,0.0,0.0,0.0,1.0,1.0,0.0,0.0,0.0,1.0,0.0,1.0,0.0,1.0,0.0,0.0,0.0,1.0,0.0
7.7,13.0,4.0,0.0,2.0,0.0,1.0,1.0,4.0,1.0,0.0,2.0,1.0,1.0,2.0,5.0,2.0,5.0,4.0,3.0,0.0,1.0,2.0,2.0,2.0,3.0,3.0,5.0,2.0,3.0,1.0,0.0,3.0,1.0,5.0,1.0,4.0,6.0,4.0,2.0,2.0,4.0,1.0,3.0,5.0,2.0,9.0,1.0,1.0,3.0,4.0,1.0,1.0,3.0,7.0,3.0,1.0,4.0,1.0,3.0,3.0,1.0,3.0,4.0,8.0,2.0,3.0,4.0,2.0,1.0,2.0,5.0,5.0,5.0,4.0,3.0,1.0,1.0,4.0,2.0,3.0,4.0,4.0,1.0,4.0,2.0,1.0,3.0,1.0,3.0,1.0,3.0,3.0,2.0,1.0,4.0,4.0,4.0,2.0,4.0,3.0,3.0,2.0,2.0,5.0,3.0,0.0,3.0,2.0,3.0,3.0,3.0,1.0,2.0,0.0,0.0,0.0,0.0,2.0,1.0,0.0,1.0,3.0,3.0,1.0,0.0,1.0,3.0,1.0,1.0,1.0,0.0,1.0,0.0,1.0,2.0,1.0,2.0,0.0,2.0,0.0,0.0,2.0,1.0,3.0,0.0,0.0,4.0,1.0,0.0,0.0,1.0,1.0,1.0,1.0,1.0,0.0,1.0,0.0,0.0,0.0,2.0,0.0,2.0,1.0,1.0,1.0,2.0,1.0,0.0,1.0,0.0,0.0,1.0,3.0,0.0,0.0,0.0,0.0,0.0,0.0,2.0,0.0,2.0,0.0,0.0,0.0,0.0,0.0,1.0,0.0,0.0,0.0,0.0,0.0,0.0,1.0,0.0,0.0,0.0
7.800000000000001,14.0,1.0,0.0,4.0,1.0,1.0,0.0,3.0,2.0,1.0,3.0,2.0,2.0,3.0,6.0,6.0,0.0,1.0,2.0,0.0,3.0,1.0,5.0,3.0,0.0,0.0,4.0,2.0,0.0,2.0,4.0,4.0,1.0,2.0,5.0,1.0,9.0,3.0,1.0,6.0,2.0,5.0,4.0,4.0,3.0,4.0,2.0,8.0,1.0,4.0,2.0,5.0,4.0,4.0,2.0,3.0,2.0,2.0,4.0,1.0,1.0,5.0,2.0,5.0,4.0,1.0,10.0,6.0,4.0,5.0,7.0,2.0,1.0,1.0,3.0,1.0,4.0,3.0,3.0,5.0,5.0,3.0,4.0,1.0,2.0,7.0,1.0,0.0,4.0,3.0,6.0,5.0,2.0,1.0,2.0,1.0,1.0,3.0,7.0,4.0,6.0,1.0,1.0,4.0,7.0,3.0,1.0,5.0,2.0,5.0,1.0,5.0,1.0,3.0,0.0,4.0,1.0,0.0,4.0,1.0,0.0,3.0,3.0,0.0,0.0,0.0,0.0,1.0,0.0,0.0,1.0,0.0,2.0,2.0,0.0,1.0,1.0,1.0,3.0,0.0,0.0,2.0,0.0,2.0,0.0,2.0,1.0,1.0,1.0,1.0,2.0,1.0,1.0,1.0,1.0,0.0,0.0,2.0,0.0,0.0,0.0,0.0,0.0,0.0,2.0,1.0,0.0,1.0,0.0,1.0,0.0,0.0,2.0,0.0,2.0,1.0,1.0,0.0,1.0,0.0,0.0,0.0,0.0,0.0,0.0,0.0,0.0,0.0,0.0,0.0,1.0,0.0,0.0,0.0,0.0,0.0,0.0,1.0,1.0
7.9,15.0,1.0,2.0,2.0,3.0,1.0,3.0,1.0,1.0,0.0,3.0,1.0,3.0,6.0,3.0,2.0,2.0,3.0,6.0,4.0,2.0,1.0,1.0,1.0,5.0,1.0,3.0,1.0,2.0,1.0,6.0,3.0,1.0,3.0,7.0,3.0,2.0,2.0,1.0,4.0,1.0,7.0,3.0,7.0,4.0,8.0,5.0,2.0,4.0,8.0,3.0,4.0,5.0,5.0,3.0,1.0,2.0,2.0,5.0,2.0,2.0,1.0,2.0,4.0,2.0,7.0,3.0,3.0,5.0,3.0,2.0,5.0,4.0,2.0,4.0,1.0,4.0,0.0,7.0,5.0,3.0,2.0,0.0,4.0,5.0,5.0,2.0,3.0,1.0,3.0,4.0,2.0,0.0,4.0,1.0,2.0,0.0,4.0,2.0,2.0,1.0,4.0,1.0,6.0,2.0,2.0,1.0,4.0,1.0,7.0,0.0,1.0,0.0,2.0,2.0,0.0,1.0,1.0,3.0,4.0,1.0,0.0,0.0,1.0,0.0,0.0,3.0,1.0,1.0,2.0,0.0,1.0,3.0,5.0,0.0,0.0,0.0,4.0,1.0,1.0,2.0,0.0,1.0,1.0,1.0,1.0,1.0,0.0,0.0,1.0,1.0,0.0,0.0,0.0,2.0,0.0,1.0,1.0,0.0,1.0,1.0,0.0,1.0,0.0,0.0,1.0,0.0,0.0,0.0,2.0,0.0,0.0,0.0,0.0,0.0,1.0,0.0,0.0,0.0,0.0,0.0,0.0,0.0,1.0,3.0,0.0,0.0,0.0,0.0,1.0,0.0,2.0,0.0,0.0,1.0,0.0,1.0,0.0,0.0
8.0,8.0,2.0,2.0,1.0,0.0,4.0,0.0,2.0,1.0,3.0,2.0,3.0,2.0,1.0,2.0,3.0,0.0,3.0,1.0,0.0,0.0,3.0,4.0,1.0,1.0,4.0,2.0,2.0,2.0,2.0,6.0,0.0,0.0,1.0,5.0,2.0,8.0,7.0,3.0,2.0,0.0,4.0,4.0,6.0,2.0,3.0,2.0,4.0,3.0,3.0,2.0,7.0,8.0,3.0,3.0,2.0,5.0,2.0,4.0,6.0,2.0,7.0,1.0,2.0,3.0,2.0,1.0,1.0,5.0,1.0,1.0,2.0,7.0,2.0,1.0,3.0,4.0,1.0,0.0,7.0,1.0,4.0,3.0,5.0,1.0,1.0,1.0,1.0,2.0,2.0,3.0,0.0,3.0,2.0,2.0,4.0,0.0,0.0,1.0,2.0,2.0,1.0,2.0,4.0,1.0,0.0,3.0,1.0,0.0,1.0,2.0,2.0,3.0,0.0,1.0,2.0,1.0,3.0,1.0,1.0,0.0,2.0,0.0,5.0,0.0,1.0,3.0,1.0,0.0,0.0,1.0,6.0,0.0,2.0,2.0,2.0,0.0,0.0,0.0,1.0,3.0,1.0,2.0,0.0,1.0,0.0,2.0,0.0,0.0,0.0,1.0,0.0,0.0,2.0,0.0,1.0,0.0,1.0,0.0,0.0,1.0,0.0,1.0,3.0,0.0,0.0,1.0,2.0,2.0,2.0,0.0,1.0,0.0,0.0,0.0,0.0,0.0,0.0,1.0,0.0,0.0,0.0,1.0,1.0,0.0,0.0,0.0,0.0,0.0,0.0,0.0,0.0,0.0,1.0,0.0,2.0,0.0,0.0,1.0
8.1,6.0,4.0,0.0,0.0,2.0,1.0,0.0,2.0,1.0,1.0,3.0,0.0,0.0,5.0,2.0,1.0,1.0,5.0,1.0,1.0,2.0,2.0,1.0,1.0,2.0,5.0,4.0,3.0,2.0,5.0,2.0,1.0,2.0,2.0,4.0,8.0,7.0,8.0,4.0,4.0,5.0,6.0,0.0,0.0,2.0,4.0,7.0,2.0,3.0,4.0,1.0,1.0,3.0,2.0,6.0,4.0,4.0,5.0,3.0,6.0,3.0,3.0,1.0,4.0,1.0,5.0,2.0,8.0,2.0,2.0,3.0,3.0,0.0,9.0,3.0,1.0,7.0,4.0,8.0,3.0,3.0,2.0,7.0,5.0,2.0,4.0,2.0,3.0,1.0,0.0,5.0,2.0,0.0,2.0,0.0,3.0,2.0,1.0,5.0,3.0,3.0,4.0,2.0,2.0,2.0,2.0,5.0,5.0,2.0,1.0,1.0,1.0,1.0,0.0,2.0,1.0,2.0,2.0,5.0,0.0,3.0,3.0,2.0,1.0,2.0,1.0,0.0,3.0,4.0,1.0,1.0,1.0,4.0,3.0,1.0,1.0,0.0,1.0,1.0,0.0,0.0,1.0,0.0,1.0,1.0,0.0,1.0,1.0,2.0,2.0,1.0,0.0,1.0,0.0,4.0,1.0,0.0,1.0,1.0,1.0,1.0,2.0,0.0,0.0,0.0,0.0,0.0,0.0,0.0,2.0,1.0,0.0,1.0,1.0,0.0,1.0,0.0,0.0,0.0,1.0,0.0,0.0,0.0,0.0,0.0,0.0,2.0,0.0,0.0,0.0,0.0,0.0,0.0,1.0,0.0,0.0,1.0,0.0,0.0
8.200000000000001,5.0,1.0,0.0,0.0,2.0,1.0,1.0,1.0,3.0,0.0,2.0,2.0,2.0,1.0,1.0,1.0,4.0,1.0,0.0,5.0,0.0,5.0,0.0,1.0,0.0,3.0,5.0,4.0,4.0,2.0,2.0,1.0,1.0,2.0,2.0,1.0,5.0,2.0,2.0,7.0,1.0,1.0,2.0,5.0,1.0,3.0,3.0,2.0,3.0,3.0,1.0,3.0,4.0,1.0,3.0,3.0,2.0,4.0,8.0,5.0,6.0,3.0,4.0,4.0,4.0,3.0,4.0,8.0,2.0,5.0,6.0,3.0,2.0,2.0,6.0,3.0,4.0,2.0,3.0,1.0,3.0,2.0,3.0,4.0,2.0,5.0,3.0,4.0,0.0,3.0,3.0,0.0,3.0,1.0,4.0,1.0,1.0,1.0,2.0,1.0,3.0,3.0,3.0,1.0,4.0,2.0,0.0,1.0,4.0,4.0,3.0,2.0,1.0,3.0,1.0,0.0,2.0,1.0,2.0,1.0,4.0,2.0,0.0,1.0,0.0,1.0,0.0,0.0,2.0,5.0,1.0,3.0,0.0,0.0,1.0,1.0,2.0,0.0,1.0,1.0,1.0,1.0,0.0,0.0,0.0,0.0,2.0,3.0,1.0,1.0,0.0,0.0,0.0,0.0,0.0,1.0,0.0,0.0,0.0,0.0,0.0,1.0,1.0,0.0,0.0,2.0,0.0,0.0,0.0,1.0,1.0,0.0,0.0,0.0,0.0,0.0,0.0,1.0,0.0,1.0,0.0,0.0,0.0,1.0,0.0,0.0,0.0,1.0,0.0,0.0,0.0,1.0,0.0,0.0,1.0,0.0,0.0,0.0,0.0
8.3,11.0,1.0,0.0,1.0,1.0,2.0,1.0,2.0,0.0,0.0,0.0,2.0,1.0,3.0,2.0,2.0,3.0,2.0,5.0,0.0,0.0,2.0,0.0,2.0,1.0,0.0,1.0,2.0,0.0,1.0,3.0,4.0,2.0,3.0,3.0,3.0,2.0,2.0,0.0,1.0,0.0,0.0,2.0,5.0,6.0,1.0,3.0,3.0,3.0,3.0,1.0,4.0,3.0,4.0,1.0,3.0,2.0,5.0,3.0,0.0,1.0,3.0,3.0,3.0,4.0,5.0,0.0,1.0,1.0,1.0,1.0,3.0,7.0,2.0,4.0,1.0,2.0,2.0,5.0,3.0,0.0,2.0,4.0,2.0,2.0,4.0,4.0,1.0,3.0,1.0,5.0,2.0,0.0,5.0,3.0,1.0,3.0,0.0,1.0,1.0,3.0,1.0,1.0,2.0,3.0,1.0,2.0,1.0,1.0,5.0,0.0,3.0,5.0,3.0,1.0,4.0,0.0,3.0,0.0,0.0,1.0,1.0,0.0,0.0,3.0,2.0,1.0,1.0,0.0,2.0,3.0,5.0,4.0,1.0,1.0,0.0,0.0,2.0,1.0,0.0,0.0,2.0,0.0,0.0,1.0,3.0,0.0,3.0,0.0,1.0,1.0,0.0,0.0,1.0,0.0,1.0,0.0,1.0,0.0,0.0,1.0,1.0,1.0,0.0,0.0,1.0,0.0,0.0,2.0,0.0,0.0,1.0,0.0,0.0,1.0,0.0,0.0,1.0,0.0,1.0,1.0,0.0,0.0,1.0,1.0,1.0,0.0,0.0,1.0,0.0,0.0,1.0,0.0,0.0,0.0,1.0,0.0,0.0,0.0
8.4,9.0,0.0,0.0,1.0,4.0,1.0,0.0,0.0,3.0,2.0,0.0,2.0,3.0,1.0,2.0,3.0,0.0,1.0,1.0,1.0,2.0,2.0,2.0,0.0,0.0,3.0,3.0,2.0,2.0,2.0,4.0,0.0,3.0,0.0,3.0,2.0,0.0,2.0,0.0,5.0,1.0,0.0,1.0,2.0,0.0,3.0,3.0,0.0,5.0,5.0,9.0,5.0,5.0,1.0,3.0,1.0,3.0,3.0,4.0,4.0,3.0,0.0,6.0,3.0,3.0,2.0,5.0,4.0,3.0,1.0,5.0,4.0,2.0,5.0,2.0,2.0,8.0,0.0,4.0,1.0,4.0,6.0,4.0,4.0,1.0,3.0,3.0,1.0,3.0,1.0,3.0,2.0,2.0,3.0,1.0,1.0,2.0,1.0,2.0,3.0,2.0,2.0,3.0,1.0,1.0,1.0,4.0,2.0,2.0,3.0,1.0,2.0,3.0,5.0,2.0,2.0,1.0,1.0,3.0,1.0,0.0,1.0,1.0,0.0,3.0,0.0,2.0,1.0,0.0,0.0,1.0,3.0,0.0,2.0,2.0,2.0,0.0,1.0,1.0,1.0,0.0,0.0,1.0,0.0,0.0,0.0,0.0,0.0,0.0,4.0,2.0,3.0,2.0,0.0,1.0,3.0,3.0,0.0,2.0,0.0,2.0,0.0,0.0,0.0,1.0,1.0,1.0,0.0,1.0,0.0,1.0,0.0,0.0,1.0,0.0,0.0,1.0,1.0,0.0,0.0,0.0,1.0,0.0,0.0,0.0,0.0,1.0,0.0,0.0,0.0,1.0,0.0,1.0,0.0,0.0,1.0,0.0,2.0,0.0
8.5,7.0,3.0,1.0,1.0,0.0,0.0,0.0,3.0,2.0,0.0,0.0,0.0,3.0,0.0,0.0,3.0,0.0,1.0,5.0,1.0,3.0,4.0,0.0,1.0,1.0,1.0,3.0,4.0,2.0,2.0,2.0,0.0,3.0,1.0,2.0,1.0,2.0,6.0,1.0,8.0,3.0,2.0,2.0,2.0,2.0,2.0,5.0,1.0,2.0,4.0,3.0,1.0,5.0,2.0,6.0,3.0,1.0,5.0,3.0,7.0,5.0,1.0,3.0,5.0,5.0,6.0,1.0,1.0,1.0,2.0,3.0,6.0,1.0,4.0,1.0,1.0,2.0,5.0,3.0,4.0,5.0,1.0,0.0,2.0,3.0,5.0,2.0,4.0,2.0,2.0,3.0,1.0,5.0,2.0,2.0,1.0,1.0,1.0,3.0,0.0,3.0,0.0,2.0,1.0,2.0,1.0,3.0,3.0,3.0,0.0,3.0,2.0,0.0,2.0,2.0,1.0,0.0,0.0,0.0,1.0,1.0,2.0,0.0,0.0,0.0,2.0,2.0,0.0,0.0,2.0,0.0,1.0,0.0,2.0,0.0,2.0,4.0,1.0,1.0,0.0,3.0,2.0,2.0,0.0,0.0,0.0,1.0,1.0,2.0,0.0,2.0,1.0,2.0,1.0,1.0,0.0,0.0,0.0,2.0,0.0,1.0,0.0,1.0,2.0,0.0,0.0,0.0,0.0,0.0,0.0,0.0,0.0,1.0,0.0,0.0,0.0,1.0,0.0,1.0,1.0,0.0,2.0,2.0,1.0,0.0,1.0,0.0,0.0,0.0,0.0,0.0,1.0,1.0,0.0,0.0,0.0,0.0,1.0,0.0
8.6,11.0,1.0,0.0,1.0,3.0,0.0,2.0,0.0,0.0,2.0,2.0,2.0,5.0,2.0,1.0,3.0,0.0,1.0,1.0,5.0,0.0,2.0,3.0,2.0,0.0,1.0,1.0,3.0,1.0,0.0,4.0,4.0,1.0,2.0,2.0,4.0,1.0,3.0,4.0,3.0,1.0,2.0,3.0,3.0,1.0,2.0,4.0,4.0,2.0,3.0,3.0,4.0,3.0,4.0,4.0,2.0,1.0,1.0,3.0,5.0,1.0,4.0,1.0,3.0,2.0,3.0,0.0,2.0,3.0,3.0,3.0,5.0,2.0,1.0,1.0,3.0,3.0,3.0,4.0,4.0,2.0,7.0,1.0,4.0,4.0,5.0,0.0,1.0,2.0,1.0,3.0,2.0,5.0,0.0,0.0,5.0,0.0,1.0,0.0,3.0,4.0,3.0,3.0,2.0,0.0,1.0,2.0,2.0,1.0,1.0,0.0,2.0,1.0,1.0,2.0,0.0,0.0,0.0,1.0,2.0,0.0,1.0,0.0,2.0,0.0,2.0,2.0,1.0,0.0,0.0,0.0,1.0,3.0,0.0,2.0,2.0,3.0,0.0,1.0,1.0,0.0,0.0,1.0,3.0,2.0,0.0,0.0,1.0,3.0,0.0,2.0,1.0,1.0,0.0,0.0,1.0,1.0,0.0,1.0,0.0,3.0,0.0,0.0,1.0,0.0,1.0,1.0,0.0,1.0,0.0,0.0,2.0,2.0,1.0,0.0,0.0,0.0,0.0,1.0,1.0,0.0,0.0,2.0,0.0,0.0,0.0,2.0,0.0,1.0,1.0,0.0,1.0,0.0,0.0,0.0,1.0,0.0,2.0,2.0
8.700000000000001,9.0,3.0,3.0,2.0,0.0,2.0,1.0,0.0,0.0,2.0,1.0,3.0,0.0,0.0,4.0,5.0,0.0,0.0,0.0,1.0,2.0,4.0,2.0,1.0,1.0,7.0,4.0,4.0,3.0,3.0,2.0,2.0,0.0,2.0,3.0,3.0,1.0,2.0,1.0,2.0,3.0,5.0,4.0,1.0,3.0,4.0,0.0,1.0,2.0,7.0,1.0,8.0,5.0,3.0,1.0,2.0,1.0,2.0,3.0,2.0,1.0,3.0,0.0,0.0,1.0,1.0,1.0,3.0,5.0,0.0,2.0,4.0,3.0,1.0,4.0,1.0,6.0,4.0,6.0,0.0,1.0,1.0,2.0,0.0,3.0,7.0,6.0,1.0,5.0,2.0,6.0,2.0,1.0,2.0,1.0,6.0,2.0,2.0,1.0,2.0,1.0,1.0,1.0,1.0,3.0,1.0,2.0,1.0,1.0,1.0,0.0,2.0,6.0,1.0,3.0,1.0,1.0,0.0,1.0,1.0,1.0,2.0,0.0,0.0,0.0,1.0,1.0,1.0,1.0,0.0,3.0,1.0,1.0,1.0,0.0,1.0,2.0,0.0,0.0,2.0,0.0,0.0,2.0,0.0,2.0,2.0,0.0,0.0,0.0,1.0,1.0,0.0,2.0,2.0,0.0,2.0,0.0,0.0,1.0,0.0,1.0,0.0,0.0,1.0,0.0,0.0,0.0,1.0,0.0,0.0,0.0,0.0,1.0,0.0,1.0,0.0,0.0,1.0,0.0,0.0,0.0,0.0,0.0,0.0,0.0,0.0,1.0,3.0,0.0,0.0,0.0,0.0,0.0,0.0,1.0,0.0,0.0,0.0,0.0
8.8,3.0,0.0,1.0,0.0,1.0,1.0,2.0,1.0,0.0,0.0,0.0,4.0,0.0,1.0,3.0,1.0,1.0,2.0,0.0,0.0,5.0,1.0,0.0,1.0,0.0,2.0,1.0,2.0,1.0,4.0,6.0,0.0,2.0,2.0,4.0,2.0,0.0,0.0,1.0,5.0,3.0,3.0,3.0,2.0,1.0,4.0,4.0,0.0,1.0,5.0,1.0,5.0,5.0,2.0,3.0,5.0,6.0,1.0,3.0,2.0,3.0,1.0,2.0,4.0,4.0,4.0,3.0,0.0,5.0,4.0,3.0,0.0,3.0,3.0,4.0,3.0,1.0,5.0,5.0,4.0,1.0,5.0,2.0,5.0,4.0,1.0,2.0,4.0,1.0,1.0,4.0,1.0,2.0,4.0,2.0,5.0,0.0,2.0,3.0,1.0,7.0,2.0,3.0,2.0,0.0,4.0,2.0,3.0,2.0,2.0,2.0,2.0,2.0,2.0,5.0,5.0,2.0,1.0,0.0,2.0,1.0,2.0,0.0,2.0,0.0,0.0,2.0,4.0,2.0,1.0,4.0,2.0,3.0,5.0,0.0,0.0,0.0,1.0,0.0,0.0,3.0,0.0,0.0,0.0,1.0,0.0,1.0,0.0,2.0,3.0,1.0,2.0,2.0,4.0,0.0,2.0,0.0,1.0,0.0,0.0,0.0,0.0,0.0,1.0,0.0,1.0,0.0,1.0,0.0,2.0,0.0,0.0,2.0,2.0,0.0,0.0,0.0,0.0,0.0,1.0,0.0,4.0,3.0,1.0,0.0,1.0,0.0,0.0,0.0,1.0,2.0,0.0,0.0,0.0,0.0,0.0,0.0,1.0,1.0
8.9,5.0,2.0,1.0,0.0,3.0,2.0,1.0,1.0,0.0,1.0,2.0,1.0,2.0,1.0,2.0,0.0,2.0,1.0,3.0,1.0,7.0,2.0,2.0,1.0,1.0,6.0,0.0,2.0,1.0,0.0,2.0,0.0,1.0,3.0,1.0,2.0,2.0,3.0,3.0,3.0,4.0,0.0,1.0,5.0,4.0,2.0,5.0,2.0,0.0,6.0,2.0,6.0,4.0,0.0,3.0,4.0,3.0,3.0,3.0,4.0,2.0,2.0,3.0,6.0,3.0,0.0,4.0,2.0,6.0,3.0,1.0,0.0,2.0,7.0,3.0,1.0,5.0,1.0,2.0,2.0,3.0,0.0,2.0,3.0,6.0,3.0,2.0,3.0,2.0,0.0,0.0,4.0,2.0,4.0,5.0,6.0,5.0,2.0,6.0,3.0,1.0,3.0,2.0,2.0,6.0,2.0,1.0,2.0,2.0,3.0,1.0,2.0,2.0,2.0,1.0,1.0,1.0,1.0,1.0,1.0,2.0,1.0,1.0,0.0,1.0,0.0,0.0,1.0,2.0,1.0,0.0,0.0,3.0,0.0,1.0,0.0,2.0,0.0,1.0,1.0,0.0,0.0,1.0,2.0,0.0,0.0,0.0,0.0,1.0,0.0,0.0,0.0,3.0,1.0,0.0,0.0,1.0,0.0,0.0,1.0,1.0,2.0,0.0,1.0,0.0,1.0,1.0,1.0,2.0,0.0,0.0,0.0,2.0,0.0,3.0,0.0,0.0,1.0,0.0,1.0,1.0,1.0,0.0,1.0,0.0,0.0,0.0,0.0,0.0,1.0,1.0,0.0,0.0,0.0,0.0,0.0,0.0,1.0,0.0
9.0,11.0,0.0,0.0,1.0,1.0,2.0,2.0,1.0,2.0,1.0,0.0,3.0,2.0,0.0,1.0,1.0,0.0,1.0,1.0,1.0,3.0,2.0,3.0,1.0,1.0,1.0,0.0,1.0,1.0,1.0,1.0,0.0,3.0,1.0,1.0,5.0,2.0,4.0,1.0,1.0,3.0,3.0,2.0,2.0,3.0,0.0,2.0,1.0,1.0,4.0,0.0,1.0,4.0,1.0,1.0,3.0,2.0,3.0,4.0,1.0,1.0,1.0,4.0,4.0,5.0,2.0,3.0,3.0,6.0,1.0,4.0,6.0,2.0,4.0,2.0,1.0,0.0,4.0,4.0,0.0,1.0,3.0,1.0,4.0,2.0,6.0,1.0,1.0,2.0,0.0,4.0,3.0,2.0,0.0,1.0,1.0,3.0,2.0,6.0,0.0,1.0,1.0,1.0,3.0,1.0,0.0,0.0,1.0,2.0,2.0,4.0,1.0,3.0,5.0,0.0,1.0,3.0,0.0,2.0,0.0,1.0,2.0,6.0,0.0,1.0,1.0,1.0,0.0,1.0,3.0,1.0,1.0,1.0,0.0,0.0,0.0,1.0,3.0,1.0,1.0,0.0,0.0,0.0,1.0,1.0,0.0,1.0,0.0,2.0,0.0,1.0,1.0,1.0,0.0,1.0,0.0,4.0,0.0,1.0,0.0,1.0,1.0,1.0,2.0,0.0,2.0,0.0,0.0,1.0,0.0,2.0,2.0,1.0,0.0,2.0,1.0,0.0,1.0,0.0,0.0,0.0,2.0,0.0,1.0,1.0,0.0,0.0,0.0,1.0,1.0,0.0,0.0,0.0,0.0,0.0,1.0,0.0,1.0,1.0
9.1,3.0,2.0,0.0,0.0,2.0,2.0,1.0,1.0,0.0,1.0,5.0,4.0,1.0,1.0,0.0,0.0,1.0,0.0,0.0,2.0,2.0,0.0,2.0,2.0,1.0,2.0,2.0,3.0,4.0,0.0,1.0,1.0,2.0,1.0,6.0,0.0,2.0,4.0,2.0,1.0,2.0,2.0,1.0,0.0,4.0,1.0,6.0,0.0,3.0,2.0,2.0,1.0,2.0,2.0,2.0,0.0,1.0,3.0,2.0,0.0,4.0,2.0,6.0,3.0,6.0,3.0,1.0,1.0,3.0,2.0,3.0,2.0,1.0,2.0,2.0,6.0,4.0,2.0,0.0,3.0,4.0,1.0,2.0,0.0,2.0,1.0,1.0,3.0,2.0,1.0,3.0,3.0,2.0,3.0,0.0,2.0,0.0,5.0,1.0,1.0,0.0,2.0,5.0,0.0,2.0,2.0,1.0,1.0,0.0,0.0,0.0,1.0,4.0,2.0,0.0,3.0,0.0,1.0,0.0,3.0,3.0,1.0,0.0,4.0,2.0,2.0,1.0,2.0,0.0,1.0,1.0,3.0,1.0,2.0,2.0,2.0,0.0,1.0,1.0,2.0,0.0,1.0,1.0,0.0,1.0,0.0,3.0,0.0,2.0,2.0,0.0,2.0,2.0,1.0,0.0,0.0,2.0,2.0,1.0,0.0,2.0,3.0,1.0,0.0,0.0,3.0,0.0,0.0,0.0,0.0,0.0,0.0,0.0,0.0,0.0,0.0,0.0,1.0,0.0,0.0,0.0,1.0,0.0,0.0,0.0,0.0,1.0,1.0,1.0,0.0,1.0,1.0,0.0,0.0,1.0,0.0,0.0,1.0,0.0
9.200000000000001,12.0,0.0,1.0,1.0,3.0,1.0,0.0,1.0,1.0,0.0,1.0,0.0,1.0,0.0,3.0,1.0,2.0,0.0,1.0,4.0,1.0,1.0,3.0,2.0,0.0,1.0,1.0,2.0,1.0,5.0,0.0,1.0,1.0,1.0,7.0,1.0,2.0,0.0,4.0,2.0,2.0,3.0,4.0,3.0,0.0,3.0,3.0,1.0,4.0,6.0,1.0,2.0,2.0,7.0,2.0,2.0,2.0,1.0,6.0,2.0,1.0,1.0,2.0,2.0,4.0,4.0,2.0,0.0,0.0,1.0,5.0,3.0,8.0,1.0,2.0,0.0,1.0,1.0,2.0,1.0,4.0,0.0,0.0,3.0,5.0,3.0,1.0,0.0,3.0,2.0,1.0,8.0,2.0,1.0,3.0,1.0,1.0,2.0,1.0,1.0,7.0,1.0,1.0,2.0,1.0,0.0,1.0,0.0,0.0,2.0,0.0,0.0,1.0,0.0,1.0,0.0,1.0,0.0,0.0,2.0,1.0,0.0,3.0,1.0,2.0,2.0,1.0,2.0,0.0,2.0,2.0,2.0,3.0,1.0,1.0,1.0,1.0,0.0,0.0,0.0,1.0,1.0,1.0,0.0,0.0,0.0,0.0,0.0,1.0,0.0,3.0,1.0,1.0,2.0,3.0,0.0,0.0,0.0,0.0,0.0,1.0,1.0,1.0,1.0,1.0,0.0,0.0,0.0,0.0,0.0,1.0,0.0,0.0,0.0,0.0,0.0,0.0,0.0,2.0,0.0,0.0,1.0,0.0,0.0,0.0,0.0,1.0,0.0,0.0,1.0,1.0,1.0,0.0,0.0,1.0,0.0,0.0,0.0,0.0
9.3,4.0,0.0,1.0,0.0,1.0,1.0,0.0,1.0,0.0,2.0,1.0,2.0,2.0,2.0,3.0,0.0,1.0,0.0,4.0,0.0,4.0,0.0,3.0,2.0,0.0,1.0,0.0,3.0,5.0,2.0,5.0,2.0,0.0,0.0,2.0,1.0,2.0,0.0,0.0,2.0,2.0,2.0,3.0,6.0,6.0,1.0,4.0,2.0,2.0,3.0,2.0,1.0,1.0,5.0,4.0,7.0,1.0,4.0,5.0,3.0,1.0,2.0,4.0,2.0,0.0,2.0,2.0,1.0,1.0,1.0,3.0,2.0,1.0,4.0,2.0,2.0,4.0,1.0,1.0,1.0,4.0,1.0,2.0,3.0,1.0,3.0,4.0,3.0,4.0,0.0,2.0,2.0,2.0,2.0,2.0,0.0,3.0,1.0,2.0,1.0,1.0,1.0,2.0,2.0,0.0,3.0,2.0,1.0,0.0,1.0,2.0,2.0,1.0,1.0,1.0,0.0,1.0,0.0,1.0,0.0,1.0,2.0,0.0,2.0,0.0,1.0,1.0,4.0,1.0,1.0,3.0,1.0,2.0,2.0,1.0,0.0,1.0,1.0,0.0,1.0,0.0,0.0,1.0,0.0,0.0,1.0,0.0,1.0,0.0,0.0,0.0,2.0,1.0,1.0,2.0,0.0,0.0,1.0,0.0,1.0,0.0,1.0,1.0,1.0,1.0,2.0,1.0,1.0,1.0,0.0,0.0,0.0,0.0,0.0,0.0,0.0,0.0,1.0,0.0,0.0,0.0,0.0,1.0,0.0,0.0,0.0,0.0,1.0,0.0,0.0,1.0,0.0,0.0,0.0,1.0,0.0,1.0,1.0,0.0
9.4,7.0,0.0,0.0,0.0,0.0,2.0,1.0,0.0,1.0,1.0,3.0,1.0,1.0,2.0,1.0,2.0,1.0,2.0,0.0,1.0,2.0,1.0,0.0,2.0,1.0,0.0,5.0,3.0,3.0,3.0,2.0,1.0,0.0,3.0,5.0,4.0,1.0,1.0,4.0,3.0,1.0,2.0,2.0,3.0,5.0,3.0,2.0,2.0,4.0,3.0,1.0,0.0,1.0,3.0,0.0,3.0,6.0,2.0,1.0,2.0,0.0,2.0,4.0,3.0,3.0,3.0,4.0,1.0,1.0,4.0,2.0,3.0,4.0,1.0,0.0,1.0,0.0,1.0,3.0,2.0,2.0,1.0,3.0,4.0,4.0,2.0,1.0,5.0,1.0,2.0,0.0,2.0,1.0,3.0,1.0,4.0,3.0,1.0,0.0,3.0,5.0,0.0,3.0,3.0,1.0,0.0,5.0,2.0,0.0,2.0,1.0,0.0,2.0,1.0,2.0,3.0,0.0,1.0,1.0,4.0,3.0,1.0,4.0,1.0,1.0,1.0,0.0,1.0,1.0,0.0,0.0,0.0,1.0,0.0,0.0,2.0,1.0,0.0,0.0,1.0,2.0,1.0,0.0,1.0,2.0,2.0,0.0,1.0,0.0,2.0,1.0,0.0,2.0,0.0,0.0,2.0,0.0,3.0,1.0,0.0,3.0,1.0,0.0,0.0,0.0,1.0,0.0,1.0,0.0,1.0,0.0,1.0,0.0,0.0,0.0,0.0,1.0,0.0,0.0,0.0,0.0,1.0,0.0,0.0,0.0,0.0,0.0,0.0,0.0,0.0,0.0,0.0,0.0,0.0,1.0,0.0,1.0,0.0,0.0
9.5,6.0,0.0,0.0,2.0,2.0,2.0,0.0,0.0,1.0,0.0,0.0,0.0,2.0,0.0,0.0,0.0,2.0,1.0,3.0,1.0,2.0,1.0,0.0,0.0,2.0,0.0,0.0,0.0,3.0,0.0,1.0,0.0,2.0,0.0,2.0,1.0,2.0,4.0,7.0,0.0,0.0,2.0,3.0,3.0,3.0,3.0,1.0,0.0,3.0,2.0,2.0,0.0,1.0,4.0,2.0,5.0,3.0,2.0,2.0,5.0,3.0,3.0,3.0,0.0,5.0,1.0,4.0,2.0,2.0,0.0,3.0,1.0,5.0,4.0,2.0,4.0,2.0,5.0,6.0,1.0,1.0,4.0,1.0,1.0,5.0,2.0,3.0,1.0,4.0,1.0,0.0,3.0,2.0,1.0,3.0,2.0,1.0,5.0,2.0,1.0,6.0,4.0,0.0,1.0,2.0,1.0,1.0,3.0,1.0,0.0,0.0,1.0,3.0,0.0,0.0,2.0,1.0,1.0,2.0,2.0,4.0,2.0,0.0,0.0,2.0,1.0,3.0,0.0,0.0,0.0,0.0,2.0,1.0,1.0,1.0,1.0,0.0,1.0,1.0,0.0,3.0,1.0,0.0,0.0,2.0,2.0,2.0,0.0,1.0,0.0,1.0,1.0,0.0,0.0,1.0,0.0,1.0,1.0,1.0,1.0,0.0,1.0,1.0,1.0,0.0,3.0,0.0,0.0,0.0,1.0,0.0,1.0,0.0,1.0,0.0,0.0,1.0,0.0,0.0,1.0,0.0,0.0,0.0,0.0,0.0,0.0,0.0,0.0,0.0,0.0,0.0,0.0,0.0,1.0,0.0,1.0,0.0,0.0,2.0
9.600000000000001,6.0,0.0,1.0,0.0,4.0,0.0,0.0,1.0,1.0,1.0,1.0,0.0,0.0,2.0,1.0,1.0,1.0,4.0,1.0,1.0,3.0,1.0,0.0,1.0,3.0,1.0,3.0,1.0,0.0,1.0,1.0,1.0,1.0,1.0,1.0,1.0,3.0,0.0,5.0,1.0,1.0,1.0,4.0,1.0,1.0,2.0,5.0,2.0,3.0,2.0,5.0,1.0,0.0,2.0,2.0,1.0,3.0,0.0,3.0,2.0,0.0,2.0,4.0,1.0,2.0,3.0,2.0,1.0,2.0,1.0,2.0,1.0,0.0,5.0,1.0,3.0,1.0,4.0,5.0,2.0,1.0,2.0,1.0,0.0,1.0,3.0,3.0,2.0,2.0,3.0,3.0,3.0,3.0,3.0,3.0,3.0,2.0,2.0,2.0,1.0,2.0,1.0,1.0,2.0,3.0,0.0,4.0,4.0,4.0,2.0,2.0,3.0,2.0,2.0,0.0,0.0,0.0,4.0,2.0,4.0,2.0,1.0,2.0,2.0,0.0,0.0,0.0,0.0,1.0,1.0,0.0,0.0,0.0,2.0,0.0,1.0,1.0,0.0,1.0,0.0,0.0,0.0,0.0,0.0,1.0,1.0,1.0,0.0,1.0,1.0,0.0,0.0,0.0,1.0,0.0,2.0,0.0,2.0,1.0,0.0,0.0,2.0,0.0,1.0,0.0,2.0,1.0,1.0,1.0,1.0,2.0,0.0,1.0,0.0,0.0,0.0,1.0,0.0,0.0,0.0,2.0,1.0,0.0,0.0,0.0,1.0,0.0,1.0,0.0,0.0,0.0,0.0,0.0,0.0,1.0,0.0,1.0,0.0,0.0
9.700000000000001,13.0,0.0,1.0,0.0,3.0,0.0,1.0,1.0,0.0,0.0,0.0,0.0,0.0,2.0,0.0,1.0,1.0,2.0,0.0,1.0,2.0,0.0,1.0,1.0,3.0,1.0,5.0,1.0,2.0,0.0,0.0,3.0,2.0,4.0,0.0,0.0,1.0,0.0,3.0,1.0,0.0,3.0,4.0,0.0,3.0,4.0,1.0,1.0,4.0,0.0,3.0,1.0,2.0,2.0,2.0,2.0,2.0,1.0,2.0,6.0,1.0,1.0,2.0,4.0,0.0,2.0,1.0,3.0,3.0,4.0,0.0,1.0,4.0,1.0,0.0,3.0,4.0,4.0,2.0,1.0,0.0,1.0,1.0,1.0,1.0,3.0,1.0,4.0,1.0,0.0,0.0,6.0,3.0,3.0,2.0,0.0,3.0,0.0,0.0,1.0,0.0,2.0,2.0,0.0,4.0,1.0,2.0,1.0,1.0,1.0,0.0,1.0,0.0,1.0,0.0,0.0,0.0,2.0,1.0,1.0,0.0,0.0,0.0,0.0,2.0,0.0,2.0,0.0,0.0,0.0,0.0,3.0,0.0,1.0,0.0,1.0,1.0,1.0,0.0,1.0,2.0,0.0,0.0,0.0,2.0,2.0,2.0,0.0,3.0,2.0,1.0,1.0,0.0,0.0,0.0,0.0,0.0,0.0,1.0,0.0,2.0,2.0,0.0,1.0,0.0,0.0,0.0,0.0,0.0,1.0,0.0,0.0,0.0,0.0,1.0,0.0,1.0,0.0,2.0,0.0,0.0,0.0,1.0,0.0,0.0,1.0,0.0,0.0,1.0,0.0,1.0,0.0,0.0,1.0,0.0,0.0,0.0,1.0,0.0
9.8,8.0,1.0,0.0,0.0,0.0,0.0,1.0,1.0,2.0,0.0,2.0,1.0,0.0,1.0,1.0,1.0,0.0,1.0,0.0,0.0,1.0,2.0,0.0,1.0,2.0,3.0,2.0,1.0,0.0,3.0,2.0,2.0,0.0,0.0,0.0,1.0,0.0,2.0,1.0,2.0,0.0,4.0,2.0,0.0,4.0,2.0,0.0,1.0,1.0,2.0,4.0,0.0,3.0,1.0,2.0,5.0,2.0,1.0,0.0,3.0,2.0,2.0,2.0,1.0,0.0,3.0,3.0,2.0,3.0,2.0,2.0,0.0,3.0,2.0,0.0,3.0,2.0,1.0,6.0,2.0,1.0,1.0,2.0,0.0,1.0,2.0,1.0,1.0,2.0,2.0,1.0,0.0,4.0,0.0,0.0,3.0,5.0,1.0,1.0,2.0,0.0,1.0,3.0,2.0,3.0,0.0,0.0,2.0,0.0,0.0,0.0,1.0,2.0,0.0,1.0,2.0,1.0,0.0,0.0,0.0,0.0,0.0,4.0,0.0,0.0,1.0,0.0,1.0,1.0,0.0,1.0,0.0,1.0,0.0,1.0,4.0,1.0,5.0,0.0,1.0,1.0,0.0,0.0,1.0,0.0,1.0,1.0,0.0,0.0,0.0,0.0,0.0,0.0,0.0,1.0,0.0,0.0,1.0,1.0,0.0,0.0,0.0,0.0,0.0,2.0,1.0,0.0,1.0,2.0,0.0,1.0,0.0,0.0,1.0,0.0,0.0,1.0,1.0,0.0,0.0,0.0,1.0,0.0,0.0,1.0,0.0,0.0,0.0,1.0,0.0,0.0,0.0,0.0,0.0,0.0,0.0,0.0,0.0,1.0
9.9,8.0,0.0,1.0,0.0,0.0,1.0,0.0,0.0,1.0,3.0,1.0,1.0,0.0,1.0,0.0,1.0,0.0,2.0,3.0,1.0,1.0,0.0,2.0,0.0,0.0,0.0,4.0,0.0,1.0,1.0,2.0,2.0,4.0,1.0,0.0,2.0,0.0,0.0,0.0,1.0,2.0,0.0,0.0,0.0,2.0,2.0,2.0,1.0,3.0,0.0,1.0,1.0,1.0,2.0,5.0,3.0,0.0,4.0,2.0,0.0,3.0,3.0,3.0,3.0,4.0,2.0,3.0,1.0,2.0,4.0,1.0,3.0,2.0,3.0,1.0,1.0,2.0,1.0,3.0,3.0,1.0,2.0,0.0,0.0,2.0,3.0,1.0,2.0,1.0,0.0,2.0,2.0,3.0,3.0,2.0,0.0,3.0,1.0,4.0,1.0,0.0,0.0,1.0,0.0,0.0,1.0,2.0,2.0,1.0,1.0,5.0,2.0,1.0,2.0,1.0,4.0,1.0,1.0,0.0,1.0,0.0,2.0,0.0,0.0,1.0,3.0,1.0,1.0,0.0,0.0,1.0,2.0,0.0,0.0,1.0,2.0,0.0,2.0,0.0,1.0,2.0,0.0,3.0,0.0,0.0,2.0,2.0,0.0,0.0,3.0,0.0,0.0,1.0,2.0,0.0,1.0,0.0,2.0,0.0,0.0,0.0,1.0,1.0,2.0,2.0,0.0,1.0,0.0,2.0,0.0,1.0,2.0,1.0,0.0,1.0,1.0,1.0,0.0,1.0,0.0,0.0,1.0,0.0,0.0,0.0,0.0,1.0,1.0,1.0,0.0,2.0,0.0,0.0,0.0,0.0,0.0,1.0,0.0,0.0
10.0,1.0,0.0,0.0,0.0,0.0,0.0,0.0,1.0,0.0,2.0,1.0,1.0,1.0,0.0,1.0,2.0,0.0,0.0,2.0,1.0,0.0,3.0,0.0,1.0,1.0,0.0,0.0,1.0,0.0,0.0,0.0,3.0,0.0,0.0,1.0,1.0,1.0,1.0,1.0,2.0,1.0,1.0,5.0,2.0,1.0,2.0,1.0,2.0,1.0,2.0,3.0,1.0,4.0,1.0,2.0,1.0,1.0,1.0,1.0,2.0,5.0,0.0,3.0,1.0,1.0,2.0,4.0,2.0,4.0,0.0,1.0,1.0,1.0,2.0,3.0,2.0,2.0,1.0,0.0,0.0,1.0,2.0,0.0,0.0,2.0,4.0,2.0,1.0,3.0,3.0,2.0,3.0,4.0,1.0,1.0,2.0,2.0,2.0,1.0,1.0,1.0,1.0,0.0,3.0,2.0,0.0,1.0,2.0,2.0,0.0,1.0,2.0,0.0,1.0,0.0,2.0,0.0,1.0,3.0,0.0,1.0,1.0,1.0,1.0,1.0,1.0,0.0,0.0,0.0,2.0,1.0,0.0,0.0,0.0,0.0,0.0,0.0,0.0,3.0,1.0,1.0,1.0,1.0,2.0,1.0,3.0,1.0,0.0,1.0,0.0,0.0,0.0,1.0,0.0,0.0,1.0,1.0,1.0,0.0,1.0,0.0,0.0,0.0,0.0,1.0,0.0,0.0,0.0,0.0,0.0,1.0,0.0,1.0,0.0,0.0,2.0,0.0,0.0,1.0,3.0,0.0,0.0,1.0,0.0,1.0,0.0,1.0,0.0,0.0,1.0,0.0,2.0,1.0,1.0,0.0,1.0,0.0,0.0,0.0
10.100000000000001,6.0,1.0,0.0,0.0,0.0,0.0,0.0,0.0,0.0,0.0,1.0,1.0,2.0,1.0,3.0,1.0,0.0,2.0,0.0,2.0,2.0,0.0,3.0,1.0,0.0,2.0,1.0,1.0,0.0,1.0,1.0,0.0,1.0,3.0,1.0,0.0,3.0,1.0,2.0,1.0,0.0,1.0,5.0,4.0,2.0,1.0,1.0,2.0,2.0,3.0,2.0,2.0,2.0,2.0,2.0,5.0,3.0,1.0,0.0,0.0,4.0,4.0,0.0,3.0,0.0,4.0,1.0,4.0,1.0,1.0,0.0,0.0,1.0,0.0,3.0,3.0,2.0,3.0,2.0,0.0,3.0,0.0,0.0,5.0,2.0,5.0,1.0,2.0,0.0,2.0,1.0,2.0,1.0,3.0,0.0,0.0,1.0,1.0,1.0,0.0,0.0,3.0,1.0,2.0,4.0,1.0,1.0,1.0,1.0,1.0,1.0,0.0,1.0,0.0,0.0,2.0,3.0,1.0,2.0,0.0,0.0,0.0,0.0,0.0,2.0,1.0,3.0,0.0,0.0,0.0,2.0,0.0,0.0,0.0,2.0,1.0,1.0,2.0,0.0,0.0,0.0,0.0,2.0,1.0,2.0,2.0,0.0,0.0,1.0,0.0,0.0,0.0,2.0,1.0,2.0,0.0,0.0,1.0,1.0,0.0,0.0,0.0,0.0,0.0,0.0,1.0,0.0,2.0,0.0,0.0,0.0,0.0,0.0,1.0,0.0,0.0,0.0,0.0,0.0,0.0,0.0,0.0,0.0,0.0,0.0,0.0,0.0,0.0,1.0,0.0,0.0,0.0,0.0,1.0,0.0,2.0,2.0,2.0,2.0
10.200000000000001,3.0,0.0,0.0,0.0,1.0,2.0,0.0,0.0,0.0,0.0,3.0,0.0,1.0,0.0,1.0,0.0,0.0,1.0,0.0,4.0,0.0,0.0,0.0,0.0,1.0,1.0,0.0,1.0,1.0,1.0,0.0,2.0,2.0,1.0,4.0,0.0,3.0,1.0,4.0,0.0,5.0,1.0,2.0,0.0,2.0,2.0,0.0,1.0,5.0,1.0,2.0,4.0,1.0,1.0,2.0,1.0,0.0,2.0,5.0,4.0,2.0,1.0,3.0,1.0,0.0,4.0,4.0,0.0,1.0,0.0,0.0,2.0,2.0,1.0,1.0,4.0,1.0,0.0,0.0,1.0,0.0,1.0,3.0,2.0,2.0,1.0,0.0,2.0,1.0,2.0,1.0,1.0,3.0,3.0,2.0,4.0,2.0,0.0,0.0,1.0,0.0,3.0,1.0,1.0,2.0,0.0,4.0,0.0,2.0,0.0,1.0,3.0,0.0,0.0,0.0,0.0,0.0,0.0,1.0,1.0,2.0,1.0,1.0,1.0,3.0,0.0,0.0,1.0,1.0,1.0,0.0,4.0,0.0,1.0,0.0,0.0,2.0,1.0,0.0,2.0,0.0,1.0,0.0,1.0,1.0,1.0,1.0,2.0,1.0,1.0,1.0,0.0,1.0,0.0,0.0,0.0,0.0,1.0,1.0,0.0,0.0,1.0,1.0,0.0,1.0,1.0,0.0,2.0,1.0,1.0,1.0,0.0,2.0,0.0,0.0,4.0,1.0,1.0,1.0,1.0,0.0,0.0,0.0,1.0,1.0,2.0,0.0,0.0,1.0,0.0,0.0,0.0,1.0,0.0,0.0,0.0,1.0,1.0,0.0
10.3,7.0,0.0,0.0,0.0,1.0,1.0,0.0,1.0,0.0,1.0,0.0,1.0,1.0,0.0,0.0,1.0,0.0,0.0,0.0,0.0,1.0,3.0,1.0,1.0,0.0,0.0,2.0,2.0,1.0,0.0,0.0,4.0,1.0,0.0,3.0,0.0,3.0,0.0,1.0,2.0,1.0,0.0,0.0,2.0,2.0,0.0,2.0,0.0,1.0,0.0,0.0,0.0,1.0,2.0,3.0,2.0,3.0,2.0,1.0,1.0,3.0,3.0,2.0,2.0,4.0,4.0,4.0,6.0,1.0,4.0,0.0,1.0,2.0,1.0,0.0,4.0,4.0,4.0,5.0,0.0,2.0,0.0,1.0,1.0,2.0,4.0,0.0,0.0,0.0,3.0,2.0,0.0,2.0,2.0,3.0,4.0,3.0,1.0,1.0,1.0,3.0,1.0,1.0,3.0,0.0,1.0,1.0,0.0,4.0,3.0,0.0,4.0,2.0,1.0,1.0,3.0,0.0,1.0,0.0,0.0,1.0,0.0,1.0,0.0,2.0,2.0,1.0,0.0,0.0,0.0,0.0,1.0,0.0,0.0,1.0,0.0,1.0,2.0,0.0,1.0,1.0,0.0,0.0,0.0,0.0,1.0,1.0,1.0,0.0,0.0,2.0,0.0,1.0,0.0,0.0,1.0,0.0,1.0,1.0,1.0,0.0,0.0,3.0,0.0,0.0,1.0,1.0,2.0,1.0,1.0,0.0,0.0,0.0,0.0,0.0,0.0,1.0,1.0,0.0,1.0,0.0,0.0,0.0,0.0,1.0,1.0,0.0,1.0,0.0,0.0,0.0,1.0,0.0,0.0,0.0,1.0,0.0,0.0,0.0
10.4,5.0,0.0,0.0,0.0,0.0,3.0,1.0,0.0,1.0,0.0,0.0,1.0,1.0,0.0,1.0,0.0,1.0,1.0,2.0,2.0,1.0,3.0,1.0,0.0,0.0,0.0,0.0,1.0,0.0,1.0,0.0,2.0,0.0,1.0,2.0,0.0,1.0,2.0,0.0,0.0,1.0,4.0,3.0,0.0,2.0,1.0,0.0,3.0,4.0,2.0,0.0,2.0,1.0,1.0,1.0,1.0,4.0,3.0,0.0,0.0,5.0,1.0,2.0,1.0,2.0,2.0,0.0,2.0,2.0,2.0,1.0,1.0,2.0,1.0,1.0,0.0,1.0,2.0,1.0,0.0,3.0,1.0,2.0,1.0,2.0,1.0,3.0,2.0,2.0,1.0,1.0,1.0,0.0,0.0,1.0,3.0,0.0,2.0,2.0,1.0,1.0,2.0,3.0,1.0,0.0,0.0,1.0,1.0,0.0,1.0,1.0,3.0,2.0,1.0,2.0,0.0,0.0,0.0,2.0,0.0,2.0,1.0,1.0,0.0,1.0,0.0,1.0,0.0,0.0,2.0,0.0,2.0,0.0,0.0,0.0,0.0,0.0,0.0,0.0,3.0,1.0,0.0,1.0,0.0,0.0,0.0,0.0,0.0,2.0,1.0,0.0,0.0,1.0,0.0,0.0,1.0,0.0,0.0,0.0,0.0,1.0,0.0,3.0,0.0,0.0,3.0,0.0,0.0,0.0,1.0,0.0,0.0,1.0,0.0,0.0,0.0,1.0,1.0,0.0,3.0,0.0,0.0,0.0,0.0,1.0,2.0,1.0,0.0,1.0,0.0,0.0,1.0,1.0,1.0,0.0,0.0,0.0,0.0,1.0
10.5,5.0,0.0,0.0,0.0,0.0,0.0,1.0,1.0,0.0,0.0,0.0,1.0,0.0,0.0,0.0,0.0,1.0,0.0,1.0,0.0,1.0,0.0,0.0,2.0,1.0,1.0,1.0,1.0,1.0,1.0,0.0,0.0,1.0,1.0,1.0,1.0,1.0,3.0,1.0,2.0,2.0,2.0,0.0,3.0,2.0,0.0,2.0,0.0,1.0,2.0,1.0,0.0,1.0,0.0,1.0,1.0,4.0,1.0,1.0,2.0,5.0,3.0,0.0,2.0,3.0,3.0,3.0,2.0,0.0,2.0,2.0,1.0,5.0,3.0,2.0,1.0,1.0,2.0,0.0,4.0,1.0,2.0,1.0,2.0,1.0,0.0,0.0,1.0,1.0,2.0,3.0,1.0,3.0,1.0,0.0,0.0,1.0,2.0,2.0,3.0,1.0,3.0,0.0,2.0,4.0,0.0,0.0,1.0,1.0,0.0,1.0,1.0,0.0,1.0,0.0,0.0,1.0,0.0,2.0,0.0,1.0,3.0,0.0,0.0,1.0,0.0,2.0,1.0,0.0,0.0,1.0,0.0,2.0,0.0,0.0,2.0,1.0,0.0,0.0,0.0,2.0,3.0,0.0,1.0,1.0,1.0,1.0,1.0,0.0,0.0,1.0,0.0,1.0,1.0,0.0,0.0,3.0,0.0,0.0,3.0,0.0,0.0,1.0,1.0,1.0,0.0,0.0,0.0,0.0,2.0,1.0,0.0,0.0,0.0,0.0,0.0,0.0,0.0,0.0,1.0,0.0,1.0,0.0,0.0,0.0,0.0,1.0,2.0,0.0,0.0,0.0,0.0,2.0,0.0,0.0,1.0,2.0,0.0,0.0
10.600000000000001,2.0,0.0,0.0,0.0,0.0,0.0,0.0,2.0,0.0,0.0,1.0,0.0,0.0,0.0,1.0,0.0,1.0,0.0,1.0,0.0,0.0,0.0,1.0,0.0,3.0,0.0,2.0,1.0,0.0,1.0,0.0,0.0,1.0,1.0,0.0,0.0,3.0,1.0,1.0,1.0,0.0,4.0,0.0,2.0,0.0,4.0,2.0,2.0,5.0,0.0,1.0,1.0,0.0,2.0,3.0,0.0,3.0,1.0,2.0,3.0,4.0,0.0,1.0,1.0,0.0,3.0,0.0,2.0,2.0,0.0,0.0,1.0,2.0,1.0,1.0,3.0,1.0,1.0,2.0,0.0,2.0,0.0,3.0,2.0,5.0,1.0,3.0,0.0,0.0,0.0,1.0,1.0,0.0,1.0,2.0,3.0,2.0,1.0,0.0,1.0,1.0,0.0,2.0,2.0,5.0,2.0,3.0,1.0,1.0,1.0,0.0,1.0,1.0,1.0,3.0,1.0,1.0,1.0,0.0,0.0,0.0,2.0,1.0,1.0,1.0,2.0,0.0,0.0,0.0,2.0,0.0,0.0,1.0,0.0,0.0,1.0,2.0,0.0,2.0,0.0,0.0,1.0,1.0,0.0,1.0,1.0,1.0,0.0,1.0,1.0,1.0,0.0,1.0,2.0,0.0,0.0,0.0,0.0,1.0,0.0,0.0,0.0,0.0,0.0,0.0,0.0,0.0,0.0,1.0,0.0,0.0,1.0,1.0,0.0,1.0,0.0,0.0,0.0,0.0,0.0,1.0,0.0,0.0,0.0,0.0,0.0,2.0,0.0,0.0,0.0,0.0,0.0,0.0,3.0,0.0,0.0,0.0,0.0,0.0
10.700000000000001,5.0,0.0,0.0,0.0,0.0,1.0,1.0,1.0,0.0,0.0,0.0,1.0,1.0,0.0,1.0,0.0,0.0,1.0,0.0,1.0,0.0,0.0,0.0,1.0,0.0,0.0,1.0,0.0,0.0,3.0,0.0,0.0,0.0,0.0,1.0,0.0,1.0,1.0,4.0,0.0,1.0,0.0,1.0,0.0,3.0,0.0,4.0,1.0,0.0,3.0,0.0,0.0,2.0,5.0,0.0,0.0,2.0,3.0,0.0,0.0,0.0,2.0,2.0,1.0,1.0,2.0,5.0,3.0,4.0,3.0,3.0,1.0,3.0,1.0,3.0,2.0,1.0,5.0,3.0,1.0,0.0,2.0,3.0,1.0,2.0,0.0,2.0,3.0,1.0,2.0,3.0,5.0,2.0,3.0,0.0,0.0,1.0,2.0,2.0,1.0,1.0,0.0,2.0,0.0,1.0,1.0,0.0,1.0,0.0,1.0,2.0,0.0,0.0,0.0,1.0,0.0,1.0,2.0,0.0,1.0,2.0,1.0,3.0,0.0,3.0,1.0,0.0,1.0,0.0,0.0,2.0,0.0,1.0,3.0,1.0,1.0,1.0,0.0,0.0,1.0,1.0,0.0,0.0,0.0,1.0,0.0,1.0,0.0,1.0,3.0,0.0,0.0,0.0,0.0,1.0,2.0,0.0,1.0,1.0,0.0,0.0,0.0,0.0,0.0,0.0,0.0,1.0,0.0,0.0,0.0,0.0,0.0,0.0,1.0,2.0,1.0,0.0,0.0,1.0,0.0,1.0,0.0,0.0,0.0,1.0,0.0,2.0,1.0,0.0,0.0,0.0,0.0,0.0,0.0,0.0,0.0,3.0,0.0,0.0
10.8,6.0,0.0,0.0,0.0,1.0,0.0,0.0,0.0,0.0,0.0,0.0,1.0,0.0,1.0,0.0,0.0,0.0,1.0,0.0,0.0,1.0,0.0,0.0,0.0,2.0,0.0,1.0,1.0,0.0,4.0,0.0,0.0,1.0,0.0,1.0,0.0,0.0,2.0,1.0,1.0,3.0,2.0,1.0,2.0,2.0,1.0,0.0,1.0,1.0,4.0,2.0,0.0,0.0,5.0,0.0,1.0,0.0,2.0,3.0,1.0,1.0,0.0,1.0,0.0,1.0,1.0,4.0,3.0,2.0,0.0,0.0,3.0,0.0,1.0,3.0,2.0,3.0,1.0,1.0,1.0,2.0,5.0,3.0,2.0,1.0,1.0,2.0,0.0,0.0,3.0,2.0,0.0,2.0,3.0,0.0,1.0,3.0,0.0,1.0,1.0,2.0,0.0,3.0,5.0,1.0,1.0,2.0,1.0,1.0,0.0,1.0,0.0,1.0,1.0,2.0,1.0,1.0,0.0,1.0,1.0,1.0,2.0,0.0,0.0,1.0,0.0,1.0,1.0,1.0,0.0,1.0,0.0,1.0,1.0,0.0,0.0,0.0,3.0,0.0,1.0,1.0,0.0,1.0,2.0,3.0,0.0,0.0,0.0,0.0,0.0,1.0,1.0,0.0,1.0,0.0,0.0,0.0,1.0,1.0,3.0,3.0,1.0,0.0,1.0,1.0,0.0,0.0,0.0,1.0,0.0,0.0,0.0,0.0,2.0,1.0,3.0,0.0,0.0,1.0,0.0,0.0,0.0,0.0,0.0,0.0,0.0,2.0,1.0,1.0,0.0,1.0,0.0,0.0,1.0,1.0,0.0,1.0,0.0,0.0
10.9,6.0,1.0,0.0,0.0,0.0,0.0,0.0,2.0,0.0,2.0,0.0,3.0,0.0,0.0,0.0,0.0,0.0,0.0,1.0,0.0,0.0,2.0,1.0,0.0,0.0,3.0,1.0,0.0,0.0,2.0,0.0,0.0,0.0,0.0,0.0,1.0,0.0,0.0,0.0,1.0,1.0,1.0,1.0,1.0,1.0,1.0,1.0,1.0,2.0,4.0,2.0,1.0,2.0,0.0,5.0,1.0,2.0,1.0,0.0,1.0,3.0,1.0,0.0,0.0,1.0,0.0,1.0,0.0,0.0,0.0,2.0,0.0,1.0,1.0,1.0,1.0,0.0,4.0,1.0,1.0,3.0,3.0,6.0,1.0,3.0,1.0,1.0,2.0,0.0,6.0,1.0,2.0,2.0,2.0,1.0,1.0,1.0,0.0,0.0,0.0,2.0,3.0,3.0,1.0,3.0,5.0,1.0,0.0,0.0,1.0,1.0,0.0,0.0,1.0,0.0,1.0,0.0,2.0,0.0,0.0,1.0,1.0,0.0,0.0,0.0,0.0,0.0,1.0,1.0,0.0,1.0,2.0,1.0,1.0,0.0,1.0,1.0,1.0,0.0,1.0,0.0,0.0,1.0,1.0,1.0,5.0,1.0,0.0,1.0,0.0,1.0,0.0,3.0,0.0,0.0,1.0,0.0,1.0,0.0,1.0,1.0,1.0,0.0,0.0,2.0,1.0,1.0,0.0,1.0,2.0,0.0,0.0,1.0,0.0,1.0,0.0,0.0,0.0,0.0,1.0,0.0,0.0,0.0,0.0,0.0,0.0,0.0,0.0,1.0,0.0,0.0,0.0,1.0,1.0,0.0,0.0,0.0,0.0,0.0
11.0,8.0,0.0,0.0,0.0,0.0,0.0,0.0,0.0,0.0,0.0,0.0,0.0,0.0,0.0,0.0,0.0,0.0,0.0,0.0,0.0,0.0,0.0,0.0,0.0,1.0,0.0,0.0,1.0,0.0,1.0,1.0,0.0,0.0,0.0,0.0,0.0,2.0,1.0,0.0,1.0,1.0,1.0,1.0,0.0,0.0,1.0,0.0,3.0,3.0,0.0,1.0,4.0,3.0,0.0,2.0,1.0,1.0,1.0,3.0,3.0,2.0,2.0,2.0,1.0,0.0,3.0,1.0,1.0,2.0,0.0,1.0,1.0,3.0,1.0,0.0,3.0,0.0,0.0,0.0,2.0,0.0,1.0,3.0,0.0,1.0,3.0,3.0,2.0,0.0,2.0,1.0,2.0,0.0,3.0,1.0,2.0,0.0,1.0,1.0,3.0,1.0,0.0,0.0,0.0,0.0,2.0,2.0,2.0,1.0,0.0,1.0,2.0,0.0,0.0,1.0,1.0,0.0,1.0,2.0,3.0,1.0,1.0,2.0,0.0,2.0,1.0,0.0,2.0,0.0,2.0,1.0,0.0,1.0,1.0,0.0,0.0,2.0,1.0,1.0,0.0,0.0,1.0,0.0,1.0,0.0,0.0,2.0,0.0,1.0,1.0,0.0,0.0,4.0,0.0,0.0,0.0,0.0,0.0,2.0,0.0,0.0,1.0,1.0,1.0,1.0,1.0,0.0,0.0,1.0,1.0,2.0,1.0,1.0,1.0,0.0,0.0,1.0,1.0,0.0,1.0,1.0,1.0,0.0,0.0,0.0,0.0,0.0,0.0,0.0,1.0,0.0,0.0,0.0,0.0,0.0,1.0,1.0,0.0,1.0
11.100000000000001,8.0,0.0,0.0,1.0,0.0,1.0,1.0,1.0,2.0,0.0,0.0,0.0,0.0,1.0,0.0,1.0,0.0,1.0,1.0,0.0,0.0,1.0,1.0,0.0,0.0,1.0,1.0,1.0,1.0,0.0,0.0,1.0,1.0,0.0,0.0,1.0,0.0,1.0,1.0,4.0,1.0,2.0,2.0,1.0,1.0,2.0,1.0,2.0,2.0,0.0,4.0,1.0,3.0,2.0,0.0,3.0,2.0,2.0,3.0,3.0,1.0,2.0,1.0,2.0,0.0,2.0,2.0,1.0,0.0,0.0,5.0,7.0,6.0,1.0,0.0,0.0,5.0,0.0,3.0,2.0,1.0,2.0,1.0,1.0,0.0,2.0,2.0,2.0,1.0,1.0,2.0,0.0,1.0,3.0,0.0,4.0,4.0,1.0,1.0,0.0,1.0,3.0,2.0,1.0,2.0,3.0,0.0,1.0,1.0,1.0,1.0,0.0,0.0,1.0,1.0,0.0,1.0,1.0,0.0,2.0,2.0,0.0,0.0,0.0,0.0,2.0,1.0,0.0,0.0,0.0,0.0,1.0,1.0,3.0,1.0,2.0,2.0,0.0,0.0,1.0,1.0,2.0,1.0,0.0,0.0,0.0,1.0,0.0,0.0,1.0,2.0,1.0,2.0,0.0,0.0,1.0,0.0,0.0,1.0,1.0,0.0,0.0,1.0,0.0,1.0,0.0,0.0,1.0,0.0,3.0,0.0,0.0,1.0,0.0,1.0,1.0,0.0,1.0,1.0,1.0,0.0,1.0,1.0,0.0,0.0,3.0,0.0,0.0,2.0,0.0,0.0,0.0,1.0,1.0,0.0,0.0,1.0,1.0,0.0
11.200000000000001,3.0,1.0,0.0,1.0,0.0,3.0,0.0,0.0,0.0,1.0,4.0,0.0,0.0,0.0,0.0,0.0,0.0,0.0,0.0,1.0,0.0,0.0,0.0,0.0,0.0,0.0,3.0,0.0,0.0,1.0,3.0,0.0,0.0,0.0,0.0,0.0,0.0,1.0,5.0,0.0,1.0,1.0,0.0,2.0,0.0,0.0,0.0,3.0,1.0,2.0,1.0,1.0,2.0,2.0,1.0,0.0,3.0,1.0,1.0,1.0,4.0,2.0,1.0,1.0,1.0,4.0,0.0,1.0,3.0,2.0,0.0,1.0,2.0,4.0,2.0,0.0,2.0,2.0,2.0,0.0,2.0,4.0,2.0,0.0,0.0,3.0,0.0,1.0,2.0,4.0,2.0,1.0,0.0,0.0,1.0,1.0,1.0,1.0,1.0,1.0,3.0,1.0,1.0,0.0,1.0,2.0,1.0,2.0,3.0,2.0,1.0,0.0,2.0,1.0,0.0,0.0,2.0,3.0,0.0,0.0,0.0,2.0,1.0,1.0,0.0,1.0,0.0,1.0,1.0,0.0,1.0,0.0,1.0,1.0,3.0,0.0,1.0,0.0,0.0,2.0,0.0,0.0,0.0,0.0,2.0,1.0,0.0,1.0,0.0,2.0,1.0,1.0,0.0,1.0,1.0,1.0,1.0,0.0,0.0,1.0,0.0,0.0,1.0,1.0,0.0,0.0,1.0,0.0,0.0,0.0,2.0,0.0,1.0,1.0,0.0,0.0,1.0,2.0,0.0,0.0,0.0,2.0,0.0,0.0,0.0,2.0,1.0,0.0,0.0,0.0,1.0,1.0,0.0,0.0,0.0,0.0,0.0,0.0,0.0
11.3,2.0,0.0,0.0,1.0,0.0,0.0,1.0,0.0,0.0,0.0,0.0,0.0,1.0,0.0,0.0,0.0,0.0,0.0,1.0,0.0,0.0,0.0,0.0,2.0,0.0,1.0,2.0,2.0,1.0,0.0,1.0,0.0,0.0,0.0,0.0,0.0,0.0,1.0,2.0,0.0,2.0,0.0,1.0,2.0,1.0,0.0,2.0,0.0,4.0,0.0,2.0,1.0,1.0,3.0,2.0,2.0,1.0,1.0,0.0,0.0,1.0,2.0,1.0,1.0,1.0,1.0,1.0,1.0,2.0,0.0,3.0,1.0,3.0,1.0,0.0,0.0,0.0,1.0,3.0,1.0,2.0,1.0,3.0,1.0,0.0,3.0,1.0,1.0,1.0,2.0,3.0,2.0,3.0,3.0,1.0,2.0,0.0,0.0,3.0,0.0,0.0,1.0,1.0,1.0,1.0,3.0,0.0,1.0,1.0,1.0,5.0,1.0,0.0,0.0,0.0,0.0,1.0,2.0,0.0,1.0,0.0,1.0,0.0,6.0,1.0,0.0,1.0,1.0,0.0,0.0,2.0,0.0,0.0,0.0,0.0,0.0,1.0,1.0,2.0,2.0,0.0,0.0,0.0,0.0,0.0,1.0,2.0,0.0,2.0,0.0,0.0,0.0,0.0,0.0,0.0,1.0,0.0,0.0,0.0,2.0,0.0,0.0,1.0,0.0,1.0,1.0,0.0,1.0,2.0,0.0,2.0,0.0,1.0,1.0,1.0,0.0,0.0,0.0,0.0,0.0,0.0,0.0,0.0,0.0,1.0,0.0,0.0,0.0,0.0,0.0,1.0,0.0,0.0,2.0,0.0,0.0,0.0,0.0,1.0
11.4,3.0,0.0,0.0,0.0,0.0,0.0,0.0,0.0,0.0,0.0,0.0,0.0,0.0,1.0,0.0,0.0,0.0,0.0,0.0,0.0,0.0,0.0,1.0,1.0,0.0,1.0,2.0,0.0,1.0,0.0,0.0,0.0,0.0,0.0,1.0,2.0,0.0,3.0,1.0,1.0,0.0,1.0,0.0,1.0,1.0,1.0,0.0,0.0,1.0,0.0,0.0,1.0,3.0,1.0,1.0,0.0,1.0,2.0,0.0,3.0,0.0,2.0,0.0,2.0,1.0,1.0,1.0,0.0,2.0,1.0,1.0,0.0,1.0,1.0,1.0,2.0,0.0,0.0,0.0,2.0,2.0,0.0,1.0,1.0,0.0,1.0,0.0,1.0,0.0,3.0,2.0,0.0,2.0,0.0,0.0,2.0,1.0,3.0,2.0,2.0,3.0,0.0,2.0,4.0,2.0,0.0,2.0,1.0,1.0,1.0,0.0,1.0,1.0,0.0,1.0,0.0,1.0,0.0,0.0,0.0,0.0,0.0,0.0,1.0,1.0,1.0,1.0,3.0,1.0,0.0,2.0,0.0,0.0,1.0,0.0,0.0,1.0,1.0,1.0,0.0,0.0,1.0,0.0,2.0,0.0,0.0,1.0,1.0,0.0,0.0,2.0,0.0,0.0,0.0,0.0,1.0,0.0,0.0,0.0,0.0,1.0,0.0,2.0,0.0,2.0,2.0,0.0,1.0,2.0,0.0,1.0,1.0,1.0,1.0,0.0,0.0,0.0,1.0,0.0,0.0,0.0,0.0,1.0,0.0,0.0,1.0,0.0,3.0,0.0,0.0,0.0,0.0,0.0,2.0,0.0,0.0,0.0,0.0,0.0
11.5,2.0,0.0,0.0,0.0,0.0,0.0,0.0,1.0,0.0,0.0,0.0,2.0,0.0,0.0,0.0,0.0,0.0,0.0,0.0,0.0,1.0,0.0,0.0,0.0,0.0,3.0,0.0,2.0,0.0,1.0,1.0,0.0,1.0,1.0,0.0,0.0,0.0,1.0,0.0,5.0,0.0,2.0,0.0,0.0,1.0,3.0,0.0,2.0,1.0,1.0,0.0,2.0,2.0,1.0,0.0,0.0,1.0,1.0,3.0,2.0,1.0,0.0,1.0,1.0,0.0,2.0,0.0,0.0,1.0,1.0,1.0,0.0,2.0,0.0,0.0,0.0,1.0,0.0,2.0,2.0,5.0,1.0,2.0,3.0,1.0,0.0,1.0,5.0,1.0,0.0,0.0,0.0,0.0,5.0,0.0,1.0,1.0,1.0,1.0,2.0,1.0,1.0,1.0,1.0,2.0,4.0,0.0,2.0,0.0,1.0,2.0,1.0,0.0,1.0,1.0,0.0,1.0,3.0,0.0,0.0,2.0,4.0,0.0,1.0,0.0,1.0,0.0,0.0,2.0,0.0,1.0,2.0,1.0,1.0,0.0,0.0,3.0,5.0,0.0,1.0,2.0,0.0,0.0,0.0,2.0,1.0,1.0,0.0,1.0,0.0,0.0,1.0,1.0,1.0,0.0,0.0,2.0,0.0,1.0,1.0,0.0,0.0,0.0,1.0,0.0,0.0,0.0,0.0,0.0,0.0,0.0,2.0,3.0,0.0,0.0,0.0,1.0,0.0,1.0,0.0,0.0,0.0,0.0,0.0,1.0,0.0,0.0,2.0,0.0,1.0,1.0,0.0,0.0,0.0,0.0,0.0,0.0,0.0,0.0
11.600000000000001,1.0,0.0,0.0,1.0,0.0,0.0,0.0,0.0,0.0,0.0,0.0,2.0,2.0,1.0,0.0,1.0,0.0,0.0,1.0,1.0,0.0,1.0,1.0,1.0,0.0,1.0,0.0,0.0,0.0,0.0,1.0,0.0,2.0,0.0,0.0,0.0,1.0,3.0,1.0,1.0,1.0,1.0,0.0,1.0,4.0,2.0,1.0,0.0,0.0,1.0,1.0,1.0,0.0,0.0,0.0,0.0,0.0,1.0,0.0,1.0,3.0,1.0,2.0,0.0,0.0,0.0,1.0,1.0,1.0,0.0,1.0,1.0,3.0,1.0,2.0,2.0,1.0,3.0,1.0,0.0,3.0,4.0,2.0,2.0,1.0,0.0,2.0,1.0,2.0,0.0,0.0,0.0,0.0,1.0,2.0,1.0,0.0,1.0,1.0,0.0,2.0,0.0,0.0,0.0,0.0,2.0,0.0,1.0,1.0,2.0,2.0,0.0,1.0,2.0,1.0,0.0,1.0,1.0,0.0,1.0,1.0,1.0,2.0,0.0,0.0,1.0,0.0,1.0,0.0,1.0,0.0,0.0,0.0,0.0,2.0,0.0,0.0,0.0,1.0,0.0,1.0,2.0,3.0,0.0,0.0,1.0,1.0,0.0,2.0,2.0,0.0,0.0,1.0,0.0,0.0,1.0,1.0,0.0,0.0,1.0,0.0,0.0,0.0,0.0,2.0,0.0,2.0,0.0,0.0,0.0,0.0,0.0,0.0,0.0,2.0,0.0,0.0,1.0,0.0,0.0,0.0,0.0,0.0,1.0,1.0,2.0,1.0,1.0,1.0,0.0,1.0,2.0,0.0,0.0,1.0,1.0,0.0,0.0,0.0
11.700000000000001,6.0,0.0,0.0,0.0,2.0,0.0,0.0,2.0,0.0,2.0,1.0,0.0,0.0,0.0,0.0,0.0,0.0,1.0,1.0,1.0,0.0,0.0,0.0,0.0,0.0,0.0,1.0,1.0,0.0,1.0,0.0,1.0,0.0,0.0,1.0,0.0,4.0,1.0,0.0,2.0,0.0,0.0,0.0,2.0,1.0,1.0,3.0,1.0,0.0,0.0,2.0,1.0,0.0,2.0,0.0,4.0,0.0,0.0,2.0,2.0,2.0,0.0,1.0,2.0,1.0,1.0,0.0,1.0,1.0,0.0,1.0,1.0,0.0,0.0,2.0,2.0,2.0,3.0,0.0,1.0,0.0,0.0,1.0,3.0,0.0,1.0,0.0,1.0,2.0,0.0,1.0,0.0,1.0,1.0,1.0,1.0,2.0,2.0,0.0,0.0,1.0,2.0,2.0,1.0,0.0,0.0,0.0,0.0,2.0,1.0,2.0,2.0,1.0,3.0,2.0,0.0,0.0,2.0,2.0,0.0,2.0,1.0,1.0,2.0,0.0,1.0,2.0,3.0,0.0,0.0,1.0,0.0,1.0,1.0,1.0,2.0,0.0,0.0,1.0,0.0,0.0,0.0,1.0,3.0,2.0,0.0,0.0,0.0,0.0,2.0,0.0,0.0,2.0,0.0,0.0,1.0,0.0,1.0,0.0,0.0,0.0,1.0,1.0,2.0,0.0,1.0,2.0,0.0,2.0,0.0,1.0,0.0,0.0,0.0,1.0,1.0,0.0,0.0,1.0,1.0,0.0,2.0,0.0,0.0,0.0,0.0,0.0,0.0,0.0,1.0,0.0,0.0,0.0,1.0,0.0,1.0,0.0,0.0,0.0
11.8,6.0,0.0,0.0,3.0,0.0,1.0,2.0,0.0,0.0,0.0,1.0,0.0,1.0,2.0,0.0,0.0,0.0,0.0,0.0,1.0,0.0,1.0,1.0,0.0,0.0,0.0,1.0,0.0,1.0,0.0,0.0,1.0,1.0,2.0,0.0,0.0,0.0,1.0,0.0,2.0,1.0,0.0,0.0,3.0,1.0,0.0,2.0,0.0,2.0,0.0,0.0,0.0,0.0,1.0,2.0,0.0,0.0,4.0,2.0,0.0,1.0,0.0,2.0,0.0,2.0,0.0,1.0,1.0,0.0,3.0,2.0,0.0,0.0,3.0,2.0,2.0,0.0,0.0,0.0,0.0,2.0,1.0,0.0,1.0,1.0,1.0,0.0,0.0,0.0,1.0,0.0,2.0,3.0,0.0,1.0,2.0,3.0,2.0,1.0,3.0,1.0,3.0,3.0,3.0,2.0,0.0,1.0,2.0,1.0,2.0,3.0,0.0,0.0,1.0,3.0,2.0,0.0,0.0,3.0,1.0,1.0,0.0,3.0,1.0,0.0,1.0,0.0,1.0,1.0,0.0,0.0,0.0,0.0,0.0,1.0,2.0,0.0,0.0,2.0,1.0,2.0,2.0,0.0,1.0,0.0,0.0,0.0,1.0,0.0,0.0,0.0,0.0,1.0,1.0,1.0,0.0,0.0,0.0,1.0,0.0,3.0,1.0,0.0,0.0,0.0,0.0,0.0,0.0,1.0,2.0,0.0,0.0,0.0,1.0,0.0,0.0,0.0,1.0,1.0,0.0,2.0,0.0,0.0,1.0,1.0,0.0,1.0,0.0,0.0,0.0,0.0,0.0,0.0,0.0,1.0,0.0,0.0,0.0,0.0
11.9,2.0,0.0,0.0,0.0,0.0,1.0,1.0,0.0,0.0,0.0,0.0,1.0,0.0,1.0,0.0,0.0,1.0,0.0,0.0,0.0,0.0,0.0,0.0,2.0,0.0,0.0,1.0,2.0,1.0,0.0,1.0,1.0,0.0,0.0,1.0,1.0,0.0,2.0,0.0,0.0,0.0,0.0,1.0,0.0,0.0,1.0,1.0,2.0,0.0,0.0,0.0,3.0,2.0,0.0,1.0,0.0,3.0,2.0,2.0,2.0,1.0,0.0,1.0,0.0,2.0,0.0,2.0,0.0,1.0,0.0,4.0,0.0,0.0,1.0,2.0,1.0,0.0,3.0,4.0,2.0,0.0,0.0,0.0,3.0,2.0,1.0,1.0,1.0,1.0,2.0,1.0,0.0,0.0,2.0,4.0,1.0,1.0,2.0,0.0,1.0,1.0,0.0,2.0,0.0,2.0,1.0,2.0,1.0,1.0,1.0,0.0,1.0,0.0,0.0,0.0,1.0,1.0,1.0,0.0,0.0,0.0,0.0,2.0,0.0,2.0,0.0,2.0,0.0,1.0,0.0,1.0,1.0,1.0,2.0,0.0,1.0,0.0,1.0,0.0,0.0,1.0,0.0,0.0,0.0,0.0,0.0,0.0,1.0,0.0,0.0,1.0,0.0,0.0,1.0,0.0,0.0,0.0,0.0,1.0,0.0,0.0,0.0,0.0,0.0,0.0,2.0,0.0,0.0,0.0,0.0,0.0,0.0,1.0,1.0,0.0,0.0,0.0,0.0,2.0,0.0,0.0,0.0,0.0,0.0,0.0,0.0,0.0,0.0,0.0,0.0,0.0,0.0,0.0,0.0,0.0,0.0,1.0,0.0,0.0
12.0,3.0,0.0,0.0,0.0,0.0,0.0,0.0,0.0,0.0,0.0,0.0,1.0,0.0,0.0,1.0,0.0,0.0,1.0,0.0,0.0,0.0,0.0,0.0,1.0,0.0,2.0,3.0,2.0,0.0,3.0,1.0,0.0,1.0,0.0,0.0,0.0,0.0,1.0,1.0,0.0,0.0,0.0,0.0,1.0,0.0,0.0,0.0,0.0,2.0,1.0,0.0,1.0,2.0,1.0,1.0,0.0,1.0,0.0,0.0,0.0,1.0,0.0,0.0,0.0,0.0,0.0,1.0,0.0,1.0,0.0,0.0,0.0,1.0,1.0,2.0,1.0,0.0,4.0,2.0,0.0,3.0,2.0,0.0,4.0,0.0,0.0,3.0,2.0,2.0,3.0,2.0,0.0,3.0,1.0,0.0,2.0,1.0,1.0,0.0,1.0,2.0,1.0,1.0,1.0,1.0,1.0,1.0,0.0,1.0,0.0,0.0,1.0,1.0,0.0,2.0,2.0,1.0,1.0,1.0,0.0,0.0,1.0,0.0,1.0,0.0,0.0,1.0,0.0,1.0,2.0,1.0,1.0,0.0,0.0,0.0,3.0,0.0,2.0,1.0,0.0,1.0,0.0,0.0,1.0,0.0,0.0,0.0,0.0,1.0,0.0,0.0,0.0,0.0,2.0,1.0,1.0,1.0,0.0,2.0,0.0,0.0,0.0,0.0,0.0,0.0,1.0,3.0,2.0,1.0,0.0,0.0,1.0,0.0,1.0,0.0,0.0,1.0,0.0,0.0,0.0,0.0,0.0,2.0,0.0,0.0,0.0,0.0,0.0,1.0,0.0,0.0,0.0,0.0,0.0,0.0,1.0,0.0,1.0,0.0
12.100000000000001,3.0,0.0,0.0,0.0,1.0,0.0,1.0,0.0,1.0,1.0,0.0,0.0,0.0,0.0,0.0,1.0,1.0,0.0,0.0,1.0,0.0,0.0,0.0,1.0,1.0,2.0,0.0,2.0,0.0,0.0,2.0,0.0,0.0,0.0,0.0,0.0,0.0,0.0,0.0,0.0,2.0,0.0,0.0,2.0,1.0,1.0,0.0,1.0,0.0,2.0,0.0,0.0,2.0,2.0,0.0,0.0,1.0,1.0,2.0,0.0,3.0,0.0,0.0,2.0,0.0,1.0,1.0,0.0,0.0,0.0,0.0,1.0,0.0,0.0,2.0,3.0,2.0,2.0,0.0,0.0,2.0,0.0,0.0,0.0,2.0,1.0,0.0,2.0,2.0,3.0,0.0,1.0,1.0,1.0,2.0,2.0,1.0,1.0,0.0,1.0,1.0,1.0,0.0,0.0,1.0,0.0,5.0,0.0,2.0,0.0,1.0,2.0,0.0,0.0,3.0,0.0,1.0,2.0,0.0,1.0,1.0,1.0,1.0,1.0,0.0,1.0,2.0,1.0,0.0,2.0,1.0,0.0,0.0,0.0,0.0,3.0,0.0,1.0,0.0,2.0,0.0,0.0,1.0,0.0,0.0,2.0,1.0,2.0,0.0,1.0,0.0,0.0,2.0,0.0,1.0,1.0,0.0,1.0,1.0,0.0,0.0,0.0,0.0,0.0,1.0,0.0,0.0,1.0,0.0,1.0,0.0,1.0,0.0,1.0,0.0,1.0,1.0,1.0,1.0,1.0,1.0,0.0,0.0,0.0,0.0,0.0,0.0,0.0,0.0,0.0,0.0,0.0,0.0,0.0,0.0,0.0,0.0,0.0,0.0
12.200000000000001,5.0,0.0,1.0,0.0,0.0,1.0,1.0,0.0,0.0,1.0,0.0,0.0,0.0,0.0,0.0,0.0,0.0,1.0,0.0,1.0,0.0,0.0,0.0,0.0,0.0,0.0,0.0,1.0,1.0,0.0,1.0,0.0,2.0,0.0,0.0,1.0,0.0,0.0,0.0,2.0,6.0,0.0,1.0,2.0,1.0,0.0,0.0,1.0,0.0,0.0,0.0,0.0,1.0,3.0,0.0,4.0,1.0,2.0,0.0,0.0,0.0,1.0,2.0,1.0,1.0,1.0,0.0,1.0,1.0,0.0,1.0,0.0,0.0,0.0,0.0,3.0,0.0,1.0,1.0,2.0,0.0,2.0,1.0,0.0,3.0,1.0,2.0,0.0,2.0,2.0,0.0,0.0,1.0,1.0,1.0,1.0,2.0,4.0,1.0,2.0,2.0,0.0,1.0,1.0,3.0,0.0,2.0,0.0,0.0,0.0,1.0,1.0,3.0,2.0,1.0,1.0,1.0,1.0,0.0,1.0,0.0,1.0,0.0,1.0,0.0,0.0,0.0,1.0,1.0,1.0,2.0,0.0,1.0,0.0,1.0,0.0,0.0,0.0,0.0,1.0,0.0,2.0,0.0,1.0,0.0,2.0,1.0,0.0,0.0,0.0,0.0,1.0,0.0,0.0,0.0,0.0,0.0,1.0,0.0,1.0,1.0,0.0,0.0,1.0,1.0,1.0,0.0,0.0,0.0,0.0,0.0,0.0,2.0,0.0,0.0,0.0,0.0,1.0,0.0,1.0,0.0,0.0,0.0,0.0,0.0,0.0,0.0,0.0,0.0,0.0,1.0,0.0,1.0,0.0,0.0,0.0,0.0,0.0,1.0
12.3,1.0,0.0,0.0,0.0,0.0,0.0,0.0,0.0,0.0,0.0,1.0,0.0,0.0,0.0,1.0,0.0,0.0,2.0,1.0,0.0,0.0,0.0,0.0,0.0,0.0,0.0,0.0,0.0,0.0,1.0,0.0,1.0,0.0,0.0,0.0,0.0,2.0,1.0,0.0,1.0,1.0,0.0,1.0,0.0,0.0,0.0,4.0,0.0,0.0,1.0,1.0,1.0,2.0,1.0,2.0,0.0,3.0,1.0,2.0,1.0,1.0,1.0,0.0,1.0,0.0,0.0,0.0,4.0,0.0,0.0,0.0,1.0,1.0,2.0,0.0,1.0,1.0,0.0,3.0,3.0,2.0,0.0,2.0,1.0,2.0,1.0,1.0,0.0,1.0,0.0,0.0,2.0,3.0,0.0,0.0,2.0,1.0,0.0,1.0,5.0,1.0,4.0,1.0,1.0,0.0,1.0,1.0,1.0,1.0,0.0,0.0,1.0,0.0,1.0,0.0,0.0,3.0,1.0,0.0,1.0,1.0,1.0,1.0,0.0,3.0,2.0,0.0,1.0,0.0,0.0,1.0,0.0,1.0,0.0,0.0,0.0,0.0,2.0,0.0,0.0,1.0,0.0,1.0,0.0,0.0,0.0,2.0,0.0,0.0,0.0,0.0,0.0,0.0,0.0,0.0,0.0,0.0,1.0,0.0,1.0,1.0,1.0,1.0,0.0,0.0,2.0,2.0,1.0,0.0,0.0,0.0,0.0,1.0,0.0,0.0,0.0,0.0,0.0,0.0,0.0,0.0,0.0,0.0,0.0,0.0,1.0,0.0,0.0,0.0,0.0,1.0,0.0,0.0,0.0,0.0,1.0,0.0,1.0,0.0
12.4,5.0,0.0,0.0,0.0,0.0,1.0,0.0,0.0,0.0,0.0,0.0,0.0,1.0,0.0,0.0,1.0,1.0,0.0,0.0,0.0,0.0,0.0,0.0,0.0,0.0,0.0,0.0,0.0,1.0,1.0,0.0,0.0,0.0,0.0,0.0,1.0,2.0,0.0,0.0,0.0,1.0,1.0,0.0,2.0,0.0,1.0,1.0,0.0,2.0,0.0,2.0,1.0,0.0,0.0,0.0,0.0,1.0,0.0,0.0,4.0,3.0,3.0,0.0,0.0,2.0,0.0,0.0,1.0,3.0,0.0,1.0,0.0,2.0,0.0,0.0,2.0,0.0,0.0,1.0,2.0,0.0,0.0,2.0,0.0,2.0,0.0,1.0,0.0,2.0,2.0,0.0,0.0,1.0,1.0,0.0,0.0,1.0,0.0,0.0,2.0,1.0,0.0,1.0,1.0,1.0,2.0,2.0,2.0,1.0,1.0,2.0,0.0,0.0,0.0,0.0,0.0,0.0,0.0,2.0,0.0,2.0,0.0,0.0,0.0,0.0,0.0,1.0,0.0,0.0,1.0,0.0,0.0,1.0,0.0,0.0,3.0,0.0,0.0,1.0,1.0,1.0,0.0,0.0,0.0,1.0,2.0,0.0,1.0,0.0,0.0,0.0,3.0,1.0,0.0,0.0,0.0,1.0,0.0,0.0,1.0,1.0,0.0,0.0,0.0,1.0,0.0,1.0,1.0,0.0,0.0,0.0,0.0,1.0,1.0,0.0,0.0,0.0,0.0,0.0,0.0,0.0,0.0,0.0,0.0,1.0,0.0,0.0,1.0,0.0,0.0,0.0,0.0,0.0,0.0,0.0,0.0,0.0,0.0,2.0
12.5,4.0,0.0,0.0,0.0,0.0,0.0,0.0,0.0,0.0,0.0,1.0,0.0,0.0,2.0,0.0,1.0,1.0,2.0,0.0,0.0,0.0,0.0,0.0,2.0,0.0,0.0,0.0,0.0,1.0,1.0,1.0,1.0,3.0,1.0,0.0,0.0,0.0,0.0,1.0,1.0,0.0,0.0,0.0,0.0,0.0,0.0,1.0,2.0,0.0,0.0,2.0,0.0,0.0,0.0,0.0,0.0,0.0,0.0,1.0,1.0,3.0,0.0,2.0,0.0,0.0,3.0,3.0,0.0,0.0,2.0,1.0,1.0,3.0,0.0,4.0,0.0,1.0,1.0,3.0,1.0,2.0,0.0,1.0,0.0,1.0,0.0,0.0,0.0,2.0,0.0,2.0,0.0,0.0,1.0,1.0,1.0,0.0,2.0,0.0,0.0,1.0,0.0,0.0,1.0,0.0,0.0,3.0,2.0,1.0,2.0,0.0,2.0,0.0,0.0,0.0,1.0,2.0,1.0,2.0,0.0,0.0,0.0,0.0,0.0,0.0,1.0,0.0,0.0,0.0,0.0,0.0,2.0,0.0,0.0,1.0,1.0,1.0,1.0,0.0,0.0,0.0,0.0,1.0,0.0,1.0,0.0,0.0,0.0,1.0,0.0,0.0,0.0,2.0,0.0,0.0,1.0,0.0,0.0,0.0,0.0,3.0,0.0,0.0,0.0,0.0,0.0,0.0,1.0,0.0,0.0,0.0,0.0,0.0,0.0,1.0,0.0,1.0,0.0,0.0,0.0,1.0,1.0,0.0,1.0,0.0,0.0,2.0,0.0,1.0,0.0,0.0,0.0,0.0,0.0,1.0,0.0,0.0,0.0,0.0
12.600000000000001,5.0,0.0,0.0,0.0,0.0,0.0,0.0,0.0,0.0,1.0,2.0,0.0,0.0,0.0,0.0,0.0,0.0,0.0,0.0,0.0,0.0,0.0,0.0,0.0,0.0,0.0,2.0,0.0,1.0,1.0,0.0,0.0,0.0,0.0,0.0,0.0,0.0,1.0,0.0,1.0,0.0,0.0,1.0,1.0,0.0,0.0,0.0,1.0,2.0,0.0,3.0,1.0,0.0,0.0,0.0,0.0,0.0,1.0,1.0,0.0,0.0,0.0,0.0,0.0,1.0,0.0,1.0,2.0,1.0,3.0,0.0,0.0,0.0,0.0,0.0,1.0,1.0,1.0,2.0,0.0,2.0,0.0,0.0,2.0,1.0,1.0,0.0,1.0,3.0,1.0,0.0,1.0,1.0,0.0,0.0,1.0,1.0,0.0,0.0,1.0,1.0,1.0,1.0,0.0,0.0,0.0,0.0,0.0,0.0,2.0,1.0,1.0,0.0,1.0,2.0,0.0,0.0,1.0,1.0,0.0,1.0,2.0,0.0,0.0,0.0,1.0,0.0,0.0,0.0,0.0,0.0,1.0,0.0,1.0,0.0,0.0,0.0,1.0,0.0,0.0,0.0,0.0,0.0,1.0,1.0,0.0,0.0,1.0,1.0,0.0,0.0,0.0,0.0,2.0,0.0,0.0,0.0,0.0,2.0,1.0,1.0,0.0,0.0,0.0,0.0,0.0,0.0,0.0,0.0,0.0,1.0,1.0,0.0,0.0,0.0,1.0,1.0,0.0,0.0,0.0,0.0,0.0,1.0,0.0,0.0,0.0,0.0,0.0,1.0,0.0,0.0,0.0,0.0,1.0,0.0,1.0,0.0,0.0,0.0
12.700000000000001,2.0,0.0,0.0,0.0,0.0,0.0,0.0,0.0,0.0,0.0,0.0,0.0,0.0,0.0,0.0,1.0,0.0,0.0,0.0,0.0,1.0,0.0,0.0,0.0,0.0,1.0,0.0,0.0,0.0,0.0,0.0,1.0,0.0,0.0,0.0,1.0,1.0,0.0,0.0,2.0,0.0,3.0,0.0,2.0,1.0,2.0,2.0,2.0,2.0,2.0,0.0,0.0,1.0,0.0,1.0,0.0,0.0,2.0,0.0,1.0,0.0,1.0,1.0,2.0,1.0,1.0,3.0,2.0,1.0,1.0,0.0,1.0,0.0,1.0,0.0,1.0,0.0,1.0,1.0,3.0,0.0,1.0,3.0,2.0,2.0,0.0,1.0,2.0,2.0,0.0,1.0,0.0,0.0,2.0,1.0,1.0,0.0,0.0,0.0,1.0,1.0,1.0,2.0,0.0,1.0,1.0,0.0,1.0,2.0,1.0,1.0,0.0,0.0,2.0,0.0,0.0,0.0,1.0,1.0,0.0,0.0,0.0,1.0,1.0,1.0,2.0,0.0,0.0,0.0,1.0,0.0,0.0,0.0,3.0,1.0,0.0,0.0,1.0,2.0,0.0,0.0,1.0,0.0,0.0,0.0,1.0,2.0,0.0,0.0,0.0,0.0,1.0,0.0,0.0,1.0,0.0,0.0,0.0,1.0,1.0,0.0,0.0,2.0,0.0,1.0,1.0,0.0,1.0,1.0,0.0,1.0,0.0,0.0,0.0,0.0,2.0,0.0,1.0,0.0,0.0,2.0,0.0,0.0,0.0,0.0,0.0,2.0,1.0,0.0,0.0,0.0,0.0,0.0,1.0,0.0,0.0,0.0,1.0,0.0
12.8,3.0,0.0,0.0,0.0,0.0,0.0,0.0,0.0,2.0,0.0,0.0,0.0,0.0,0.0,0.0,0.0,0.0,0.0,0.0,0.0,0.0,0.0,0.0,0.0,2.0,0.0,1.0,0.0,0.0,1.0,0.0,0.0,0.0,1.0,0.0,0.0,0.0,1.0,0.0,0.0,1.0,0.0,0.0,3.0,1.0,1.0,0.0,1.0,0.0,0.0,0.0,0.0,0.0,0.0,0.0,0.0,0.0,0.0,0.0,0.0,0.0,1.0,0.0,0.0,1.0,1.0,0.0,2.0,2.0,0.0,1.0,0.0,1.0,1.0,0.0,1.0,0.0,2.0,0.0,1.0,1.0,1.0,0.0,1.0,0.0,1.0,1.0,1.0,1.0,0.0,0.0,2.0,0.0,1.0,0.0,2.0,0.0,2.0,0.0,1.0,2.0,0.0,0.0,0.0,1.0,2.0,1.0,1.0,0.0,0.0,0.0,0.0,0.0,0.0,0.0,0.0,0.0,0.0,1.0,0.0,1.0,2.0,0.0,0.0,0.0,0.0,0.0,0.0,1.0,0.0,0.0,0.0,1.0,2.0,0.0,3.0,0.0,2.0,1.0,0.0,0.0,0.0,0.0,2.0,1.0,1.0,0.0,0.0,1.0,0.0,0.0,1.0,2.0,0.0,2.0,0.0,2.0,1.0,0.0,0.0,0.0,0.0,0.0,0.0,0.0,0.0,0.0,0.0,0.0,0.0,0.0,1.0,0.0,0.0,1.0,0.0,1.0,0.0,1.0,4.0,0.0,0.0,0.0,0.0,0.0,1.0,0.0,0.0,0.0,0.0,0.0,0.0,0.0,0.0,0.0,0.0,1.0,0.0,0.0
12.9,3.0,0.0,0.0,0.0,0.0,0.0,0.0,0.0,0.0,0.0,0.0,0.0,0.0,0.0,0.0,0.0,0.0,0.0,0.0,2.0,1.0,0.0,0.0,0.0,0.0,1.0,0.0,0.0,0.0,0.0,0.0,0.0,0.0,0.0,0.0,0.0,1.0,0.0,0.0,0.0,0.0,1.0,0.0,0.0,0.0,0.0,0.0,1.0,1.0,0.0,1.0,0.0,1.0,0.0,0.0,0.0,0.0,0.0,0.0,1.0,0.0,0.0,0.0,1.0,1.0,1.0,0.0,2.0,0.0,2.0,2.0,2.0,1.0,0.0,0.0,0.0,2.0,1.0,0.0,1.0,1.0,0.0,1.0,0.0,1.0,1.0,1.0,0.0,2.0,2.0,0.0,1.0,0.0,0.0,4.0,1.0,0.0,1.0,0.0,2.0,2.0,0.0,0.0,1.0,2.0,2.0,0.0,0.0,0.0,1.0,1.0,0.0,3.0,1.0,1.0,2.0,0.0,0.0,0.0,0.0,0.0,1.0,0.0,0.0,0.0,1.0,0.0,0.0,2.0,0.0,0.0,1.0,1.0,1.0,0.0,0.0,0.0,0.0,1.0,0.0,0.0,1.0,0.0,0.0,0.0,0.0,0.0,0.0,1.0,0.0,0.0,0.0,0.0,3.0,0.0,0.0,0.0,0.0,0.0,2.0,0.0,0.0,0.0,0.0,0.0,0.0,2.0,0.0,0.0,0.0,1.0,0.0,0.0,0.0,0.0,0.0,0.0,0.0,0.0,1.0,0.0,0.0,1.0,0.0,0.0,0.0,1.0,0.0,0.0,0.0,0.0,0.0,2.0,2.0,1.0,0.0,0.0,0.0,0.0
13.0,3.0,0.0,0.0,0.0,0.0,1.0,0.0,1.0,0.0,0.0,0.0,0.0,0.0,0.0,1.0,1.0,0.0,0.0,0.0,0.0,0.0,0.0,0.0,1.0,0.0,0.0,0.0,0.0,1.0,0.0,0.0,1.0,0.0,0.0,0.0,1.0,1.0,0.0,1.0,0.0,0.0,0.0,0.0,3.0,0.0,0.0,0.0,0.0,1.0,0.0,1.0,0.0,2.0,0.0,0.0,0.0,0.0,1.0,2.0,1.0,0.0,0.0,1.0,1.0,2.0,1.0,0.0,2.0,0.0,0.0,1.0,0.0,1.0,1.0,2.0,1.0,2.0,0.0,2.0,0.0,2.0,1.0,1.0,0.0,2.0,0.0,0.0,1.0,0.0,0.0,1.0,0.0,1.0,0.0,2.0,2.0,1.0,0.0,1.0,0.0,0.0,0.0,0.0,0.0,1.0,2.0,2.0,2.0,1.0,1.0,3.0,1.0,2.0,0.0,0.0,1.0,1.0,1.0,1.0,1.0,2.0,0.0,1.0,2.0,0.0,1.0,0.0,1.0,1.0,1.0,1.0,0.0,0.0,1.0,1.0,1.0,2.0,1.0,2.0,0.0,0.0,0.0,0.0,0.0,1.0,0.0,0.0,0.0,0.0,2.0,3.0,0.0,1.0,0.0,1.0,1.0,3.0,2.0,0.0,1.0,0.0,0.0,0.0,0.0,1.0,1.0,0.0,0.0,0.0,1.0,0.0,0.0,0.0,0.0,0.0,0.0,0.0,0.0,0.0,0.0,0.0,1.0,0.0,0.0,0.0,1.0,0.0,0.0,0.0,0.0,0.0,0.0,0.0,0.0,1.0,1.0,2.0,2.0,0.0
13.100000000000001,3.0,0.0,0.0,0.0,1.0,0.0,0.0,0.0,1.0,0.0,0.0,0.0,0.0,0.0,0.0,0.0,0.0,0.0,0.0,0.0,0.0,0.0,0.0,0.0,0.0,0.0,0.0,0.0,1.0,1.0,1.0,0.0,0.0,0.0,0.0,0.0,0.0,1.0,0.0,0.0,0.0,1.0,0.0,0.0,0.0,1.0,0.0,0.0,0.0,0.0,1.0,4.0,0.0,0.0,0.0,0.0,0.0,0.0,1.0,1.0,0.0,0.0,0.0,0.0,0.0,2.0,0.0,0.0,0.0,1.0,0.0,0.0,1.0,2.0,1.0,0.0,1.0,1.0,0.0,1.0,0.0,1.0,1.0,1.0,2.0,2.0,0.0,0.0,0.0,1.0,2.0,1.0,0.0,1.0,0.0,0.0,0.0,1.0,0.0,2.0,0.0,1.0,2.0,1.0,2.0,0.0,0.0,1.0,0.0,1.0,0.0,0.0,0.0,0.0,1.0,2.0,0.0,0.0,0.0,0.0,0.0,1.0,0.0,0.0,0.0,1.0,1.0,0.0,0.0,0.0,0.0,0.0,2.0,0.0,0.0,0.0,0.0,2.0,1.0,1.0,0.0,0.0,0.0,0.0,1.0,0.0,1.0,0.0,0.0,0.0,0.0,0.0,0.0,1.0,1.0,0.0,0.0,0.0,0.0,1.0,0.0,0.0,1.0,0.0,0.0,0.0,1.0,1.0,0.0,0.0,0.0,0.0,1.0,0.0,0.0,0.0,0.0,0.0,0.0,3.0,1.0,0.0,0.0,2.0,0.0,0.0,0.0,0.0,0.0,0.0,0.0,0.0,0.0,1.0,0.0,0.0,0.0,1.0,0.0
13.200000000000001,1.0,0.0,0.0,0.0,0.0,0.0,0.0,0.0,0.0,1.0,0.0,0.0,0.0,2.0,0.0,0.0,1.0,1.0,0.0,0.0,0.0,0.0,0.0,0.0,0.0,0.0,1.0,0.0,0.0,0.0,0.0,0.0,1.0,1.0,0.0,0.0,1.0,0.0,0.0,0.0,1.0,0.0,0.0,1.0,3.0,1.0,1.0,1.0,2.0,2.0,0.0,1.0,2.0,2.0,1.0,0.0,1.0,1.0,0.0,0.0,0.0,0.0,0.0,0.0,1.0,0.0,1.0,0.0,1.0,0.0,0.0,0.0,0.0,0.0,1.0,0.0,0.0,0.0,0.0,0.0,0.0,3.0,0.0,2.0,2.0,1.0,0.0,0.0,0.0,0.0,0.0,0.0,1.0,2.0,1.0,1.0,1.0,1.0,0.0,0.0,2.0,0.0,1.0,0.0,1.0,1.0,2.0,0.0,0.0,0.0,1.0,0.0,1.0,0.0,1.0,1.0,0.0,0.0,1.0,0.0,0.0,0.0,0.0,0.0,0.0,0.0,0.0,0.0,0.0,0.0,0.0,0.0,0.0,1.0,0.0,0.0,0.0,0.0,1.0,0.0,1.0,2.0,0.0,0.0,0.0,0.0,0.0,1.0,0.0,0.0,0.0,0.0,0.0,0.0,0.0,0.0,0.0,1.0,0.0,0.0,0.0,0.0,0.0,0.0,0.0,0.0,1.0,1.0,1.0,0.0,1.0,2.0,0.0,0.0,0.0,0.0,0.0,0.0,0.0,1.0,1.0,0.0,1.0,0.0,0.0,0.0,0.0,0.0,0.0,1.0,0.0,0.0,0.0,1.0,0.0,0.0,2.0,0.0,0.0
13.3,2.0,0.0,1.0,0.0,0.0,0.0,0.0,0.0,0.0,2.0,0.0,0.0,0.0,0.0,1.0,0.0,1.0,0.0,0.0,0.0,0.0,0.0,0.0,1.0,1.0,0.0,1.0,0.0,0.0,1.0,0.0,0.0,0.0,0.0,1.0,0.0,0.0,0.0,0.0,2.0,1.0,1.0,1.0,0.0,1.0,1.0,0.0,0.0,0.0,2.0,0.0,0.0,1.0,0.0,2.0,1.0,0.0,0.0,1.0,1.0,0.0,1.0,1.0,0.0,0.0,1.0,0.0,1.0,0.0,0.0,0.0,2.0,0.0,0.0,0.0,1.0,1.0,4.0,0.0,1.0,0.0,0.0,0.0,0.0,0.0,1.0,0.0,2.0,1.0,1.0,1.0,1.0,0.0,0.0,1.0,2.0,0.0,0.0,0.0,1.0,1.0,0.0,2.0,1.0,0.0,3.0,0.0,1.0,0.0,0.0,0.0,1.0,1.0,2.0,1.0,3.0,1.0,0.0,0.0,1.0,0.0,1.0,0.0,0.0,0.0,0.0,0.0,0.0,0.0,0.0,1.0,0.0,1.0,0.0,1.0,0.0,0.0,2.0,0.0,1.0,1.0,0.0,0.0,0.0,1.0,1.0,1.0,1.0,0.0,0.0,1.0,0.0,1.0,0.0,0.0,0.0,1.0,0.0,0.0,0.0,0.0,1.0,0.0,2.0,0.0,0.0,0.0,0.0,0.0,0.0,0.0,3.0,0.0,1.0,0.0,0.0,0.0,1.0,0.0,1.0,0.0,0.0,2.0,0.0,1.0,0.0,0.0,0.0,0.0,0.0,0.0,1.0,0.0,0.0,0.0,0.0,0.0,1.0,0.0
13.4,3.0,0.0,0.0,0.0,0.0,0.0,0.0,0.0,0.0,0.0,0.0,0.0,0.0,0.0,0.0,0.0,0.0,0.0,0.0,0.0,0.0,0.0,1.0,1.0,0.0,0.0,0.0,0.0,1.0,1.0,1.0,0.0,0.0,0.0,1.0,0.0,0.0,1.0,0.0,0.0,0.0,0.0,2.0,0.0,0.0,2.0,0.0,0.0,0.0,2.0,1.0,0.0,0.0,0.0,2.0,1.0,1.0,1.0,0.0,1.0,0.0,1.0,0.0,0.0,1.0,0.0,0.0,2.0,0.0,0.0,0.0,0.0,0.0,0.0,0.0,0.0,1.0,1.0,0.0,0.0,0.0,2.0,1.0,0.0,0.0,1.0,0.0,0.0,0.0,2.0,0.0,2.0,5.0,1.0,2.0,0.0,0.0,0.0,1.0,1.0,0.0,0.0,1.0,0.0,2.0,1.0,1.0,0.0,1.0,2.0,0.0,0.0,0.0,0.0,0.0,0.0,0.0,0.0,1.0,0.0,2.0,2.0,0.0,0.0,0.0,3.0,2.0,2.0,3.0,0.0,0.0,1.0,2.0,3.0,0.0,1.0,0.0,0.0,0.0,0.0,1.0,0.0,0.0,2.0,0.0,1.0,1.0,0.0,0.0,0.0,0.0,1.0,0.0,1.0,1.0,0.0,0.0,2.0,0.0,2.0,0.0,0.0,1.0,0.0,1.0,0.0,0.0,0.0,0.0,2.0,0.0,0.0,2.0,1.0,0.0,0.0,0.0,0.0,0.0,0.0,0.0,0.0,0.0,1.0,1.0,0.0,0.0,0.0,0.0,0.0,0.0,0.0,0.0,0.0,0.0,1.0,0.0,1.0,0.0
13.5,0.0,0.0,0.0,0.0,0.0,0.0,0.0,0.0,0.0,0.0,1.0,0.0,0.0,0.0,1.0,0.0,0.0,0.0,0.0,0.0,0.0,0.0,0.0,0.0,0.0,0.0,0.0,0.0,1.0,0.0,0.0,0.0,0.0,0.0,0.0,0.0,0.0,0.0,1.0,1.0,0.0,1.0,0.0,0.0,0.0,1.0,1.0,0.0,1.0,0.0,1.0,0.0,0.0,0.0,0.0,0.0,0.0,0.0,0.0,3.0,1.0,0.0,0.0,0.0,0.0,0.0,0.0,0.0,0.0,0.0,2.0,0.0,0.0,0.0,1.0,1.0,0.0,1.0,2.0,1.0,0.0,2.0,0.0,0.0,1.0,1.0,1.0,1.0,0.0,0.0,0.0,0.0,0.0,0.0,0.0,0.0,0.0,0.0,0.0,0.0,1.0,0.0,0.0,0.0,0.0,0.0,1.0,0.0,1.0,2.0,0.0,0.0,0.0,0.0,1.0,0.0,0.0,0.0,0.0,0.0,0.0,1.0,0.0,1.0,0.0,1.0,0.0,0.0,0.0,1.0,1.0,0.0,0.0,0.0,1.0,0.0,1.0,1.0,1.0,0.0,0.0,0.0,1.0,0.0,0.0,2.0,0.0,0.0,1.0,0.0,1.0,1.0,0.0,0.0,1.0,0.0,0.0,0.0,0.0,0.0,0.0,0.0,0.0,0.0,2.0,0.0,0.0,0.0,0.0,1.0,0.0,0.0,0.0,0.0,0.0,0.0,0.0,1.0,0.0,1.0,0.0,0.0,0.0,1.0,0.0,2.0,0.0,0.0,0.0,1.0,0.0,0.0,0.0,1.0,0.0,0.0,0.0,0.0,0.0
13.600000000000001,2.0,0.0,0.0,0.0,0.0,0.0,0.0,0.0,1.0,0.0,0.0,0.0,0.0,0.0,0.0,0.0,0.0,0.0,0.0,0.0,0.0,1.0,0.0,0.0,0.0,0.0,0.0,0.0,0.0,1.0,1.0,0.0,0.0,0.0,0.0,0.0,0.0,1.0,0.0,0.0,0.0,1.0,0.0,1.0,0.0,1.0,1.0,0.0,0.0,1.0,0.0,0.0,0.0,0.0,0.0,1.0,0.0,0.0,1.0,0.0,0.0,0.0,3.0,1.0,1.0,0.0,1.0,0.0,0.0,0.0,0.0,0.0,1.0,0.0,1.0,0.0,0.0,0.0,0.0,0.0,1.0,1.0,0.0,0.0,1.0,2.0,0.0,0.0,1.0,0.0,1.0,2.0,2.0,0.0,0.0,2.0,0.0,1.0,1.0,0.0,0.0,1.0,1.0,0.0,0.0,0.0,0.0,1.0,0.0,0.0,0.0,1.0,2.0,0.0,0.0,1.0,0.0,0.0,3.0,1.0,0.0,2.0,0.0,1.0,0.0,1.0,0.0,1.0,2.0,0.0,0.0,1.0,0.0,1.0,2.0,0.0,1.0,0.0,0.0,2.0,1.0,0.0,1.0,0.0,0.0,0.0,0.0,1.0,1.0,0.0,1.0,3.0,1.0,0.0,0.0,0.0,0.0,0.0,0.0,0.0,0.0,2.0,0.0,1.0,0.0,1.0,0.0,0.0,0.0,0.0,0.0,0.0,0.0,0.0,1.0,0.0,1.0,0.0,0.0,0.0,0.0,1.0,0.0,0.0,0.0,0.0,1.0,0.0,2.0,0.0,0.0,0.0,0.0,1.0,0.0,0.0,0.0,1.0,1.0
13.700000000000001,3.0,0.0,0.0,0.0,0.0,0.0,0.0,0.0,0.0,1.0,0.0,1.0,0.0,0.0,0.0,0.0,0.0,0.0,0.0,0.0,0.0,0.0,0.0,0.0,0.0,0.0,0.0,1.0,1.0,0.0,1.0,0.0,1.0,0.0,0.0,1.0,0.0,0.0,1.0,0.0,0.0,0.0,0.0,0.0,0.0,1.0,0.0,0.0,1.0,0.0,1.0,0.0,0.0,0.0,2.0,1.0,0.0,1.0,2.0,1.0,0.0,0.0,1.0,0.0,2.0,1.0,0.0,0.0,0.0,1.0,0.0,1.0,0.0,0.0,0.0,1.0,1.0,1.0,0.0,1.0,0.0,1.0,1.0,0.0,0.0,1.0,0.0,0.0,1.0,0.0,1.0,0.0,0.0,0.0,0.0,0.0,0.0,0.0,0.0,2.0,0.0,1.0,0.0,0.0,0.0,1.0,1.0,0.0,2.0,0.0,0.0,0.0,0.0,1.0,0.0,0.0,1.0,1.0,1.0,0.0,0.0,1.0,1.0,0.0,2.0,2.0,0.0,0.0,2.0,0.0,1.0,2.0,0.0,2.0,0.0,0.0,0.0,1.0,0.0,0.0,0.0,0.0,1.0,0.0,1.0,1.0,0.0,1.0,1.0,0.0,1.0,0.0,0.0,3.0,0.0,0.0,0.0,0.0,1.0,1.0,0.0,0.0,0.0,0.0,0.0,0.0,0.0,0.0,0.0,0.0,0.0,0.0,1.0,1.0,0.0,0.0,1.0,1.0,0.0,2.0,1.0,0.0,0.0,0.0,1.0,1.0,0.0,0.0,0.0,0.0,0.0,0.0,0.0,0.0,0.0,0.0,1.0,0.0,0.0
13.8,1.0,0.0,0.0,0.0,0.0,0.0,0.0,0.0,0.0,0.0,0.0,0.0,0.0,0.0,0.0,0.0,0.0,2.0,0.0,1.0,0.0,0.0,0.0,1.0,0.0,0.0,0.0,0.0,1.0,0.0,0.0,0.0,1.0,0.0,0.0,0.0,0.0,2.0,2.0,1.0,1.0,0.0,1.0,1.0,0.0,0.0,0.0,0.0,1.0,0.0,0.0,0.0,0.0,0.0,1.0,1.0,0.0,1.0,2.0,1.0,0.0,0.0,0.0,1.0,1.0,0.0,0.0,0.0,0.0,0.0,1.0,0.0,1.0,1.0,1.0,2.0,0.0,0.0,0.0,1.0,1.0,2.0,2.0,3.0,1.0,1.0,0.0,0.0,0.0,0.0,0.0,2.0,0.0,0.0,0.0,0.0,0.0,0.0,1.0,0.0,0.0,0.0,0.0,1.0,1.0,1.0,2.0,1.0,0.0,0.0,3.0,1.0,0.0,1.0,1.0,0.0,0.0,1.0,1.0,1.0,0.0,0.0,0.0,1.0,0.0,0.0,1.0,0.0,0.0,0.0,0.0,0.0,1.0,0.0,2.0,1.0,0.0,0.0,0.0,0.0,0.0,0.0,2.0,1.0,1.0,1.0,0.0,0.0,0.0,1.0,0.0,0.0,0.0,2.0,0.0,0.0,0.0,0.0,0.0,0.0,2.0,0.0,0.0,1.0,1.0,0.0,0.0,0.0,0.0,0.0,1.0,0.0,0.0,0.0,0.0,0.0,1.0,0.0,0.0,1.0,0.0,1.0,0.0,1.0,0.0,1.0,0.0,0.0,1.0,0.0,0.0,2.0,0.0,0.0,0.0,0.0,1.0,0.0,1.0
13.9,2.0,0.0,0.0,0.0,0.0,0.0,0.0,0.0,0.0,0.0,0.0,0.0,0.0,0.0,0.0,0.0,1.0,0.0,0.0,0.0,1.0,0.0,2.0,1.0,0.0,1.0,0.0,1.0,1.0,0.0,1.0,0.0,0.0,1.0,0.0,0.0,1.0,1.0,0.0,0.0,1.0,0.0,0.0,1.0,0.0,1.0,0.0,0.0,0.0,2.0,1.0,0.0,0.0,0.0,2.0,0.0,0.0,0.0,0.0,0.0,2.0,0.0,1.0,0.0,0.0,0.0,0.0,2.0,2.0,1.0,0.0,1.0,0.0,1.0,0.0,1.0,1.0,1.0,0.0,0.0,0.0,0.0,1.0,0.0,1.0,1.0,0.0,0.0,1.0,1.0,1.0,3.0,0.0,1.0,0.0,0.0,1.0,0.0,0.0,0.0,0.0,0.0,1.0,1.0,2.0,0.0,1.0,2.0,0.0,0.0,0.0,1.0,0.0,0.0,2.0,0.0,0.0,0.0,2.0,0.0,0.0,0.0,2.0,1.0,0.0,0.0,0.0,0.0,1.0,1.0,1.0,0.0,0.0,0.0,0.0,0.0,0.0,0.0,0.0,0.0,0.0,0.0,1.0,0.0,0.0,2.0,0.0,0.0,0.0,0.0,0.0,1.0,0.0,0.0,0.0,0.0,0.0,2.0,1.0,0.0,0.0,1.0,0.0,0.0,0.0,0.0,0.0,0.0,0.0,0.0,0.0,2.0,2.0,0.0,0.0,0.0,0.0,1.0,0.0,0.0,0.0,1.0,0.0,1.0,0.0,0.0,0.0,0.0,0.0,0.0,0.0,0.0,0.0,0.0,0.0,2.0,0.0,0.0,1.0
14.0,0.0,0.0,0.0,0.0,0.0,0.0,0.0,0.0,0.0,0.0,0.0,0.0,0.0,0.0,0.0,0.0,1.0,0.0,0.0,0.0,0.0,0.0,1.0,0.0,0.0,1.0,0.0,0.0,2.0,0.0,0.0,0.0,0.0,1.0,0.0,1.0,0.0,1.0,0.0,0.0,1.0,0.0,1.0,0.0,1.0,0.0,1.0,0.0,0.0,2.0,0.0,1.0,1.0,0.0,0.0,1.0,0.0,0.0,0.0,0.0,0.0,0.0,0.0,0.0,0.0,0.0,0.0,1.0,0.0,1.0,0.0,0.0,0.0,0.0,1.0,0.0,1.0,0.0,0.0,1.0,0.0,0.0,0.0,0.0,1.0,0.0,1.0,1.0,0.0,2.0,3.0,0.0,1.0,1.0,0.0,0.0,0.0,0.0,0.0,1.0,0.0,1.0,0.0,0.0,0.0,1.0,1.0,0.0,0.0,0.0,1.0,0.0,0.0,0.0,1.0,2.0,0.0,2.0,0.0,0.0,2.0,0.0,2.0,1.0,0.0,0.0,0.0,0.0,0.0,0.0,1.0,0.0,0.0,0.0,0.0,0.0,1.0,1.0,0.0,0.0,1.0,0.0,0.0,1.0,0.0,1.0,0.0,0.0,0.0,0.0,0.0,0.0,0.0,1.0,0.0,0.0,0.0,0.0,0.0,0.0,0.0,1.0,0.0,0.0,1.0,0.0,0.0,1.0,0.0,0.0,0.0,0.0,0.0,0.0,0.0,0.0,0.0,1.0,0.0,1.0,0.0,0.0,1.0,0.0,0.0,0.0,1.0,0.0,0.0,0.0,0.0,0.0,2.0,0.0,0.0,0.0,0.0,0.0,1.0
14.100000000000001,2.0,0.0,1.0,0.0,0.0,1.0,0.0,0.0,0.0,0.0,2.0,0.0,0.0,0.0,0.0,0.0,0.0,0.0,0.0,0.0,1.0,0.0,1.0,0.0,0.0,0.0,0.0,0.0,0.0,0.0,0.0,0.0,0.0,1.0,0.0,0.0,2.0,0.0,1.0,0.0,2.0,0.0,1.0,0.0,0.0,0.0,1.0,0.0,0.0,1.0,0.0,0.0,1.0,0.0,3.0,2.0,0.0,0.0,0.0,0.0,0.0,0.0,3.0,2.0,0.0,0.0,0.0,0.0,1.0,0.0,0.0,0.0,2.0,0.0,0.0,0.0,0.0,1.0,0.0,0.0,0.0,1.0,1.0,1.0,0.0,0.0,0.0,0.0,1.0,0.0,1.0,0.0,0.0,0.0,1.0,2.0,0.0,0.0,0.0,0.0,0.0,0.0,0.0,1.0,1.0,0.0,0.0,1.0,0.0,0.0,0.0,1.0,1.0,0.0,0.0,0.0,1.0,0.0,2.0,0.0,1.0,0.0,1.0,2.0,0.0,2.0,0.0,0.0,0.0,0.0,1.0,0.0,0.0,0.0,0.0,0.0,0.0,0.0,1.0,0.0,0.0,0.0,0.0,0.0,0.0,0.0,1.0,1.0,0.0,0.0,0.0,0.0,1.0,4.0,1.0,3.0,0.0,0.0,0.0,1.0,0.0,0.0,1.0,0.0,0.0,0.0,1.0,0.0,0.0,0.0,0.0,1.0,0.0,0.0,1.0,1.0,0.0,0.0,1.0,0.0,0.0,0.0,0.0,0.0,1.0,0.0,0.0,2.0,0.0,0.0,0.0,0.0,0.0,0.0,2.0,0.0,0.0,1.0,0.0
14.200000000000001,0.0,0.0,1.0,0.0,0.0,1.0,0.0,0.0,0.0,0.0,0.0,0.0,0.0,0.0,0.0,0.0,0.0,0.0,0.0,0.0,0.0,1.0,0.0,1.0,0.0,1.0,1.0,0.0,0.0,0.0,0.0,0.0,2.0,0.0,1.0,0.0,0.0,0.0,1.0,1.0,3.0,0.0,0.0,0.0,0.0,2.0,1.0,0.0,0.0,0.0,0.0,0.0,0.0,1.0,2.0,0.0,1.0,0.0,0.0,0.0,1.0,0.0,2.0,0.0,0.0,0.0,0.0,0.0,0.0,1.0,0.0,0.0,2.0,0.0,0.0,0.0,0.0,0.0,0.0,1.0,0.0,0.0,0.0,0.0,0.0,0.0,1.0,0.0,1.0,1.0,1.0,4.0,0.0,0.0,0.0,1.0,0.0,0.0,3.0,0.0,1.0,1.0,2.0,2.0,0.0,0.0,0.0,2.0,0.0,0.0,0.0,0.0,2.0,1.0,1.0,0.0,0.0,0.0,2.0,0.0,1.0,0.0,0.0,0.0,0.0,0.0,1.0,0.0,2.0,2.0,0.0,0.0,0.0,0.0,3.0,0.0,0.0,1.0,1.0,0.0,0.0,0.0,0.0,0.0,1.0,0.0,0.0,0.0,2.0,0.0,0.0,1.0,0.0,0.0,2.0,0.0,0.0,0.0,0.0,1.0,0.0,0.0,0.0,0.0,1.0,0.0,0.0,0.0,1.0,1.0,0.0,0.0,0.0,0.0,1.0,0.0,0.0,2.0,1.0,0.0,0.0,0.0,0.0,0.0,0.0,0.0,1.0,1.0,0.0,0.0,0.0,1.0,0.0,0.0,1.0,0.0,0.0,0.0,0.0
14.3,1.0,0.0,0.0,0.0,0.0,0.0,0.0,0.0,0.0,0.0,0.0,0.0,0.0,1.0,0.0,0.0,0.0,1.0,0.0,0.0,0.0,2.0,0.0,0.0,0.0,1.0,0.0,0.0,0.0,0.0,0.0,1.0,0.0,0.0,0.0,2.0,1.0,1.0,0.0,0.0,0.0,1.0,2.0,0.0,0.0,1.0,0.0,2.0,0.0,1.0,0.0,0.0,1.0,0.0,0.0,0.0,0.0,0.0,0.0,0.0,1.0,0.0,0.0,1.0,0.0,1.0,1.0,0.0,0.0,0.0,3.0,0.0,2.0,0.0,1.0,1.0,0.0,1.0,0.0,1.0,0.0,0.0,1.0,0.0,0.0,1.0,2.0,0.0,2.0,2.0,0.0,0.0,0.0,2.0,0.0,0.0,0.0,0.0,0.0,2.0,0.0,0.0,0.0,0.0,0.0,0.0,2.0,2.0,0.0,1.0,0.0,0.0,0.0,0.0,2.0,0.0,1.0,2.0,0.0,1.0,1.0,1.0,1.0,0.0,0.0,0.0,0.0,1.0,1.0,0.0,0.0,0.0,0.0,0.0,0.0,1.0,1.0,0.0,0.0,0.0,1.0,0.0,0.0,0.0,1.0,0.0,2.0,0.0,0.0,0.0,0.0,1.0,0.0,0.0,1.0,0.0,0.0,0.0,0.0,1.0,2.0,0.0,1.0,1.0,0.0,0.0,1.0,1.0,0.0,2.0,0.0,0.0,0.0,1.0,0.0,0.0,0.0,0.0,0.0,0.0,0.0,1.0,0.0,0.0,0.0,0.0,1.0,0.0,0.0,0.0,0.0,0.0,0.0,0.0,1.0,0.0,1.0,0.0,0.0
14.4,2.0,0.0,0.0,0.0,0.0,1.0,0.0,0.0,0.0,0.0,0.0,0.0,0.0,0.0,0.0,1.0,0.0,1.0,0.0,0.0,0.0,1.0,0.0,0.0,0.0,0.0,0.0,0.0,0.0,0.0,0.0,0.0,0.0,2.0,0.0,0.0,0.0,0.0,0.0,1.0,0.0,0.0,0.0,0.0,0.0,0.0,2.0,1.0,0.0,0.0,1.0,0.0,0.0,0.0,0.0,0.0,1.0,0.0,0.0,1.0,1.0,1.0,1.0,0.0,0.0,0.0,1.0,0.0,0.0,1.0,1.0,0.0,1.0,0.0,0.0,1.0,0.0,0.0,0.0,1.0,0.0,0.0,1.0,2.0,1.0,0.0,1.0,0.0,2.0,0.0,0.0,1.0,1.0,2.0,2.0,1.0,1.0,1.0,0.0,0.0,0.0,1.0,1.0,2.0,1.0,1.0,1.0,0.0,1.0,0.0,0.0,0.0,1.0,1.0,0.0,0.0,2.0,0.0,0.0,1.0,0.0,2.0,0.0,0.0,0.0,0.0,0.0,0.0,0.0,0.0,0.0,1.0,0.0,0.0,1.0,0.0,0.0,1.0,0.0,0.0,0.0,0.0,0.0,0.0,0.0,1.0,2.0,0.0,1.0,0.0,0.0,0.0,1.0,1.0,0.0,0.0,0.0,0.0,0.0,0.0,0.0,0.0,0.0,1.0,0.0,0.0,0.0,0.0,0.0,0.0,0.0,1.0,0.0,0.0,0.0,0.0,0.0,0.0,1.0,0.0,0.0,1.0,0.0,0.0,0.0,0.0,1.0,0.0,0.0,0.0,0.0,0.0,0.0,1.0,0.0,0.0,0.0,0.0,0.0
14.5,0.0,0.0,0.0,0.0,0.0,0.0,0.0,0.0,0.0,0.0,0.0,0.0,0.0,1.0,0.0,0.0,0.0,0.0,0.0,0.0,0.0,0.0,0.0,0.0,0.0,0.0,1.0,0.0,0.0,0.0,0.0,0.0,0.0,0.0,1.0,1.0,0.0,0.0,2.0,1.0,0.0,0.0,1.0,0.0,0.0,0.0,0.0,0.0,0.0,0.0,0.0,0.0,0.0,0.0,1.0,0.0,0.0,2.0,0.0,0.0,1.0,2.0,1.0,0.0,0.0,0.0,0.0,0.0,0.0,0.0,0.0,1.0,1.0,1.0,0.0,0.0,1.0,0.0,1.0,0.0,0.0,0.0,4.0,0.0,3.0,0.0,0.0,0.0,0.0,0.0,2.0,1.0,0.0,0.0,0.0,2.0,0.0,0.0,1.0,1.0,0.0,1.0,0.0,1.0,0.0,0.0,0.0,0.0,0.0,0.0,0.0,1.0,0.0,1.0,2.0,1.0,1.0,0.0,0.0,0.0,0.0,0.0,0.0,0.0,0.0,1.0,0.0,0.0,0.0,2.0,0.0,0.0,0.0,1.0,0.0,0.0,1.0,0.0,0.0,0.0,0.0,0.0,0.0,0.0,1.0,1.0,0.0,0.0,0.0,0.0,1.0,0.0,0.0,1.0,0.0,0.0,0.0,0.0,0.0,0.0,0.0,0.0,0.0,1.0,1.0,0.0,0.0,0.0,0.0,2.0,1.0,0.0,0.0,0.0,0.0,1.0,0.0,0.0,0.0,0.0,0.0,1.0,0.0,0.0,0.0,1.0,0.0,0.0,0.0,0.0,0.0,1.0,0.0,1.0,0.0,1.0,0.0,0.0,0.0
14.600000000000001,0.0,0.0,0.0,0.0,0.0,0.0,0.0,0.0,0.0,0.0,0.0,0.0,0.0,0.0,0.0,0.0,0.0,1.0,0.0,0.0,0.0,0.0,0.0,0.0,1.0,1.0,0.0,0.0,0.0,0.0,0.0,0.0,1.0,0.0,1.0,0.0,0.0,0.0,0.0,0.0,3.0,0.0,0.0,1.0,0.0,0.0,1.0,0.0,1.0,0.0,0.0,0.0,0.0,0.0,0.0,0.0,1.0,0.0,0.0,0.0,0.0,1.0,1.0,0.0,1.0,0.0,0.0,1.0,1.0,1.0,1.0,0.0,1.0,0.0,0.0,1.0,0.0,1.0,0.0,0.0,1.0,0.0,3.0,0.0,0.0,0.0,0.0,0.0,0.0,0.0,0.0,0.0,1.0,1.0,2.0,1.0,1.0,0.0,0.0,1.0,0.0,0.0,1.0,0.0,0.0,1.0,1.0,0.0,0.0,3.0,0.0,0.0,0.0,2.0,1.0,1.0,0.0,1.0,0.0,1.0,0.0,2.0,0.0,0.0,0.0,1.0,0.0,1.0,1.0,1.0,1.0,0.0,0.0,1.0,0.0,1.0,0.0,0.0,0.0,0.0,3.0,0.0,1.0,0.0,1.0,0.0,1.0,0.0,0.0,1.0,0.0,1.0,0.0,0.0,1.0,0.0,1.0,2.0,1.0,2.0,0.0,1.0,2.0,1.0,0.0,1.0,1.0,0.0,0.0,0.0,0.0,1.0,0.0,0.0,0.0,0.0,0.0,0.0,0.0,0.0,0.0,0.0,0.0,0.0,0.0,1.0,0.0,0.0,0.0,0.0,0.0,1.0,0.0,0.0,1.0,0.0,0.0,0.0,1.0
14.700000000000001,1.0,0.0,0.0,0.0,0.0,0.0,0.0,0.0,0.0,0.0,1.0,0.0,0.0,0.0,1.0,0.0,0.0,0.0,0.0,1.0,0.0,0.0,1.0,0.0,0.0,0.0,0.0,0.0,0.0,0.0,0.0,0.0,1.0,0.0,0.0,0.0,0.0,0.0,0.0,0.0,0.0,0.0,0.0,1.0,0.0,0.0,1.0,0.0,0.0,0.0,0.0,0.0,0.0,0.0,0.0,0.0,0.0,1.0,0.0,0.0,1.0,2.0,0.0,1.0,1.0,0.0,0.0,1.0,1.0,0.0,0.0,1.0,1.0,0.0,0.0,0.0,2.0,4.0,0.0,0.0,0.0,0.0,0.0,0.0,2.0,0.0,1.0,1.0,0.0,1.0,0.0,0.0,1.0,0.0,0.0,1.0,0.0,0.0,1.0,3.0,1.0,0.0,0.0,2.0,0.0,2.0,0.0,0.0,0.0,1.0,0.0,1.0,0.0,1.0,0.0,1.0,0.0,0.0,0.0,1.0,1.0,0.0,0.0,0.0,0.0,1.0,0.0,0.0,0.0,1.0,0.0,0.0,1.0,0.0,0.0,0.0,0.0,0.0,0.0,0.0,0.0,0.0,0.0,0.0,0.0,0.0,0.0,0.0,0.0,0.0,0.0,0.0,1.0,0.0,0.0,0.0,0.0,1.0,0.0,1.0,0.0,1.0,0.0,0.0,0.0,1.0,0.0,0.0,0.0,1.0,0.0,1.0,0.0,0.0,0.0,1.0,1.0,0.0,0.0,0.0,0.0,0.0,0.0,0.0,0.0,0.0,0.0,0.0,0.0,0.0,0.0,0.0,0.0,1.0,0.0,0.0,0.0,0.0,1.0
14.8,0.0,0.0,0.0,0.0,0.0,0.0,0.0,0.0,0.0,0.0,1.0,0.0,0.0,0.0,0.0,0.0,0.0,0.0,0.0,0.0,0.0,0.0,1.0,0.0,0.0,0.0,1.0,2.0,0.0,0.0,0.0,0.0,0.0,0.0,0.0,0.0,0.0,0.0,0.0,1.0,0.0,0.0,2.0,1.0,0.0,1.0,1.0,0.0,0.0,0.0,1.0,0.0,0.0,2.0,2.0,1.0,0.0,0.0,0.0,0.0,1.0,2.0,0.0,0.0,0.0,0.0,0.0,0.0,1.0,0.0,0.0,1.0,4.0,0.0,0.0,0.0,1.0,3.0,0.0,1.0,0.0,0.0,0.0,0.0,0.0,0.0,2.0,0.0,1.0,0.0,0.0,0.0,0.0,0.0,1.0,1.0,1.0,1.0,4.0,0.0,0.0,1.0,1.0,2.0,0.0,0.0,0.0,0.0,1.0,1.0,0.0,0.0,1.0,0.0,0.0,0.0,0.0,0.0,0.0,0.0,0.0,0.0,0.0,0.0,0.0,1.0,0.0,0.0,1.0,1.0,0.0,1.0,0.0,1.0,0.0,1.0,2.0,0.0,1.0,0.0,0.0,0.0,0.0,1.0,0.0,0.0,0.0,0.0,0.0,0.0,0.0,0.0,1.0,1.0,0.0,0.0,1.0,0.0,1.0,0.0,1.0,1.0,0.0,0.0,0.0,1.0,0.0,0.0,0.0,0.0,1.0,1.0,0.0,0.0,1.0,1.0,0.0,0.0,0.0,0.0,1.0,0.0,0.0,0.0,0.0,0.0,1.0,1.0,0.0,0.0,0.0,0.0,0.0,0.0,0.0,1.0,1.0,0.0,0.0
14.9,5.0,0.0,0.0,0.0,0.0,0.0,0.0,0.0,0.0,0.0,0.0,0.0,0.0,0.0,0.0,0.0,0.0,2.0,2.0,1.0,1.0,0.0,0.0,0.0,0.0,0.0,0.0,2.0,0.0,0.0,0.0,0.0,0.0,0.0,0.0,0.0,0.0,0.0,1.0,0.0,0.0,0.0,0.0,0.0,0.0,0.0,0.0,1.0,0.0,0.0,0.0,1.0,1.0,0.0,0.0,0.0,0.0,0.0,0.0,0.0,1.0,0.0,0.0,2.0,0.0,0.0,2.0,0.0,0.0,0.0,0.0,0.0,0.0,0.0,0.0,1.0,0.0,0.0,0.0,0.0,0.0,0.0,0.0,0.0,0.0,0.0,0.0,0.0,0.0,0.0,1.0,1.0,3.0,1.0,0.0,1.0,1.0,0.0,0.0,0.0,0.0,0.0,0.0,0.0,0.0,1.0,0.0,1.0,2.0,0.0,0.0,1.0,0.0,1.0,1.0,0.0,1.0,0.0,0.0,0.0,0.0,0.0,0.0,0.0,0.0,0.0,1.0,1.0,0.0,0.0,1.0,1.0,0.0,0.0,0.0,2.0,0.0,0.0,0.0,1.0,1.0,0.0,0.0,1.0,0.0,0.0,2.0,0.0,0.0,0.0,1.0,1.0,0.0,0.0,0.0,0.0,1.0,1.0,0.0,0.0,0.0,0.0,0.0,0.0,1.0,0.0,0.0,0.0,2.0,0.0,0.0,1.0,1.0,0.0,0.0,0.0,0.0,1.0,0.0,0.0,0.0,0.0,0.0,0.0,0.0,0.0,2.0,1.0,0.0,0.0,0.0,0.0,1.0,0.0,0.0,0.0,0.0,0.0,0.0
15.0,2.0,0.0,0.0,0.0,0.0,0.0,0.0,0.0,0.0,0.0,0.0,0.0,0.0,0.0,0.0,0.0,0.0,0.0,0.0,0.0,0.0,0.0,0.0,0.0,0.0,0.0,0.0,0.0,0.0,1.0,0.0,0.0,0.0,1.0,1.0,0.0,1.0,0.0,4.0,0.0,0.0,0.0,1.0,0.0,0.0,0.0,0.0,0.0,1.0,0.0,1.0,1.0,0.0,0.0,0.0,1.0,0.0,0.0,0.0,0.0,0.0,0.0,1.0,0.0,1.0,1.0,0.0,0.0,0.0,1.0,0.0,0.0,2.0,1.0,0.0,1.0,0.0,0.0,0.0,0.0,0.0,0.0,1.0,0.0,0.0,1.0,0.0,1.0,0.0,2.0,1.0,0.0,0.0,0.0,0.0,0.0,0.0,0.0,1.0,0.0,0.0,1.0,0.0,0.0,0.0,0.0,1.0,1.0,0.0,1.0,1.0,0.0,0.0,0.0,0.0,0.0,0.0,2.0,0.0,0.0,0.0,0.0,0.0,0.0,1.0,0.0,2.0,1.0,0.0,0.0,0.0,0.0,1.0,1.0,1.0,0.0,0.0,0.0,0.0,0.0,0.0,0.0,0.0,0.0,1.0,0.0,0.0,1.0,2.0,0.0,0.0,0.0,0.0,0.0,0.0,0.0,0.0,1.0,0.0,0.0,0.0,0.0,0.0,0.0,0.0,0.0,0.0,0.0,0.0,0.0,0.0,0.0,0.0,2.0,0.0,0.0,0.0,0.0,0.0,1.0,0.0,0.0,0.0,0.0,0.0,0.0,0.0,0.0,1.0,0.0,0.0,1.0,0.0,0.0,0.0,1.0,0.0,0.0,0.0
15.100000000000001,0.0,0.0,0.0,0.0,0.0,0.0,0.0,0.0,0.0,0.0,0.0,0.0,0.0,0.0,0.0,0.0,0.0,0.0,0.0,1.0,0.0,0.0,0.0,0.0,0.0,0.0,0.0,0.0,0.0,0.0,0.0,0.0,0.0,0.0,0.0,0.0,0.0,0.0,0.0,0.0,0.0,1.0,1.0,0.0,0.0,0.0,0.0,1.0,0.0,0.0,1.0,0.0,0.0,0.0,0.0,1.0,0.0,3.0,0.0,0.0,0.0,0.0,0.0,0.0,0.0,0.0,1.0,0.0,0.0,0.0,0.0,0.0,1.0,1.0,0.0,1.0,0.0,0.0,0.0,0.0,0.0,1.0,0.0,1.0,0.0,0.0,1.0,0.0,0.0,2.0,0.0,2.0,0.0,0.0,0.0,0.0,1.0,0.0,1.0,1.0,0.0,0.0,0.0,0.0,0.0,0.0,0.0,1.0,0.0,1.0,0.0,0.0,0.0,0.0,0.0,1.0,0.0,0.0,0.0,0.0,0.0,0.0,0.0,0.0,0.0,0.0,0.0,0.0,0.0,0.0,0.0,0.0,0.0,1.0,0.0,0.0,1.0,0.0,0.0,1.0,1.0,1.0,0.0,0.0,0.0,0.0,0.0,0.0,0.0,2.0,0.0,1.0,1.0,0.0,0.0,0.0,0.0,0.0,0.0,0.0,0.0,0.0,0.0,0.0,0.0,0.0,0.0,0.0,0.0,0.0,0.0,0.0,0.0,0.0,0.0,0.0,2.0,0.0,0.0,1.0,0.0,0.0,0.0,0.0,0.0,1.0,0.0,0.0,0.0,0.0,0.0,2.0,0.0,0.0,0.0,0.0,0.0,0.0,0.0
15.200000000000001,0.0,0.0,0.0,0.0,0.0,0.0,0.0,0.0,0.0,0.0,0.0,0.0,0.0,0.0,0.0,1.0,0.0,0.0,0.0,0.0,0.0,0.0,0.0,0.0,0.0,0.0,1.0,0.0,0.0,0.0,0.0,0.0,0.0,0.0,0.0,0.0,0.0,0.0,0.0,0.0,0.0,0.0,1.0,0.0,1.0,0.0,0.0,0.0,0.0,1.0,0.0,1.0,0.0,0.0,0.0,0.0,0.0,0.0,0.0,0.0,0.0,0.0,0.0,1.0,0.0,0.0,0.0,0.0,0.0,0.0,0.0,0.0,0.0,1.0,2.0,0.0,0.0,0.0,0.0,0.0,0.0,0.0,0.0,0.0,2.0,0.0,1.0,0.0,0.0,1.0,0.0,0.0,0.0,0.0,1.0,0.0,1.0,0.0,0.0,0.0,0.0,1.0,1.0,1.0,0.0,0.0,1.0,1.0,0.0,1.0,0.0,0.0,0.0,0.0,0.0,1.0,0.0,0.0,0.0,0.0,0.0,0.0,1.0,0.0,0.0,0.0,1.0,0.0,2.0,0.0,1.0,1.0,3.0,0.0,0.0,1.0,0.0,0.0,0.0,1.0,0.0,0.0,0.0,0.0,1.0,0.0,0.0,1.0,0.0,0.0,0.0,0.0,1.0,0.0,0.0,0.0,0.0,0.0,0.0,0.0,0.0,0.0,0.0,0.0,0.0,0.0,0.0,0.0,0.0,0.0,0.0,0.0,0.0,0.0,0.0,0.0,0.0,1.0,0.0,0.0,0.0,1.0,0.0,0.0,0.0,0.0,0.0,1.0,0.0,0.0,1.0,0.0,0.0,0.0,0.0,0.0,0.0,0.0,0.0
15.3,2.0,0.0,0.0,0.0,0.0,0.0,0.0,0.0,0.0,0.0,0.0,0.0,0.0,0.0,0.0,0.0,0.0,1.0,0.0,0.0,1.0,0.0,0.0,0.0,0.0,0.0,0.0,0.0,1.0,0.0,0.0,0.0,0.0,0.0,0.0,0.0,0.0,0.0,0.0,0.0,0.0,0.0,0.0,0.0,0.0,0.0,0.0,0.0,0.0,0.0,1.0,1.0,0.0,0.0,0.0,0.0,1.0,2.0,0.0,1.0,0.0,0.0,0.0,1.0,0.0,0.0,0.0,0.0,0.0,1.0,0.0,0.0,0.0,0.0,0.0,0.0,0.0,0.0,0.0,1.0,1.0,0.0,0.0,1.0,1.0,0.0,0.0,2.0,1.0,0.0,0.0,1.0,0.0,0.0,1.0,0.0,1.0,0.0,0.0,0.0,0.0,0.0,3.0,1.0,0.0,0.0,0.0,0.0,0.0,0.0,0.0,0.0,1.0,0.0,0.0,0.0,0.0,0.0,0.0,0.0,0.0,0.0,0.0,0.0,0.0,0.0,0.0,0.0,0.0,2.0,0.0,1.0,1.0,1.0,0.0,0.0,0.0,3.0,0.0,0.0,0.0,0.0,1.0,0.0,1.0,0.0,0.0,1.0,0.0,0.0,1.0,0.0,0.0,1.0,0.0,0.0,0.0,0.0,0.0,1.0,0.0,0.0,0.0,0.0,0.0,0.0,0.0,0.0,0.0,0.0,0.0,0.0,1.0,0.0,0.0,0.0,0.0,0.0,0.0,0.0,1.0,0.0,0.0,0.0,0.0,0.0,1.0,2.0,0.0,1.0,0.0,0.0,0.0,0.0,0.0,0.0,0.0,0.0,0.0
15.4,1.0,0.0,0.0,0.0,0.0,0.0,0.0,0.0,0.0,0.0,0.0,0.0,0.0,0.0,0.0,0.0,0.0,0.0,0.0,0.0,0.0,0.0,0.0,0.0,0.0,0.0,0.0,1.0,0.0,0.0,0.0,0.0,0.0,0.0,0.0,0.0,2.0,0.0,1.0,0.0,0.0,0.0,0.0,0.0,1.0,1.0,0.0,0.0,0.0,0.0,0.0,0.0,0.0,0.0,0.0,0.0,0.0,2.0,0.0,0.0,0.0,0.0,0.0,1.0,0.0,0.0,0.0,0.0,0.0,0.0,1.0,0.0,0.0,0.0,1.0,1.0,0.0,0.0,2.0,0.0,0.0,0.0,0.0,0.0,0.0,2.0,1.0,0.0,0.0,0.0,0.0,0.0,0.0,1.0,2.0,1.0,0.0,0.0,1.0,1.0,0.0,0.0,0.0,0.0,0.0,1.0,0.0,0.0,0.0,0.0,2.0,1.0,1.0,0.0,0.0,0.0,1.0,0.0,0.0,0.0,1.0,0.0,0.0,0.0,0.0,0.0,0.0,0.0,0.0,0.0,0.0,0.0,0.0,0.0,0.0,0.0,0.0,0.0,0.0,0.0,1.0,1.0,0.0,0.0,0.0,1.0,0.0,0.0,0.0,1.0,0.0,0.0,0.0,1.0,0.0,0.0,0.0,0.0,0.0,0.0,0.0,0.0,0.0,0.0,2.0,1.0,0.0,0.0,1.0,0.0,1.0,0.0,0.0,0.0,0.0,0.0,0.0,0.0,2.0,0.0,0.0,0.0,1.0,0.0,1.0,1.0,0.0,0.0,0.0,0.0,0.0,0.0,0.0,0.0,0.0,0.0,3.0,0.0,0.0
15.5,1.0,1.0,0.0,0.0,0.0,0.0,0.0,0.0,0.0,0.0,0.0,0.0,0.0,0.0,0.0,1.0,0.0,0.0,1.0,0.0,0.0,0.0,0.0,0.0,0.0,0.0,0.0,0.0,0.0,0.0,0.0,0.0,0.0,0.0,0.0,0.0,0.0,0.0,1.0,0.0,0.0,0.0,0.0,0.0,0.0,0.0,0.0,0.0,0.0,0.0,0.0,1.0,0.0,1.0,1.0,0.0,0.0,1.0,0.0,0.0,0.0,0.0,1.0,0.0,0.0,0.0,1.0,1.0,0.0,0.0,1.0,0.0,0.0,0.0,0.0,0.0,0.0,0.0,0.0,1.0,1.0,0.0,0.0,1.0,1.0,0.0,0.0,0.0,1.0,0.0,1.0,2.0,0.0,0.0,0.0,1.0,0.0,0.0,0.0,1.0,2.0,1.0,1.0,0.0,1.0,1.0,0.0,0.0,0.0,0.0,0.0,0.0,0.0,1.0,1.0,0.0,0.0,0.0,0.0,1.0,2.0,1.0,0.0,1.0,1.0,0.0,1.0,0.0,0.0,0.0,0.0,0.0,1.0,2.0,0.0,1.0,0.0,0.0,1.0,0.0,0.0,0.0,0.0,2.0,0.0,0.0,0.0,0.0,0.0,0.0,0.0,0.0,0.0,1.0,1.0,1.0,2.0,0.0,0.0,0.0,0.0,0.0,0.0,0.0,0.0,0.0,1.0,1.0,1.0,0.0,0.0,1.0,0.0,0.0,1.0,0.0,1.0,0.0,0.0,0.0,1.0,0.0,0.0,0.0,1.0,0.0,0.0,0.0,0.0,0.0,0.0,0.0,0.0,0.0,0.0,0.0,0.0,0.0,0.0
15.600000000000001,2.0,0.0,0.0,0.0,0.0,0.0,0.0,0.0,0.0,0.0,0.0,0.0,0.0,0.0,1.0,0.0,0.0,0.0,0.0,0.0,0.0,0.0,0.0,0.0,0.0,1.0,0.0,0.0,0.0,0.0,0.0,0.0,0.0,0.0,0.0,0.0,0.0,0.0,0.0,0.0,0.0,0.0,0.0,0.0,0.0,1.0,0.0,1.0,0.0,0.0,1.0,0.0,0.0,0.0,0.0,1.0,0.0,1.0,0.0,0.0,0.0,0.0,0.0,0.0,0.0,0.0,0.0,0.0,1.0,0.0,0.0,2.0,1.0,0.0,2.0,0.0,0.0,0.0,1.0,0.0,0.0,0.0,0.0,0.0,0.0,1.0,0.0,1.0,0.0,1.0,0.0,2.0,0.0,0.0,0.0,0.0,0.0,0.0,1.0,0.0,1.0,0.0,0.0,1.0,0.0,0.0,0.0,0.0,0.0,0.0,1.0,1.0,1.0,1.0,0.0,0.0,0.0,0.0,0.0,1.0,1.0,0.0,0.0,1.0,0.0,0.0,0.0,0.0,0.0,0.0,0.0,0.0,1.0,0.0,0.0,0.0,0.0,0.0,1.0,1.0,0.0,0.0,0.0,0.0,1.0,0.0,0.0,0.0,0.0,0.0,0.0,0.0,0.0,0.0,0.0,0.0,0.0,0.0,0.0,0.0,0.0,0.0,0.0,0.0,1.0,0.0,0.0,0.0,0.0,0.0,0.0,0.0,0.0,0.0,1.0,0.0,0.0,1.0,0.0,0.0,0.0,0.0,0.0,0.0,0.0,0.0,0.0,0.0,0.0,0.0,0.0,0.0,0.0,0.0,0.0,0.0,0.0,0.0,0.0
15.700000000000001,3.0,0.0,0.0,0.0,0.0,0.0,0.0,0.0,0.0,0.0,0.0,0.0,0.0,0.0,0.0,0.0,0.0,0.0,0.0,1.0,0.0,0.0,0.0,0.0,0.0,0.0,0.0,1.0,1.0,0.0,1.0,0.0,0.0,0.0,0.0,0.0,0.0,0.0,0.0,1.0,0.0,0.0,0.0,0.0,0.0,0.0,0.0,0.0,2.0,0.0,1.0,1.0,0.0,0.0,0.0,0.0,0.0,1.0,0.0,0.0,0.0,1.0,0.0,0.0,1.0,0.0,0.0,0.0,0.0,0.0,0.0,1.0,0.0,0.0,1.0,1.0,0.0,0.0,1.0,0.0,0.0,0.0,0.0,0.0,0.0,1.0,0.0,0.0,0.0,0.0,0.0,2.0,0.0,0.0,0.0,0.0,1.0,0.0,0.0,0.0,0.0,0.0,1.0,1.0,0.0,0.0,1.0,0.0,0.0,0.0,0.0,0.0,0.0,0.0,2.0,0.0,0.0,0.0,0.0,1.0,0.0,0.0,0.0,0.0,1.0,0.0,0.0,1.0,0.0,0.0,0.0,1.0,0.0,0.0,0.0,0.0,0.0,0.0,0.0,1.0,0.0,0.0,0.0,0.0,1.0,0.0,0.0,0.0,0.0,1.0,0.0,0.0,0.0,0.0,0.0,0.0,1.0,0.0,0.0,0.0,0.0,0.0,0.0,0.0,3.0,0.0,1.0,0.0,0.0,0.0,0.0,0.0,0.0,1.0,0.0,1.0,0.0,0.0,0.0,0.0,0.0,1.0,1.0,1.0,0.0,0.0,0.0,0.0,0.0,0.0,0.0,0.0,0.0,0.0,0.0,0.0,1.0,0.0,0.0
15.8,0.0,0.0,0.0,0.0,0.0,0.0,0.0,0.0,0.0,0.0,0.0,0.0,0.0,0.0,0.0,0.0,0.0,0.0,0.0,0.0,0.0,0.0,0.0,0.0,0.0,0.0,1.0,0.0,0.0,0.0,0.0,0.0,0.0,0.0,0.0,0.0,2.0,1.0,1.0,0.0,0.0,1.0,1.0,0.0,0.0,0.0,2.0,0.0,1.0,0.0,1.0,0.0,0.0,0.0,0.0,1.0,0.0,0.0,0.0,0.0,0.0,0.0,0.0,0.0,1.0,0.0,0.0,0.0,1.0,0.0,0.0,1.0,0.0,0.0,0.0,1.0,0.0,1.0,1.0,0.0,0.0,0.0,0.0,1.0,2.0,1.0,0.0,1.0,0.0,0.0,0.0,3.0,0.0,1.0,0.0,0.0,0.0,0.0,0.0,0.0,0.0,0.0,2.0,0.0,0.0,0.0,0.0,0.0,1.0,0.0,1.0,0.0,1.0,0.0,0.0,1.0,1.0,0.0,1.0,0.0,0.0,0.0,1.0,0.0,1.0,0.0,0.0,0.0,0.0,1.0,1.0,0.0,0.0,0.0,0.0,1.0,2.0,0.0,0.0,1.0,0.0,0.0,0.0,1.0,0.0,0.0,1.0,0.0,0.0,0.0,0.0,0.0,0.0,1.0,0.0,0.0,0.0,0.0,0.0,0.0,0.0,1.0,0.0,0.0,0.0,0.0,1.0,0.0,1.0,1.0,0.0,0.0,0.0,0.0,0.0,0.0,0.0,0.0,0.0,0.0,0.0,0.0,0.0,1.0,0.0,0.0,0.0,0.0,1.0,0.0,0.0,1.0,2.0,0.0,0.0,0.0,0.0,0.0,0.0
15.9,2.0,0.0,0.0,0.0,0.0,0.0,0.0,0.0,0.0,0.0,0.0,0.0,0.0,0.0,0.0,0.0,0.0,0.0,0.0,0.0,0.0,0.0,0.0,0.0,0.0,0.0,0.0,0.0,0.0,0.0,0.0,0.0,0.0,0.0,0.0,1.0,0.0,0.0,0.0,0.0,0.0,0.0,0.0,0.0,0.0,0.0,0.0,0.0,0.0,0.0,0.0,0.0,0.0,0.0,0.0,0.0,1.0,0.0,1.0,0.0,0.0,1.0,2.0,1.0,0.0,0.0,0.0,0.0,0.0,0.0,2.0,0.0,1.0,0.0,0.0,1.0,0.0,0.0,0.0,0.0,1.0,0.0,1.0,0.0,0.0,0.0,0.0,2.0,1.0,0.0,0.0,0.0,1.0,1.0,0.0,0.0,0.0,1.0,0.0,0.0,0.0,0.0,0.0,0.0,0.0,0.0,1.0,0.0,0.0,0.0,0.0,0.0,0.0,0.0,0.0,0.0,0.0,0.0,0.0,1.0,0.0,0.0,0.0,0.0,0.0,2.0,1.0,0.0,1.0,0.0,0.0,1.0,0.0,0.0,1.0,0.0,0.0,0.0,0.0,0.0,0.0,0.0,0.0,0.0,0.0,3.0,0.0,0.0,0.0,0.0,0.0,2.0,0.0,1.0,0.0,0.0,0.0,0.0,0.0,0.0,0.0,0.0,0.0,0.0,0.0,1.0,0.0,0.0,0.0,0.0,0.0,2.0,0.0,0.0,0.0,1.0,0.0,0.0,0.0,0.0,0.0,0.0,0.0,0.0,1.0,0.0,0.0,0.0,2.0,0.0,0.0,0.0,0.0,0.0,0.0,0.0,0.0,0.0,0.0
16.0,4.0,1.0,0.0,0.0,0.0,0.0,0.0,0.0,0.0,0.0,0.0,0.0,0.0,0.0,0.0,0.0,1.0,0.0,0.0,1.0,0.0,0.0,0.0,0.0,0.0,0.0,0.0,0.0,0.0,0.0,0.0,0.0,0.0,0.0,0.0,0.0,0.0,0.0,0.0,0.0,0.0,0.0,0.0,0.0,0.0,0.0,1.0,1.0,1.0,0.0,0.0,0.0,0.0,0.0,1.0,0.0,1.0,1.0,0.0,0.0,0.0,1.0,0.0,0.0,0.0,0.0,0.0,0.0,0.0,0.0,2.0,0.0,1.0,1.0,2.0,1.0,1.0,0.0,0.0,0.0,0.0,1.0,0.0,0.0,0.0,0.0,0.0,1.0,1.0,1.0,0.0,0.0,0.0,0.0,0.0,0.0,0.0,0.0,0.0,0.0,0.0,0.0,0.0,0.0,2.0,1.0,1.0,1.0,0.0,0.0,1.0,0.0,0.0,1.0,1.0,1.0,0.0,0.0,2.0,0.0,2.0,0.0,1.0,1.0,0.0,1.0,0.0,0.0,1.0,0.0,0.0,0.0,0.0,0.0,2.0,0.0,0.0,0.0,0.0,0.0,0.0,0.0,0.0,0.0,0.0,1.0,0.0,0.0,0.0,0.0,1.0,0.0,0.0,0.0,1.0,0.0,0.0,0.0,0.0,0.0,0.0,0.0,0.0,1.0,1.0,0.0,0.0,0.0,0.0,0.0,1.0,0.0,0.0,0.0,0.0,0.0,0.0,0.0,0.0,0.0,0.0,0.0,1.0,0.0,1.0,0.0,0.0,0.0,0.0,0.0,0.0,1.0,0.0,0.0,0.0,0.0,0.0,0.0,0.0
16.1,0.0,0.0,0.0,0.0,0.0,0.0,0.0,0.0,0.0,1.0,0.0,0.0,0.0,0.0,0.0,0.0,0.0,0.0,0.0,0.0,0.0,0.0,0.0,0.0,0.0,0.0,0.0,0.0,0.0,0.0,0.0,0.0,0.0,0.0,0.0,0.0,0.0,1.0,0.0,0.0,0.0,0.0,0.0,0.0,0.0,0.0,1.0,0.0,0.0,0.0,0.0,0.0,0.0,0.0,0.0,0.0,2.0,0.0,0.0,0.0,0.0,0.0,0.0,0.0,0.0,1.0,0.0,1.0,0.0,0.0,0.0,0.0,0.0,1.0,0.0,1.0,0.0,0.0,1.0,0.0,0.0,2.0,1.0,0.0,0.0,0.0,0.0,1.0,2.0,2.0,0.0,0.0,0.0,0.0,0.0,0.0,0.0,0.0,0.0,0.0,0.0,0.0,0.0,0.0,0.0,2.0,0.0,0.0,0.0,0.0,2.0,0.0,1.0,0.0,0.0,1.0,0.0,1.0,0.0,0.0,0.0,0.0,1.0,0.0,2.0,0.0,1.0,0.0,1.0,0.0,0.0,0.0,0.0,1.0,0.0,1.0,0.0,0.0,0.0,0.0,1.0,1.0,0.0,0.0,0.0,0.0,0.0,2.0,0.0,2.0,0.0,2.0,0.0,0.0,0.0,0.0,0.0,0.0,0.0,0.0,1.0,0.0,1.0,0.0,0.0,1.0,0.0,0.0,0.0,1.0,0.0,1.0,0.0,1.0,0.0,0.0,0.0,0.0,0.0,0.0,1.0,0.0,0.0,0.0,0.0,1.0,0.0,0.0,0.0,0.0,0.0,0.0,1.0,0.0,0.0,0.0,0.0,0.0,1.0
16.2,0.0,0.0,0.0,0.0,0.0,0.0,0.0,0.0,0.0,0.0,0.0,0.0,0.0,0.0,0.0,0.0,0.0,0.0,0.0,0.0,0.0,0.0,0.0,0.0,0.0,0.0,0.0,0.0,2.0,0.0,0.0,0.0,0.0,0.0,0.0,0.0,0.0,0.0,0.0,0.0,0.0,0.0,0.0,0.0,0.0,0.0,0.0,0.0,0.0,0.0,0.0,0.0,1.0,0.0,0.0,0.0,0.0,0.0,0.0,0.0,0.0,0.0,0.0,0.0,0.0,0.0,0.0,1.0,0.0,0.0,0.0,0.0,0.0,0.0,0.0,0.0,0.0,0.0,0.0,0.0,0.0,0.0,0.0,0.0,0.0,0.0,1.0,1.0,1.0,0.0,0.0,0.0,0.0,0.0,2.0,0.0,0.0,0.0,1.0,0.0,0.0,0.0,1.0,0.0,0.0,0.0,1.0,0.0,0.0,0.0,0.0,1.0,0.0,0.0,1.0,0.0,0.0,0.0,0.0,0.0,0.0,0.0,0.0,2.0,0.0,1.0,1.0,1.0,0.0,0.0,0.0,0.0,0.0,0.0,0.0,1.0,0.0,0.0,0.0,0.0,0.0,0.0,1.0,0.0,0.0,0.0,1.0,1.0,0.0,3.0,1.0,0.0,0.0,0.0,0.0,1.0,0.0,0.0,0.0,1.0,0.0,0.0,0.0,0.0,0.0,0.0,0.0,1.0,1.0,0.0,0.0,0.0,0.0,0.0,1.0,1.0,0.0,0.0,0.0,0.0,0.0,0.0,0.0,0.0,0.0,0.0,0.0,0.0,0.0,0.0,0.0,0.0,0.0,0.0,0.0,0.0,2.0,0.0,0.0
16.3,0.0,0.0,0.0,0.0,0.0,0.0,0.0,0.0,0.0,0.0,0.0,0.0,0.0,0.0,0.0,0.0,0.0,0.0,0.0,0.0,0.0,0.0,0.0,0.0,0.0,0.0,0.0,0.0,1.0,0.0,0.0,0.0,0.0,1.0,0.0,0.0,0.0,0.0,0.0,0.0,0.0,0.0,0.0,0.0,0.0,0.0,0.0,0.0,0.0,0.0,0.0,0.0,0.0,0.0,0.0,0.0,1.0,0.0,1.0,0.0,0.0,0.0,0.0,0.0,0.0,0.0,0.0,0.0,0.0,0.0,0.0,0.0,0.0,0.0,0.0,0.0,0.0,0.0,1.0,0.0,0.0,0.0,0.0,0.0,0.0,0.0,1.0,2.0,0.0,0.0,0.0,0.0,0.0,0.0,0.0,0.0,0.0,0.0,0.0,0.0,0.0,0.0,2.0,0.0,0.0,0.0,0.0,0.0,0.0,0.0,0.0,0.0,0.0,0.0,0.0,1.0,0.0,0.0,0.0,0.0,0.0,1.0,0.0,0.0,0.0,0.0,2.0,0.0,0.0,1.0,0.0,0.0,0.0,0.0,0.0,0.0,0.0,0.0,1.0,0.0,0.0,0.0,0.0,0.0,0.0,1.0,0.0,0.0,1.0,0.0,1.0,0.0,0.0,1.0,1.0,0.0,0.0,1.0,2.0,1.0,0.0,0.0,1.0,0.0,0.0,0.0,0.0,0.0,1.0,0.0,1.0,0.0,0.0,1.0,1.0,0.0,0.0,0.0,0.0,0.0,0.0,0.0,0.0,0.0,0.0,0.0,0.0,0.0,0.0,0.0,0.0,0.0,0.0,0.0,0.0,0.0,0.0,0.0,1.0
16.400000000000002,2.0,0.0,0.0,0.0,0.0,0.0,0.0,0.0,0.0,0.0,0.0,0.0,0.0,0.0,0.0,0.0,0.0,0.0,0.0,0.0,0.0,0.0,0.0,0.0,0.0,0.0,0.0,0.0,0.0,0.0,0.0,2.0,0.0,0.0,0.0,0.0,0.0,0.0,0.0,0.0,0.0,0.0,0.0,0.0,0.0,0.0,0.0,1.0,0.0,0.0,0.0,0.0,0.0,0.0,1.0,0.0,0.0,0.0,0.0,0.0,0.0,0.0,0.0,0.0,0.0,0.0,0.0,0.0,0.0,0.0,0.0,0.0,0.0,0.0,0.0,0.0,0.0,0.0,2.0,1.0,1.0,0.0,1.0,0.0,0.0,0.0,0.0,1.0,0.0,0.0,1.0,0.0,1.0,1.0,0.0,0.0,0.0,0.0,0.0,0.0,0.0,0.0,0.0,0.0,0.0,0.0,0.0,0.0,0.0,1.0,1.0,0.0,0.0,0.0,0.0,1.0,0.0,0.0,0.0,0.0,0.0,0.0,0.0,2.0,1.0,0.0,0.0,0.0,1.0,0.0,0.0,1.0,1.0,0.0,0.0,0.0,0.0,1.0,1.0,0.0,0.0,0.0,1.0,0.0,0.0,1.0,0.0,0.0,0.0,2.0,1.0,0.0,0.0,0.0,1.0,1.0,0.0,0.0,0.0,1.0,0.0,0.0,0.0,1.0,1.0,0.0,1.0,0.0,0.0,0.0,0.0,0.0,0.0,0.0,0.0,1.0,0.0,0.0,0.0,0.0,0.0,0.0,0.0,0.0,0.0,0.0,0.0,0.0,0.0,0.0,0.0,0.0,0.0,0.0,0.0,0.0,0.0,0.0,0.0
16.5,1.0,0.0,0.0,0.0,0.0,0.0,0.0,0.0,0.0,0.0,0.0,1.0,0.0,0.0,0.0,0.0,0.0,0.0,0.0,0.0,0.0,0.0,0.0,0.0,0.0,0.0,0.0,0.0,0.0,0.0,1.0,0.0,0.0,0.0,0.0,0.0,0.0,0.0,0.0,0.0,0.0,0.0,0.0,0.0,0.0,1.0,0.0,0.0,0.0,0.0,0.0,1.0,0.0,0.0,0.0,0.0,0.0,0.0,1.0,0.0,1.0,0.0,0.0,0.0,0.0,0.0,1.0,0.0,0.0,0.0,0.0,0.0,0.0,0.0,0.0,0.0,0.0,0.0,0.0,1.0,0.0,0.0,0.0,0.0,0.0,0.0,0.0,0.0,0.0,0.0,1.0,0.0,0.0,2.0,1.0,0.0,0.0,2.0,0.0,0.0,0.0,0.0,1.0,0.0,2.0,0.0,1.0,1.0,0.0,0.0,0.0,0.0,0.0,1.0,0.0,2.0,0.0,0.0,0.0,0.0,0.0,0.0,0.0,0.0,0.0,1.0,0.0,3.0,0.0,0.0,0.0,1.0,0.0,0.0,0.0,1.0,0.0,0.0,0.0,0.0,1.0,0.0,0.0,0.0,0.0,0.0,0.0,0.0,2.0,0.0,0.0,0.0,0.0,0.0,0.0,0.0,0.0,0.0,0.0,0.0,0.0,0.0,0.0,0.0,0.0,0.0,0.0,1.0,0.0,0.0,0.0,0.0,1.0,0.0,1.0,0.0,0.0,0.0,1.0,0.0,0.0,0.0,0.0,0.0,0.0,1.0,0.0,0.0,0.0,0.0,0.0,0.0,0.0,0.0,0.0,0.0,0.0,0.0,0.0
16.6,1.0,0.0,0.0,0.0,0.0,0.0,0.0,0.0,0.0,0.0,0.0,0.0,0.0,0.0,0.0,0.0,0.0,0.0,0.0,0.0,0.0,0.0,0.0,0.0,0.0,0.0,0.0,0.0,0.0,0.0,0.0,0.0,0.0,0.0,0.0,0.0,0.0,0.0,0.0,0.0,0.0,0.0,0.0,0.0,0.0,0.0,0.0,0.0,1.0,1.0,1.0,1.0,1.0,0.0,0.0,0.0,0.0,0.0,0.0,0.0,0.0,0.0,0.0,0.0,0.0,1.0,0.0,0.0,0.0,1.0,0.0,0.0,0.0,0.0,0.0,1.0,0.0,0.0,1.0,0.0,0.0,0.0,0.0,1.0,0.0,0.0,0.0,0.0,0.0,0.0,0.0,0.0,1.0,0.0,0.0,0.0,0.0,1.0,1.0,2.0,0.0,0.0,0.0,0.0,0.0,0.0,1.0,0.0,0.0,2.0,0.0,0.0,0.0,0.0,0.0,1.0,0.0,0.0,1.0,1.0,0.0,0.0,0.0,1.0,1.0,0.0,0.0,0.0,0.0,0.0,0.0,0.0,0.0,0.0,0.0,2.0,0.0,0.0,1.0,0.0,0.0,0.0,0.0,2.0,1.0,0.0,0.0,2.0,0.0,0.0,0.0,0.0,0.0,1.0,0.0,0.0,0.0,0.0,1.0,0.0,0.0,1.0,0.0,0.0,0.0,0.0,0.0,0.0,0.0,0.0,0.0,0.0,0.0,0.0,0.0,0.0,0.0,0.0,0.0,0.0,0.0,0.0,0.0,0.0,0.0,0.0,0.0,0.0,0.0,1.0,0.0,0.0,0.0,0.0,0.0,0.0,1.0,0.0,0.0
16.7,2.0,0.0,0.0,0.0,0.0,0.0,0.0,0.0,0.0,0.0,0.0,0.0,0.0,0.0,0.0,0.0,0.0,0.0,0.0,0.0,0.0,0.0,0.0,2.0,0.0,0.0,0.0,0.0,0.0,0.0,1.0,0.0,0.0,0.0,0.0,0.0,0.0,0.0,0.0,0.0,0.0,0.0,0.0,0.0,0.0,0.0,1.0,0.0,0.0,0.0,0.0,1.0,0.0,0.0,0.0,0.0,0.0,2.0,1.0,0.0,1.0,0.0,0.0,0.0,0.0,0.0,0.0,0.0,1.0,1.0,0.0,0.0,0.0,0.0,0.0,0.0,0.0,0.0,1.0,0.0,0.0,0.0,0.0,0.0,0.0,0.0,0.0,0.0,0.0,0.0,0.0,1.0,0.0,0.0,0.0,0.0,1.0,0.0,0.0,1.0,0.0,0.0,0.0,1.0,1.0,0.0,1.0,1.0,0.0,0.0,0.0,0.0,0.0,0.0,0.0,0.0,0.0,0.0,0.0,3.0,0.0,0.0,0.0,1.0,0.0,0.0,0.0,0.0,0.0,0.0,0.0,0.0,0.0,0.0,0.0,1.0,0.0,0.0,1.0,0.0,0.0,1.0,0.0,1.0,0.0,0.0,0.0,1.0,0.0,0.0,1.0,0.0,0.0,0.0,0.0,0.0,0.0,1.0,0.0,1.0,0.0,1.0,0.0,0.0,0.0,0.0,0.0,0.0,2.0,0.0,1.0,0.0,0.0,0.0,0.0,0.0,0.0,0.0,0.0,0.0,0.0,0.0,0.0,0.0,0.0,0.0,0.0,0.0,0.0,1.0,0.0,0.0,1.0,0.0,0.0,1.0,0.0,0.0,0.0
16.8,0.0,0.0,0.0,0.0,0.0,0.0,0.0,0.0,0.0,0.0,0.0,0.0,0.0,0.0,0.0,0.0,0.0,0.0,0.0,0.0,0.0,0.0,0.0,0.0,1.0,0.0,0.0,0.0,0.0,0.0,0.0,1.0,0.0,0.0,0.0,1.0,0.0,0.0,0.0,1.0,0.0,0.0,0.0,0.0,0.0,0.0,0.0,0.0,0.0,0.0,0.0,0.0,1.0,0.0,0.0,0.0,0.0,1.0,0.0,0.0,0.0,0.0,0.0,0.0,1.0,1.0,0.0,0.0,1.0,0.0,0.0,0.0,0.0,0.0,0.0,0.0,0.0,0.0,0.0,0.0,0.0,0.0,0.0,0.0,0.0,0.0,0.0,0.0,1.0,0.0,0.0,0.0,0.0,1.0,0.0,1.0,2.0,0.0,0.0,0.0,0.0,0.0,0.0,0.0,0.0,0.0,0.0,1.0,0.0,0.0,0.0,0.0,0.0,1.0,0.0,0.0,0.0,0.0,0.0,2.0,0.0,0.0,0.0,0.0,0.0,0.0,0.0,0.0,0.0,1.0,1.0,0.0,0.0,0.0,0.0,0.0,0.0,0.0,0.0,0.0,0.0,0.0,0.0,0.0,0.0,0.0,0.0,0.0,0.0,1.0,0.0,0.0,1.0,0.0,0.0,0.0,1.0,0.0,0.0,1.0,0.0,0.0,0.0,0.0,0.0,0.0,0.0,0.0,0.0,0.0,0.0,1.0,0.0,0.0,0.0,0.0,0.0,0.0,0.0,0.0,0.0,0.0,0.0,0.0,0.0,0.0,0.0,0.0,0.0,0.0,0.0,0.0,0.0,0.0,1.0,0.0,0.0,0.0,0.0
16.900000000000002,2.0,0.0,0.0,0.0,0.0,0.0,0.0,0.0,0.0,0.0,0.0,0.0,0.0,0.0,0.0,0.0,0.0,0.0,0.0,0.0,2.0,0.0,0.0,0.0,0.0,0.0,0.0,0.0,0.0,0.0,0.0,0.0,0.0,0.0,0.0,1.0,0.0,0.0,1.0,0.0,0.0,0.0,0.0,0.0,0.0,0.0,0.0,0.0,0.0,1.0,0.0,0.0,0.0,0.0,0.0,0.0,0.0,0.0,0.0,0.0,1.0,0.0,0.0,0.0,0.0,0.0,0.0,0.0,0.0,0.0,0.0,0.0,0.0,0.0,0.0,0.0,0.0,1.0,0.0,0.0,0.0,0.0,2.0,0.0,0.0,1.0,0.0,0.0,0.0,0.0,0.0,0.0,0.0,0.0,0.0,0.0,0.0,0.0,2.0,1.0,0.0,0.0,0.0,0.0,0.0,0.0,2.0,1.0,0.0,1.0,0.0,0.0,0.0,0.0,0.0,0.0,0.0,1.0,0.0,0.0,0.0,0.0,1.0,3.0,0.0,1.0,0.0,0.0,0.0,0.0,0.0,0.0,0.0,0.0,0.0,0.0,0.0,0.0,0.0,0.0,1.0,0.0,1.0,0.0,0.0,0.0,0.0,0.0,0.0,0.0,1.0,1.0,0.0,1.0,0.0,0.0,0.0,1.0,0.0,0.0,0.0,0.0,0.0,0.0,0.0,0.0,0.0,0.0,0.0,0.0,0.0,0.0,0.0,1.0,0.0,0.0,0.0,0.0,0.0,0.0,0.0,0.0,0.0,0.0,0.0,0.0,1.0,0.0,0.0,0.0,0.0,0.0,0.0,1.0,0.0,0.0,0.0,0.0,0.0
17.0,1.0,0.0,0.0,0.0,0.0,0.0,0.0,0.0,0.0,0.0,0.0,0.0,0.0,0.0,0.0,0.0,0.0,0.0,0.0,0.0,0.0,0.0,0.0,0.0,0.0,0.0,0.0,1.0,0.0,0.0,0.0,0.0,0.0,0.0,0.0,1.0,0.0,1.0,0.0,0.0,1.0,0.0,0.0,0.0,0.0,0.0,0.0,1.0,0.0,0.0,0.0,0.0,0.0,0.0,1.0,0.0,0.0,0.0,0.0,0.0,0.0,0.0,2.0,0.0,1.0,0.0,0.0,0.0,0.0,0.0,1.0,0.0,0.0,0.0,0.0,0.0,0.0,0.0,0.0,0.0,0.0,0.0,1.0,0.0,0.0,0.0,0.0,1.0,0.0,1.0,0.0,0.0,0.0,0.0,1.0,0.0,0.0,0.0,1.0,0.0,0.0,0.0,0.0,0.0,0.0,0.0,0.0,0.0,0.0,0.0,0.0,1.0,0.0,1.0,1.0,0.0,1.0,0.0,0.0,0.0,0.0,0.0,0.0,0.0,1.0,1.0,0.0,0.0,0.0,0.0,0.0,0.0,1.0,0.0,0.0,0.0,0.0,0.0,0.0,0.0,0.0,0.0,0.0,1.0,0.0,0.0,0.0,0.0,0.0,0.0,0.0,0.0,0.0,0.0,0.0,1.0,0.0,0.0,0.0,1.0,0.0,0.0,0.0,0.0,0.0,1.0,1.0,0.0,0.0,0.0,0.0,0.0,0.0,0.0,0.0,1.0,0.0,0.0,0.0,0.0,0.0,0.0,0.0,0.0,0.0,0.0,0.0,0.0,0.0,0.0,0.0,0.0,0.0,0.0,0.0,0.0,0.0,1.0,0.0
17.1,0.0,0.0,0.0,0.0,0.0,0.0,0.0,0.0,0.0,0.0,0.0,0.0,0.0,0.0,0.0,0.0,0.0,0.0,0.0,0.0,0.0,0.0,0.0,0.0,0.0,0.0,0.0,0.0,2.0,0.0,0.0,0.0,0.0,0.0,0.0,0.0,0.0,0.0,0.0,0.0,0.0,0.0,0.0,0.0,0.0,0.0,0.0,0.0,0.0,0.0,1.0,0.0,0.0,0.0,0.0,0.0,0.0,0.0,0.0,0.0,0.0,0.0,0.0,0.0,0.0,0.0,0.0,0.0,0.0,0.0,0.0,0.0,0.0,0.0,0.0,2.0,0.0,0.0,0.0,0.0,1.0,0.0,0.0,0.0,0.0,1.0,0.0,0.0,0.0,0.0,0.0,0.0,0.0,0.0,0.0,0.0,0.0,1.0,0.0,0.0,0.0,0.0,1.0,0.0,0.0,1.0,0.0,0.0,0.0,0.0,0.0,0.0,0.0,0.0,0.0,1.0,0.0,0.0,1.0,0.0,0.0,0.0,1.0,0.0,1.0,1.0,0.0,0.0,0.0,0.0,0.0,0.0,0.0,0.0,0.0,0.0,0.0,0.0,0.0,0.0,1.0,0.0,0.0,0.0,0.0,0.0,0.0,0.0,0.0,0.0,0.0,0.0,0.0,0.0,0.0,0.0,0.0,0.0,0.0,0.0,0.0,0.0,0.0,0.0,0.0,0.0,0.0,0.0,0.0,0.0,0.0,0.0,0.0,0.0,0.0,0.0,0.0,0.0,0.0,0.0,0.0,0.0,0.0,0.0,0.0,0.0,0.0,0.0,0.0,0.0,0.0,0.0,0.0,0.0,0.0,0.0,0.0,0.0,0.0
17.2,1.0,0.0,0.0,0.0,0.0,0.0,0.0,0.0,0.0,0.0,0.0,0.0,0.0,0.0,0.0,0.0,0.0,0.0,0.0,0.0,0.0,0.0,0.0,0.0,0.0,0.0,0.0,0.0,0.0,0.0,0.0,0.0,0.0,0.0,0.0,0.0,0.0,0.0,0.0,0.0,0.0,0.0,0.0,0.0,0.0,0.0,0.0,0.0,0.0,0.0,0.0,0.0,0.0,0.0,0.0,0.0,0.0,0.0,0.0,0.0,1.0,0.0,0.0,1.0,0.0,1.0,0.0,0.0,0.0,0.0,0.0,0.0,1.0,1.0,0.0,0.0,0.0,0.0,1.0,0.0,0.0,0.0,0.0,0.0,0.0,2.0,0.0,0.0,0.0,0.0,0.0,0.0,1.0,0.0,0.0,0.0,0.0,0.0,0.0,0.0,2.0,0.0,1.0,0.0,0.0,0.0,1.0,0.0,0.0,0.0,1.0,0.0,0.0,0.0,1.0,0.0,0.0,0.0,0.0,0.0,0.0,0.0,0.0,0.0,0.0,0.0,1.0,0.0,2.0,0.0,0.0,0.0,0.0,1.0,0.0,0.0,0.0,1.0,0.0,0.0,0.0,0.0,0.0,0.0,0.0,0.0,0.0,0.0,1.0,0.0,0.0,0.0,0.0,0.0,0.0,0.0,1.0,0.0,0.0,2.0,0.0,0.0,0.0,0.0,0.0,0.0,0.0,0.0,1.0,0.0,0.0,0.0,0.0,0.0,0.0,0.0,0.0,1.0,0.0,0.0,1.0,0.0,0.0,0.0,0.0,0.0,0.0,0.0,0.0,0.0,0.0,0.0,0.0,0.0,0.0,1.0,0.0,0.0,0.0
17.3,0.0,0.0,0.0,0.0,0.0,0.0,0.0,0.0,0.0,0.0,0.0,0.0,0.0,0.0,0.0,0.0,0.0,0.0,0.0,0.0,0.0,0.0,0.0,0.0,0.0,0.0,1.0,0.0,0.0,0.0,0.0,1.0,0.0,0.0,0.0,0.0,0.0,0.0,0.0,0.0,0.0,0.0,0.0,0.0,0.0,0.0,0.0,0.0,0.0,0.0,0.0,0.0,0.0,0.0,0.0,0.0,0.0,0.0,0.0,1.0,0.0,1.0,0.0,0.0,0.0,0.0,1.0,0.0,0.0,0.0,0.0,0.0,0.0,0.0,0.0,0.0,0.0,1.0,0.0,0.0,0.0,0.0,0.0,0.0,0.0,0.0,1.0,0.0,0.0,0.0,0.0,0.0,0.0,0.0,0.0,0.0,0.0,0.0,0.0,1.0,0.0,0.0,0.0,0.0,0.0,0.0,1.0,0.0,0.0,0.0,0.0,0.0,0.0,0.0,1.0,0.0,0.0,0.0,0.0,1.0,1.0,0.0,0.0,0.0,0.0,1.0,0.0,2.0,0.0,0.0,0.0,0.0,1.0,0.0,0.0,0.0,0.0,0.0,0.0,0.0,2.0,0.0,0.0,0.0,0.0,0.0,0.0,0.0,0.0,0.0,0.0,0.0,0.0,0.0,0.0,1.0,0.0,0.0,0.0,0.0,0.0,0.0,0.0,0.0,0.0,0.0,0.0,0.0,0.0,0.0,0.0,1.0,0.0,0.0,0.0,0.0,1.0,0.0,0.0,0.0,0.0,0.0,0.0,0.0,0.0,0.0,0.0,0.0,0.0,0.0,0.0,0.0,0.0,0.0,0.0,0.0,0.0,0.0,0.0
17.400000000000002,0.0,0.0,0.0,0.0,0.0,0.0,0.0,0.0,0.0,0.0,0.0,0.0,0.0,0.0,0.0,0.0,0.0,0.0,0.0,0.0,0.0,0.0,0.0,0.0,0.0,0.0,0.0,0.0,0.0,0.0,0.0,0.0,0.0,0.0,0.0,0.0,0.0,0.0,0.0,0.0,0.0,0.0,1.0,0.0,0.0,0.0,0.0,0.0,1.0,0.0,1.0,0.0,0.0,1.0,1.0,0.0,0.0,1.0,0.0,0.0,0.0,2.0,0.0,1.0,0.0,0.0,0.0,0.0,0.0,0.0,0.0,1.0,0.0,0.0,0.0,1.0,0.0,0.0,1.0,1.0,1.0,0.0,0.0,1.0,0.0,1.0,0.0,0.0,0.0,1.0,0.0,0.0,0.0,0.0,1.0,1.0,1.0,0.0,0.0,0.0,1.0,0.0,0.0,1.0,0.0,0.0,0.0,1.0,1.0,0.0,0.0,0.0,0.0,0.0,0.0,1.0,0.0,0.0,0.0,0.0,0.0,0.0,0.0,0.0,0.0,0.0,0.0,0.0,0.0,0.0,0.0,1.0,2.0,1.0,0.0,0.0,0.0,0.0,0.0,0.0,2.0,0.0,0.0,0.0,0.0,0.0,1.0,1.0,0.0,0.0,0.0,0.0,0.0,0.0,0.0,0.0,0.0,0.0,0.0,0.0,0.0,0.0,0.0,0.0,0.0,0.0,0.0,0.0,0.0,0.0,0.0,0.0,0.0,0.0,0.0,0.0,0.0,0.0,0.0,0.0,0.0,0.0,0.0,0.0,1.0,0.0,0.0,0.0,0.0,0.0,0.0,0.0,0.0,0.0,0.0,0.0,0.0,0.0,0.0
17.5,1.0,0.0,0.0,0.0,0.0,0.0,0.0,0.0,0.0,0.0,0.0,0.0,0.0,0.0,0.0,0.0,0.0,0.0,0.0,0.0,0.0,0.0,0.0,0.0,0.0,0.0,0.0,0.0,0.0,0.0,0.0,0.0,0.0,0.0,0.0,0.0,0.0,1.0,2.0,0.0,0.0,0.0,0.0,0.0,0.0,0.0,0.0,0.0,0.0,0.0,0.0,0.0,0.0,0.0,0.0,0.0,0.0,0.0,1.0,1.0,0.0,0.0,0.0,0.0,0.0,0.0,0.0,0.0,0.0,0.0,0.0,0.0,0.0,0.0,0.0,0.0,0.0,0.0,0.0,0.0,0.0,0.0,0.0,0.0,1.0,0.0,0.0,2.0,0.0,0.0,0.0,0.0,0.0,0.0,2.0,0.0,0.0,0.0,0.0,1.0,0.0,0.0,1.0,0.0,0.0,0.0,0.0,0.0,0.0,1.0,0.0,0.0,0.0,0.0,0.0,0.0,0.0,0.0,0.0,0.0,0.0,0.0,0.0,0.0,1.0,0.0,0.0,0.0,0.0,0.0,0.0,0.0,0.0,0.0,0.0,0.0,0.0,0.0,0.0,0.0,0.0,1.0,0.0,0.0,0.0,0.0,0.0,1.0,0.0,0.0,0.0,1.0,1.0,0.0,0.0,0.0,0.0,0.0,0.0,0.0,1.0,0.0,1.0,0.0,0.0,0.0,0.0,1.0,0.0,0.0,1.0,1.0,0.0,0.0,1.0,0.0,0.0,0.0,0.0,0.0,0.0,0.0,0.0,0.0,0.0,0.0,0.0,0.0,1.0,0.0,0.0,0.0,0.0,0.0,0.0,1.0,0.0,0.0,0.0
17.6,2.0,0.0,0.0,0.0,0.0,0.0,0.0,0.0,0.0,0.0,0.0,0.0,0.0,0.0,0.0,0.0,0.0,0.0,0.0,0.0,0.0,0.0,0.0,0.0,0.0,0.0,0.0,0.0,0.0,0.0,0.0,0.0,0.0,0.0,0.0,1.0,0.0,0.0,0.0,0.0,0.0,0.0,0.0,0.0,0.0,0.0,0.0,0.0,0.0,1.0,0.0,0.0,0.0,1.0,0.0,0.0,0.0,0.0,0.0,0.0,0.0,1.0,0.0,0.0,0.0,0.0,0.0,0.0,2.0,0.0,0.0,0.0,0.0,0.0,0.0,1.0,0.0,0.0,1.0,0.0,0.0,1.0,0.0,0.0,0.0,0.0,0.0,0.0,0.0,0.0,0.0,0.0,0.0,0.0,0.0,0.0,0.0,0.0,0.0,0.0,0.0,1.0,0.0,0.0,0.0,0.0,0.0,1.0,0.0,0.0,1.0,0.0,0.0,0.0,2.0,0.0,0.0,1.0,0.0,1.0,0.0,0.0,0.0,0.0,0.0,0.0,0.0,0.0,0.0,0.0,0.0,0.0,0.0,0.0,0.0,0.0,0.0,0.0,0.0,0.0,0.0,0.0,0.0,0.0,0.0,0.0,0.0,0.0,0.0,0.0,0.0,0.0,1.0,0.0,0.0,0.0,0.0,0.0,0.0,1.0,0.0,0.0,0.0,0.0,1.0,0.0,0.0,0.0,0.0,1.0,0.0,0.0,0.0,1.0,0.0,0.0,0.0,2.0,0.0,0.0,0.0,0.0,0.0,0.0,0.0,0.0,0.0,0.0,0.0,2.0,0.0,1.0,0.0,0.0,0.0,0.0,0.0,0.0,0.0
17.7,0.0,0.0,0.0,0.0,0.0,0.0,0.0,0.0,0.0,0.0,0.0,0.0,0.0,0.0,0.0,0.0,0.0,0.0,0.0,0.0,0.0,0.0,0.0,0.0,0.0,0.0,0.0,0.0,0.0,0.0,0.0,0.0,0.0,0.0,0.0,0.0,0.0,0.0,1.0,0.0,0.0,0.0,0.0,0.0,0.0,0.0,0.0,0.0,0.0,0.0,0.0,0.0,0.0,0.0,0.0,0.0,0.0,0.0,0.0,0.0,0.0,0.0,1.0,0.0,0.0,0.0,0.0,0.0,0.0,0.0,1.0,0.0,0.0,0.0,0.0,0.0,0.0,0.0,0.0,0.0,0.0,0.0,0.0,0.0,0.0,0.0,0.0,0.0,0.0,0.0,0.0,0.0,0.0,1.0,1.0,1.0,0.0,0.0,0.0,0.0,0.0,0.0,0.0,0.0,0.0,0.0,0.0,0.0,0.0,0.0,1.0,0.0,1.0,0.0,1.0,1.0,0.0,0.0,0.0,0.0,0.0,0.0,0.0,0.0,0.0,0.0,0.0,0.0,0.0,0.0,1.0,1.0,0.0,0.0,0.0,0.0,0.0,1.0,0.0,0.0,1.0,1.0,0.0,0.0,0.0,0.0,0.0,0.0,0.0,0.0,0.0,2.0,0.0,0.0,1.0,0.0,0.0,0.0,1.0,0.0,0.0,0.0,0.0,0.0,0.0,0.0,0.0,0.0,0.0,0.0,0.0,0.0,0.0,0.0,2.0,0.0,0.0,3.0,1.0,0.0,0.0,0.0,0.0,0.0,0.0,1.0,0.0,0.0,0.0,1.0,0.0,0.0,0.0,0.0,0.0,1.0,0.0,0.0,0.0
17.8,0.0,0.0,0.0,0.0,0.0,0.0,0.0,0.0,0.0,0.0,0.0,0.0,0.0,0.0,0.0,0.0,0.0,0.0,0.0,0.0,0.0,0.0,0.0,1.0,0.0,0.0,0.0,0.0,1.0,0.0,0.0,0.0,0.0,0.0,0.0,0.0,0.0,0.0,0.0,0.0,2.0,0.0,0.0,0.0,0.0,0.0,0.0,0.0,0.0,0.0,0.0,0.0,0.0,0.0,1.0,0.0,0.0,0.0,0.0,0.0,0.0,1.0,0.0,0.0,1.0,0.0,0.0,0.0,0.0,0.0,1.0,0.0,0.0,2.0,0.0,0.0,0.0,0.0,0.0,0.0,1.0,0.0,0.0,0.0,0.0,0.0,0.0,0.0,0.0,0.0,0.0,0.0,0.0,1.0,0.0,2.0,0.0,0.0,0.0,0.0,0.0,0.0,0.0,0.0,2.0,1.0,0.0,0.0,0.0,0.0,0.0,0.0,0.0,1.0,0.0,1.0,0.0,0.0,0.0,1.0,0.0,0.0,0.0,2.0,0.0,0.0,1.0,0.0,0.0,0.0,0.0,1.0,0.0,1.0,0.0,0.0,0.0,0.0,0.0,0.0,0.0,0.0,0.0,0.0,1.0,0.0,0.0,0.0,0.0,0.0,0.0,1.0,0.0,1.0,0.0,0.0,0.0,0.0,0.0,0.0,1.0,0.0,0.0,0.0,0.0,0.0,0.0,0.0,0.0,0.0,0.0,1.0,0.0,0.0,0.0,1.0,0.0,0.0,0.0,0.0,0.0,0.0,1.0,0.0,0.0,0.0,0.0,0.0,0.0,0.0,0.0,0.0,0.0,0.0,1.0,0.0,0.0,0.0,0.0
17.900000000000002,0.0,0.0,0.0,0.0,0.0,0.0,0.0,0.0,0.0,0.0,0.0,0.0,0.0,0.0,0.0,0.0,0.0,0.0,0.0,0.0,0.0,0.0,0.0,0.0,0.0,0.0,0.0,0.0,0.0,0.0,0.0,0.0,0.0,0.0,0.0,0.0,0.0,0.0,0.0,0.0,0.0,0.0,0.0,0.0,0.0,0.0,0.0,0.0,0.0,0.0,0.0,0.0,0.0,0.0,1.0,0.0,0.0,0.0,1.0,0.0,0.0,0.0,1.0,1.0,0.0,0.0,0.0,0.0,0.0,0.0,0.0,0.0,0.0,0.0,0.0,0.0,0.0,0.0,1.0,0.0,1.0,0.0,0.0,0.0,0.0,0.0,0.0,0.0,0.0,0.0,0.0,0.0,0.0,0.0,0.0,0.0,0.0,0.0,0.0,0.0,0.0,0.0,0.0,0.0,0.0,0.0,0.0,0.0,1.0,0.0,0.0,0.0,0.0,0.0,0.0,0.0,0.0,0.0,0.0,0.0,0.0,0.0,1.0,0.0,0.0,0.0,0.0,0.0,0.0,0.0,0.0,0.0,0.0,1.0,0.0,0.0,0.0,0.0,0.0,0.0,0.0,1.0,0.0,0.0,0.0,0.0,0.0,0.0,1.0,0.0,0.0,0.0,0.0,0.0,0.0,1.0,0.0,0.0,0.0,0.0,0.0,0.0,0.0,0.0,0.0,0.0,0.0,0.0,0.0,0.0,0.0,0.0,0.0,0.0,0.0,0.0,0.0,1.0,1.0,0.0,0.0,0.0,0.0,1.0,0.0,0.0,0.0,0.0,0.0,0.0,1.0,1.0,0.0,0.0,0.0,0.0,0.0,1.0,0.0
18.0,2.0,0.0,0.0,0.0,0.0,0.0,0.0,0.0,0.0,0.0,0.0,0.0,0.0,0.0,0.0,0.0,0.0,0.0,0.0,0.0,0.0,0.0,0.0,0.0,0.0,0.0,0.0,0.0,0.0,0.0,0.0,0.0,0.0,0.0,0.0,0.0,0.0,0.0,0.0,0.0,0.0,0.0,0.0,2.0,0.0,0.0,0.0,0.0,0.0,0.0,0.0,0.0,0.0,0.0,0.0,0.0,0.0,0.0,0.0,0.0,0.0,1.0,1.0,0.0,0.0,0.0,0.0,0.0,1.0,0.0,0.0,0.0,0.0,0.0,0.0,0.0,0.0,0.0,1.0,1.0,1.0,0.0,0.0,0.0,0.0,0.0,1.0,0.0,0.0,0.0,0.0,0.0,0.0,0.0,0.0,0.0,1.0,0.0,0.0,0.0,0.0,0.0,0.0,0.0,0.0,0.0,0.0,0.0,0.0,0.0,0.0,0.0,0.0,0.0,1.0,0.0,0.0,0.0,1.0,0.0,0.0,0.0,0.0,1.0,0.0,1.0,0.0,0.0,0.0,1.0,0.0,0.0,0.0,0.0,1.0,0.0,0.0,0.0,0.0,0.0,0.0,1.0,0.0,0.0,0.0,0.0,0.0,0.0,0.0,0.0,0.0,0.0,0.0,0.0,0.0,0.0,0.0,0.0,0.0,0.0,0.0,0.0,0.0,0.0,1.0,0.0,0.0,2.0,1.0,1.0,0.0,2.0,0.0,0.0,0.0,0.0,0.0,0.0,0.0,0.0,1.0,0.0,0.0,0.0,0.0,0.0,0.0,0.0,0.0,0.0,0.0,0.0,0.0,0.0,0.0,0.0,0.0,0.0,0.0
18.1,0.0,0.0,0.0,0.0,0.0,0.0,0.0,0.0,0.0,0.0,0.0,0.0,0.0,0.0,0.0,0.0,0.0,0.0,0.0,0.0,0.0,0.0,0.0,0.0,0.0,0.0,0.0,0.0,0.0,0.0,0.0,0.0,0.0,0.0,0.0,0.0,0.0,0.0,0.0,0.0,0.0,0.0,0.0,0.0,0.0,0.0,0.0,0.0,0.0,0.0,0.0,0.0,1.0,0.0,0.0,0.0,0.0,0.0,0.0,0.0,0.0,1.0,0.0,0.0,0.0,0.0,0.0,0.0,0.0,0.0,1.0,0.0,0.0,0.0,0.0,0.0,0.0,0.0,0.0,0.0,0.0,0.0,1.0,0.0,0.0,0.0,0.0,0.0,0.0,0.0,0.0,0.0,0.0,0.0,0.0,0.0,0.0,0.0,0.0,0.0,0.0,0.0,0.0,0.0,0.0,1.0,0.0,0.0,0.0,0.0,0.0,2.0,1.0,0.0,0.0,0.0,0.0,1.0,0.0,0.0,0.0,0.0,0.0,0.0,0.0,0.0,0.0,0.0,0.0,0.0,0.0,0.0,0.0,0.0,0.0,0.0,0.0,0.0,0.0,0.0,0.0,0.0,0.0,0.0,0.0,0.0,0.0,0.0,0.0,0.0,1.0,0.0,0.0,0.0,0.0,0.0,0.0,0.0,0.0,0.0,0.0,1.0,0.0,0.0,0.0,0.0,0.0,0.0,0.0,0.0,0.0,0.0,0.0,0.0,0.0,0.0,1.0,0.0,1.0,2.0,0.0,0.0,0.0,0.0,0.0,0.0,0.0,1.0,0.0,0.0,0.0,0.0,0.0,0.0,0.0,1.0,0.0,0.0,0.0
18.2,0.0,0.0,0.0,0.0,0.0,0.0,0.0,0.0,0.0,0.0,0.0,0.0,0.0,0.0,0.0,0.0,0.0,0.0,0.0,0.0,0.0,0.0,0.0,0.0,0.0,0.0,0.0,0.0,0.0,0.0,0.0,0.0,0.0,0.0,0.0,0.0,0.0,0.0,0.0,0.0,0.0,0.0,0.0,0.0,0.0,0.0,0.0,0.0,0.0,0.0,0.0,0.0,0.0,0.0,0.0,0.0,0.0,0.0,0.0,0.0,0.0,0.0,0.0,0.0,0.0,0.0,0.0,0.0,1.0,0.0,1.0,0.0,0.0,0.0,0.0,0.0,0.0,0.0,0.0,0.0,2.0,0.0,0.0,0.0,0.0,0.0,0.0,0.0,0.0,0.0,0.0,0.0,1.0,0.0,0.0,0.0,0.0,0.0,0.0,0.0,0.0,0.0,1.0,0.0,0.0,0.0,1.0,1.0,0.0,0.0,0.0,0.0,0.0,0.0,0.0,1.0,0.0,0.0,1.0,0.0,0.0,0.0,0.0,0.0,0.0,1.0,1.0,0.0,0.0,0.0,1.0,2.0,0.0,0.0,0.0,0.0,0.0,0.0,0.0,0.0,0.0,0.0,0.0,0.0,0.0,0.0,0.0,0.0,1.0,0.0,0.0,0.0,0.0,0.0,0.0,0.0,1.0,0.0,0.0,1.0,0.0,0.0,0.0,0.0,0.0,0.0,2.0,0.0,0.0,0.0,1.0,0.0,0.0,0.0,1.0,0.0,0.0,0.0,0.0,0.0,1.0,0.0,0.0,0.0,0.0,0.0,0.0,0.0,0.0,0.0,0.0,0.0,0.0,0.0,0.0,0.0,0.0,0.0,0.0
18.3,0.0,0.0,0.0,0.0,0.0,0.0,0.0,0.0,0.0,0.0,0.0,0.0,0.0,0.0,0.0,0.0,0.0,0.0,0.0,0.0,0.0,0.0,0.0,0.0,0.0,0.0,0.0,0.0,0.0,0.0,0.0,0.0,0.0,0.0,0.0,0.0,0.0,0.0,0.0,0.0,0.0,0.0,0.0,0.0,0.0,0.0,1.0,0.0,0.0,0.0,0.0,0.0,0.0,0.0,0.0,0.0,0.0,0.0,0.0,0.0,0.0,1.0,0.0,0.0,0.0,0.0,0.0,1.0,0.0,0.0,1.0,0.0,0.0,0.0,0.0,3.0,1.0,0.0,0.0,1.0,0.0,0.0,0.0,1.0,0.0,0.0,0.0,0.0,1.0,0.0,0.0,0.0,1.0,0.0,0.0,1.0,0.0,0.0,0.0,0.0,0.0,0.0,0.0,0.0,0.0,0.0,0.0,0.0,0.0,0.0,1.0,0.0,0.0,0.0,0.0,1.0,0.0,0.0,0.0,1.0,0.0,0.0,0.0,0.0,1.0,0.0,0.0,1.0,0.0,0.0,0.0,0.0,0.0,0.0,0.0,0.0,0.0,0.0,0.0,1.0,0.0,0.0,1.0,0.0,1.0,0.0,0.0,0.0,0.0,0.0,0.0,0.0,0.0,0.0,0.0,0.0,0.0,0.0,0.0,0.0,0.0,0.0,1.0,0.0,0.0,1.0,0.0,0.0,1.0,0.0,0.0,0.0,0.0,0.0,0.0,0.0,0.0,1.0,0.0,0.0,0.0,1.0,0.0,0.0,0.0,0.0,0.0,0.0,0.0,0.0,0.0,0.0,0.0,1.0,0.0,0.0,0.0,0.0,0.0
18.400000000000002,1.0,0.0,0.0,0.0,0.0,0.0,0.0,0.0,0.0,0.0,0.0,0.0,0.0,0.0,0.0,0.0,0.0,0.0,0.0,0.0,0.0,0.0,0.0,0.0,0.0,0.0,0.0,0.0,0.0,0.0,0.0,0.0,0.0,0.0,0.0,0.0,0.0,0.0,0.0,0.0,0.0,0.0,0.0,0.0,0.0,0.0,0.0,0.0,0.0,0.0,0.0,0.0,0.0,0.0,0.0,0.0,0.0,0.0,0.0,0.0,0.0,0.0,0.0,0.0,0.0,1.0,0.0,0.0,0.0,0.0,0.0,0.0,0.0,0.0,0.0,0.0,0.0,0.0,0.0,0.0,0.0,0.0,0.0,0.0,0.0,0.0,0.0,0.0,0.0,0.0,0.0,0.0,0.0,1.0,0.0,0.0,0.0,0.0,0.0,0.0,0.0,0.0,0.0,1.0,1.0,0.0,0.0,0.0,0.0,0.0,0.0,1.0,0.0,0.0,0.0,0.0,0.0,0.0,1.0,0.0,0.0,0.0,1.0,0.0,1.0,0.0,0.0,0.0,0.0,0.0,1.0,0.0,0.0,0.0,0.0,0.0,0.0,0.0,0.0,0.0,0.0,0.0,0.0,0.0,0.0,0.0,0.0,0.0,0.0,0.0,0.0,0.0,1.0,0.0,0.0,0.0,0.0,0.0,0.0,0.0,0.0,0.0,0.0,0.0,2.0,1.0,0.0,0.0,1.0,0.0,0.0,0.0,0.0,0.0,0.0,0.0,0.0,0.0,0.0,0.0,0.0,0.0,0.0,0.0,0.0,0.0,0.0,0.0,0.0,0.0,0.0,0.0,0.0,0.0,0.0,0.0,1.0,0.0,0.0
18.5,0.0,0.0,0.0,0.0,0.0,0.0,0.0,0.0,0.0,0.0,0.0,0.0,0.0,0.0,0.0,0.0,0.0,0.0,0.0,0.0,0.0,0.0,0.0,0.0,0.0,0.0,0.0,0.0,0.0,0.0,0.0,0.0,0.0,0.0,0.0,0.0,0.0,0.0,0.0,0.0,0.0,0.0,0.0,0.0,0.0,0.0,0.0,0.0,0.0,0.0,0.0,0.0,0.0,0.0,0.0,0.0,0.0,0.0,0.0,0.0,0.0,0.0,1.0,0.0,0.0,0.0,0.0,0.0,0.0,0.0,0.0,0.0,0.0,0.0,0.0,0.0,0.0,0.0,1.0,0.0,0.0,0.0,0.0,0.0,0.0,0.0,0.0,0.0,0.0,0.0,0.0,0.0,0.0,0.0,0.0,0.0,0.0,1.0,0.0,0.0,0.0,0.0,0.0,0.0,0.0,0.0,0.0,0.0,0.0,0.0,0.0,0.0,0.0,1.0,0.0,0.0,0.0,0.0,0.0,0.0,0.0,0.0,0.0,0.0,1.0,0.0,1.0,0.0,0.0,0.0,0.0,0.0,0.0,0.0,0.0,0.0,0.0,0.0,0.0,1.0,0.0,0.0,0.0,0.0,0.0,0.0,0.0,1.0,0.0,0.0,0.0,0.0,0.0,0.0,0.0,0.0,0.0,0.0,0.0,0.0,0.0,0.0,1.0,0.0,0.0,0.0,0.0,0.0,0.0,0.0,0.0,0.0,0.0,0.0,1.0,0.0,0.0,0.0,0.0,0.0,1.0,0.0,0.0,0.0,0.0,0.0,0.0,0.0,0.0,0.0,0.0,0.0,0.0,0.0,0.0,0.0,0.0,0.0,0.0
18.6,0.0,0.0,0.0,0.0,0.0,0.0,0.0,0.0,0.0,0.0,0.0,0.0,0.0,0.0,0.0,0.0,0.0,0.0,0.0,0.0,0.0,0.0,0.0,0.0,0.0,0.0,0.0,0.0,0.0,0.0,0.0,0.0,0.0,0.0,0.0,0.0,0.0,0.0,0.0,1.0,0.0,0.0,0.0,0.0,0.0,0.0,0.0,0.0,0.0,0.0,0.0,0.0,0.0,0.0,0.0,0.0,0.0,0.0,0.0,0.0,1.0,0.0,0.0,0.0,0.0,0.0,0.0,1.0,0.0,0.0,0.0,0.0,0.0,0.0,0.0,0.0,0.0,0.0,0.0,0.0,0.0,1.0,0.0,0.0,0.0,1.0,1.0,0.0,0.0,0.0,0.0,0.0,0.0,0.0,0.0,1.0,0.0,0.0,0.0,0.0,0.0,0.0,0.0,0.0,0.0,1.0,0.0,0.0,0.0,0.0,0.0,0.0,2.0,0.0,0.0,0.0,0.0,0.0,0.0,0.0,0.0,0.0,0.0,0.0,0.0,0.0,0.0,0.0,0.0,0.0,0.0,0.0,0.0,0.0,0.0,0.0,0.0,0.0,0.0,0.0,0.0,1.0,0.0,0.0,0.0,0.0,0.0,0.0,0.0,0.0,1.0,0.0,0.0,0.0,0.0,0.0,0.0,0.0,0.0,0.0,0.0,0.0,0.0,0.0,0.0,0.0,0.0,1.0,1.0,0.0,0.0,0.0,1.0,0.0,0.0,0.0,0.0,0.0,0.0,0.0,1.0,0.0,0.0,0.0,0.0,0.0,0.0,0.0,0.0,0.0,0.0,0.0,0.0,1.0,0.0,0.0,0.0,0.0,0.0
18.7,0.0,0.0,0.0,0.0,0.0,0.0,0.0,0.0,0.0,0.0,0.0,0.0,0.0,0.0,0.0,0.0,0.0,0.0,0.0,0.0,0.0,0.0,0.0,0.0,0.0,0.0,0.0,0.0,0.0,0.0,0.0,0.0,0.0,0.0,0.0,0.0,0.0,0.0,0.0,0.0,0.0,0.0,0.0,0.0,0.0,0.0,0.0,0.0,0.0,0.0,0.0,0.0,0.0,0.0,0.0,0.0,0.0,0.0,0.0,0.0,1.0,0.0,0.0,1.0,0.0,0.0,0.0,0.0,0.0,0.0,0.0,0.0,0.0,0.0,0.0,1.0,0.0,0.0,0.0,0.0,0.0,0.0,0.0,0.0,0.0,0.0,0.0,0.0,0.0,0.0,0.0,0.0,0.0,0.0,0.0,1.0,0.0,1.0,0.0,1.0,0.0,0.0,0.0,0.0,1.0,0.0,0.0,0.0,0.0,0.0,0.0,0.0,0.0,0.0,0.0,0.0,1.0,1.0,0.0,0.0,0.0,0.0,2.0,1.0,1.0,0.0,0.0,0.0,0.0,0.0,0.0,0.0,0.0,0.0,0.0,0.0,0.0,0.0,0.0,0.0,0.0,0.0,1.0,0.0,0.0,0.0,0.0,0.0,0.0,0.0,0.0,0.0,0.0,0.0,1.0,1.0,0.0,0.0,0.0,0.0,0.0,0.0,0.0,0.0,0.0,1.0,0.0,0.0,0.0,0.0,0.0,0.0,0.0,0.0,0.0,0.0,0.0,0.0,0.0,0.0,1.0,0.0,0.0,0.0,0.0,0.0,0.0,0.0,0.0,0.0,0.0,0.0,0.0,0.0,0.0,0.0,0.0,0.0,0.0
18.8,1.0,0.0,0.0,0.0,0.0,0.0,0.0,0.0,0.0,0.0,0.0,0.0,0.0,0.0,0.0,0.0,0.0,1.0,0.0,0.0,0.0,0.0,0.0,0.0,0.0,0.0,0.0,0.0,0.0,0.0,0.0,0.0,0.0,0.0,0.0,0.0,0.0,0.0,0.0,0.0,0.0,0.0,0.0,0.0,0.0,0.0,0.0,0.0,0.0,0.0,0.0,0.0,0.0,0.0,0.0,0.0,0.0,0.0,0.0,0.0,0.0,1.0,0.0,0.0,0.0,0.0,0.0,0.0,0.0,0.0,0.0,0.0,0.0,1.0,0.0,0.0,1.0,0.0,0.0,0.0,1.0,0.0,0.0,0.0,0.0,0.0,0.0,0.0,0.0,0.0,0.0,0.0,0.0,2.0,0.0,0.0,0.0,0.0,1.0,0.0,0.0,0.0,0.0,0.0,0.0,1.0,0.0,0.0,1.0,0.0,0.0,0.0,0.0,0.0,0.0,0.0,0.0,0.0,0.0,2.0,0.0,0.0,0.0,0.0,0.0,1.0,1.0,2.0,0.0,0.0,0.0,0.0,0.0,0.0,0.0,0.0,0.0,0.0,0.0,1.0,0.0,0.0,0.0,0.0,1.0,0.0,0.0,0.0,0.0,0.0,0.0,0.0,0.0,0.0,0.0,0.0,0.0,0.0,0.0,0.0,0.0,0.0,0.0,0.0,0.0,0.0,0.0,0.0,0.0,0.0,0.0,0.0,0.0,0.0,1.0,0.0,0.0,0.0,1.0,0.0,0.0,0.0,0.0,0.0,0.0,0.0,0.0,0.0,0.0,0.0,0.0,0.0,0.0,0.0,0.0,0.0,3.0,0.0,0.0
18.900000000000002,0.0,0.0,0.0,0.0,1.0,0.0,0.0,0.0,0.0,0.0,0.0,0.0,0.0,0.0,0.0,0.0,0.0,0.0,0.0,0.0,0.0,0.0,0.0,0.0,0.0,0.0,0.0,0.0,0.0,0.0,0.0,0.0,0.0,0.0,0.0,0.0,0.0,0.0,0.0,0.0,0.0,0.0,0.0,0.0,0.0,0.0,0.0,0.0,0.0,0.0,0.0,0.0,0.0,0.0,0.0,0.0,0.0,0.0,0.0,0.0,0.0,0.0,0.0,1.0,0.0,0.0,0.0,1.0,0.0,0.0,0.0,0.0,0.0,0.0,0.0,0.0,0.0,0.0,0.0,0.0,0.0,0.0,0.0,0.0,0.0,0.0,0.0,1.0,0.0,0.0,0.0,0.0,0.0,0.0,0.0,0.0,0.0,0.0,0.0,1.0,0.0,0.0,0.0,0.0,0.0,2.0,1.0,0.0,0.0,1.0,0.0,0.0,0.0,0.0,0.0,0.0,1.0,0.0,0.0,0.0,0.0,0.0,1.0,0.0,0.0,0.0,0.0,0.0,0.0,1.0,1.0,0.0,0.0,0.0,0.0,0.0,0.0,0.0,1.0,0.0,0.0,0.0,2.0,0.0,0.0,0.0,0.0,0.0,0.0,0.0,0.0,0.0,0.0,0.0,0.0,0.0,0.0,0.0,0.0,0.0,0.0,0.0,0.0,0.0,0.0,1.0,0.0,0.0,0.0,0.0,0.0,0.0,0.0,0.0,0.0,0.0,0.0,0.0,0.0,0.0,0.0,0.0,0.0,0.0,0.0,0.0,0.0,0.0,1.0,0.0,0.0,1.0,0.0,0.0,0.0,0.0,0.0,0.0,0.0
19.0,0.0,0.0,0.0,0.0,0.0,0.0,0.0,0.0,0.0,0.0,0.0,0.0,0.0,0.0,0.0,0.0,0.0,0.0,0.0,0.0,0.0,0.0,0.0,0.0,0.0,0.0,0.0,0.0,0.0,0.0,0.0,0.0,0.0,0.0,0.0,0.0,0.0,0.0,0.0,0.0,1.0,0.0,0.0,0.0,0.0,0.0,0.0,0.0,0.0,0.0,0.0,0.0,0.0,0.0,0.0,0.0,0.0,0.0,0.0,0.0,0.0,0.0,0.0,0.0,0.0,0.0,0.0,0.0,1.0,0.0,0.0,0.0,0.0,0.0,0.0,0.0,0.0,0.0,0.0,0.0,0.0,0.0,0.0,0.0,0.0,0.0,0.0,0.0,0.0,0.0,0.0,1.0,0.0,0.0,0.0,2.0,0.0,1.0,0.0,0.0,0.0,0.0,0.0,0.0,0.0,0.0,1.0,0.0,0.0,0.0,0.0,0.0,0.0,0.0,0.0,0.0,0.0,0.0,0.0,0.0,0.0,0.0,0.0,0.0,0.0,0.0,0.0,0.0,0.0,0.0,1.0,0.0,0.0,0.0,1.0,1.0,0.0,0.0,0.0,0.0,0.0,0.0,0.0,0.0,0.0,0.0,0.0,0.0,0.0,0.0,0.0,1.0,0.0,0.0,0.0,1.0,0.0,0.0,0.0,0.0,0.0,0.0,0.0,0.0,0.0,0.0,0.0,1.0,0.0,0.0,0.0,0.0,0.0,1.0,0.0,0.0,0.0,0.0,1.0,0.0,0.0,1.0,0.0,0.0,0.0,0.0,0.0,0.0,0.0,0.0,0.0,0.0,0.0,0.0,0.0,0.0,1.0,0.0,0.0
19.1,0.0,0.0,0.0,0.0,0.0,0.0,0.0,0.0,0.0,0.0,0.0,0.0,0.0,0.0,0.0,0.0,0.0,0.0,0.0,0.0,0.0,0.0,0.0,0.0,0.0,0.0,0.0,0.0,0.0,0.0,0.0,0.0,0.0,0.0,0.0,0.0,0.0,0.0,0.0,0.0,2.0,0.0,0.0,0.0,0.0,0.0,0.0,0.0,0.0,0.0,0.0,0.0,0.0,0.0,0.0,0.0,0.0,0.0,0.0,0.0,0.0,0.0,0.0,0.0,0.0,0.0,1.0,0.0,0.0,0.0,0.0,0.0,0.0,0.0,0.0,0.0,0.0,1.0,0.0,0.0,0.0,0.0,0.0,0.0,0.0,0.0,0.0,1.0,0.0,2.0,0.0,1.0,0.0,0.0,0.0,0.0,0.0,0.0,0.0,0.0,0.0,0.0,0.0,0.0,0.0,0.0,0.0,0.0,0.0,0.0,0.0,0.0,0.0,0.0,0.0,0.0,0.0,0.0,0.0,0.0,0.0,0.0,1.0,0.0,0.0,0.0,0.0,0.0,0.0,0.0,1.0,0.0,1.0,0.0,0.0,0.0,0.0,0.0,0.0,0.0,1.0,0.0,0.0,0.0,0.0,1.0,0.0,0.0,0.0,0.0,1.0,0.0,0.0,0.0,0.0,0.0,0.0,0.0,1.0,0.0,0.0,0.0,0.0,0.0,1.0,1.0,0.0,0.0,0.0,0.0,0.0,1.0,0.0,0.0,0.0,0.0,0.0,0.0,0.0,0.0,0.0,0.0,0.0,0.0,0.0,1.0,0.0,0.0,0.0,0.0,0.0,0.0,0.0,0.0,0.0,0.0,0.0,0.0,0.0
19.200000000000003,0.0,0.0,0.0,0.0,0.0,0.0,0.0,0.0,0.0,0.0,0.0,0.0,0.0,0.0,0.0,0.0,0.0,0.0,0.0,0.0,0.0,0.0,0.0,0.0,0.0,0.0,0.0,0.0,0.0,0.0,0.0,0.0,0.0,0.0,0.0,0.0,0.0,0.0,0.0,0.0,0.0,0.0,0.0,0.0,0.0,0.0,0.0,0.0,0.0,0.0,0.0,0.0,0.0,0.0,0.0,0.0,0.0,0.0,0.0,0.0,1.0,0.0,0.0,1.0,0.0,0.0,0.0,0.0,0.0,1.0,0.0,0.0,0.0,0.0,0.0,0.0,0.0,1.0,0.0,0.0,0.0,1.0,1.0,0.0,0.0,0.0,0.0,0.0,0.0,0.0,0.0,0.0,0.0,0.0,0.0,0.0,0.0,0.0,0.0,0.0,0.0,0.0,0.0,0.0,0.0,0.0,0.0,0.0,0.0,0.0,1.0,0.0,0.0,0.0,0.0,0.0,0.0,0.0,0.0,0.0,0.0,0.0,0.0,0.0,0.0,1.0,0.0,0.0,0.0,0.0,1.0,0.0,0.0,1.0,0.0,0.0,0.0,0.0,0.0,0.0,0.0,0.0,1.0,0.0,0.0,0.0,0.0,0.0,0.0,0.0,0.0,0.0,0.0,0.0,0.0,0.0,0.0,0.0,0.0,0.0,0.0,0.0,0.0,0.0,0.0,0.0,0.0,2.0,1.0,0.0,0.0,0.0,0.0,0.0,0.0,0.0,0.0,1.0,0.0,0.0,0.0,0.0,0.0,0.0,0.0,0.0,0.0,0.0,0.0,0.0,0.0,0.0,0.0,0.0,0.0,0.0,0.0,0.0,0.0
19.3,1.0,0.0,0.0,0.0,0.0,0.0,0.0,0.0,0.0,0.0,0.0,0.0,0.0,0.0,0.0,0.0,0.0,0.0,0.0,0.0,0.0,0.0,0.0,0.0,0.0,0.0,0.0,0.0,0.0,0.0,0.0,1.0,0.0,0.0,0.0,0.0,0.0,0.0,0.0,0.0,0.0,0.0,0.0,0.0,0.0,0.0,0.0,0.0,0.0,0.0,0.0,0.0,0.0,0.0,0.0,0.0,0.0,0.0,1.0,0.0,0.0,0.0,0.0,0.0,0.0,0.0,0.0,0.0,0.0,0.0,0.0,0.0,0.0,1.0,0.0,0.0,0.0,0.0,0.0,0.0,0.0,0.0,0.0,0.0,0.0,1.0,0.0,0.0,0.0,0.0,0.0,2.0,0.0,0.0,0.0,0.0,0.0,0.0,0.0,1.0,0.0,0.0,1.0,1.0,0.0,0.0,0.0,0.0,0.0,0.0,0.0,0.0,0.0,2.0,0.0,0.0,0.0,0.0,0.0,0.0,0.0,0.0,0.0,0.0,0.0,0.0,0.0,0.0,0.0,0.0,0.0,0.0,0.0,0.0,0.0,0.0,0.0,0.0,0.0,2.0,0.0,0.0,0.0,0.0,0.0,0.0,0.0,0.0,0.0,1.0,0.0,0.0,0.0,0.0,0.0,0.0,0.0,0.0,0.0,0.0,0.0,0.0,0.0,0.0,0.0,0.0,0.0,0.0,0.0,0.0,0.0,0.0,0.0,0.0,1.0,0.0,0.0,0.0,0.0,0.0,0.0,0.0,0.0,0.0,0.0,0.0,0.0,0.0,0.0,0.0,0.0,0.0,0.0,0.0,0.0,1.0,0.0,0.0,0.0
19.400000000000002,3.0,0.0,0.0,0.0,0.0,0.0,0.0,0.0,0.0,0.0,0.0,0.0,0.0,0.0,0.0,0.0,0.0,0.0,0.0,0.0,0.0,0.0,0.0,0.0,0.0,0.0,0.0,0.0,0.0,0.0,0.0,0.0,0.0,0.0,0.0,0.0,0.0,0.0,0.0,0.0,0.0,0.0,0.0,1.0,0.0,0.0,0.0,0.0,0.0,0.0,0.0,0.0,0.0,0.0,0.0,0.0,0.0,0.0,0.0,0.0,0.0,0.0,0.0,0.0,0.0,0.0,0.0,0.0,0.0,0.0,0.0,0.0,0.0,0.0,0.0,0.0,0.0,0.0,0.0,0.0,0.0,0.0,0.0,0.0,0.0,0.0,0.0,0.0,0.0,0.0,0.0,0.0,0.0,0.0,0.0,0.0,0.0,0.0,0.0,0.0,0.0,0.0,1.0,0.0,1.0,1.0,0.0,0.0,0.0,0.0,0.0,0.0,0.0,0.0,0.0,0.0,0.0,0.0,0.0,0.0,0.0,0.0,0.0,0.0,0.0,0.0,0.0,0.0,0.0,0.0,0.0,0.0,0.0,0.0,0.0,0.0,0.0,0.0,1.0,0.0,0.0,0.0,0.0,0.0,1.0,0.0,0.0,0.0,0.0,0.0,0.0,0.0,0.0,0.0,0.0,0.0,0.0,0.0,0.0,0.0,0.0,0.0,0.0,0.0,0.0,0.0,0.0,1.0,0.0,0.0,0.0,0.0,0.0,0.0,0.0,0.0,0.0,0.0,0.0,0.0,0.0,0.0,0.0,0.0,0.0,0.0,0.0,0.0,0.0,1.0,0.0,1.0,0.0,0.0,0.0,0.0,0.0,0.0,1.0
19.5,0.0,0.0,0.0,0.0,0.0,0.0,0.0,0.0,0.0,0.0,0.0,0.0,0.0,0.0,0.0,0.0,0.0,0.0,0.0,0.0,0.0,0.0,0.0,0.0,0.0,0.0,0.0,0.0,0.0,0.0,0.0,1.0,0.0,0.0,2.0,0.0,0.0,0.0,0.0,0.0,0.0,0.0,0.0,0.0,0.0,0.0,0.0,0.0,0.0,0.0,0.0,0.0,0.0,0.0,0.0,0.0,0.0,0.0,0.0,0.0,0.0,0.0,0.0,0.0,0.0,0.0,0.0,0.0,0.0,0.0,0.0,1.0,0.0,0.0,0.0,0.0,0.0,0.0,0.0,0.0,0.0,0.0,0.0,0.0,0.0,0.0,0.0,0.0,0.0,0.0,0.0,0.0,0.0,0.0,0.0,0.0,0.0,0.0,1.0,0.0,0.0,0.0,0.0,1.0,0.0,0.0,0.0,1.0,1.0,0.0,0.0,0.0,0.0,1.0,0.0,0.0,1.0,0.0,0.0,0.0,0.0,0.0,1.0,0.0,0.0,1.0,0.0,0.0,0.0,0.0,0.0,0.0,0.0,0.0,0.0,0.0,0.0,0.0,1.0,0.0,0.0,0.0,0.0,0.0,0.0,0.0,0.0,0.0,0.0,0.0,0.0,0.0,0.0,0.0,0.0,0.0,0.0,0.0,0.0,0.0,0.0,0.0,0.0,0.0,0.0,0.0,0.0,0.0,0.0,0.0,0.0,0.0,0.0,0.0,1.0,0.0,0.0,0.0,0.0,1.0,0.0,0.0,0.0,0.0,1.0,1.0,0.0,0.0,0.0,0.0,0.0,0.0,0.0,0.0,0.0,1.0,0.0,0.0,0.0
19.6,0.0,0.0,0.0,0.0,0.0,0.0,0.0,0.0,0.0,0.0,0.0,0.0,0.0,0.0,0.0,0.0,0.0,0.0,0.0,0.0,0.0,0.0,0.0,0.0,0.0,0.0,0.0,0.0,0.0,0.0,0.0,0.0,0.0,0.0,0.0,0.0,0.0,0.0,0.0,0.0,0.0,0.0,0.0,0.0,0.0,0.0,0.0,0.0,0.0,0.0,0.0,0.0,0.0,0.0,0.0,0.0,0.0,1.0,0.0,0.0,0.0,0.0,0.0,0.0,0.0,0.0,0.0,0.0,0.0,0.0,0.0,0.0,0.0,0.0,0.0,0.0,0.0,0.0,0.0,0.0,0.0,0.0,0.0,0.0,0.0,0.0,1.0,0.0,0.0,0.0,2.0,1.0,2.0,0.0,0.0,0.0,0.0,0.0,1.0,0.0,0.0,0.0,0.0,0.0,0.0,0.0,0.0,0.0,0.0,0.0,0.0,0.0,0.0,1.0,0.0,0.0,0.0,0.0,0.0,0.0,0.0,0.0,0.0,0.0,0.0,0.0,0.0,0.0,0.0,0.0,0.0,1.0,0.0,0.0,0.0,0.0,0.0,0.0,0.0,0.0,0.0,0.0,0.0,0.0,0.0,0.0,0.0,0.0,0.0,0.0,0.0,0.0,1.0,0.0,0.0,0.0,0.0,0.0,0.0,0.0,1.0,0.0,0.0,0.0,1.0,0.0,0.0,0.0,0.0,0.0,0.0,0.0,0.0,0.0,0.0,0.0,0.0,0.0,0.0,0.0,0.0,1.0,0.0,0.0,0.0,0.0,0.0,0.0,0.0,0.0,0.0,0.0,0.0,0.0,0.0,0.0,0.0,0.0,0.0
19.700000000000003,0.0,0.0,0.0,0.0,0.0,0.0,0.0,0.0,0.0,0.0,0.0,0.0,0.0,0.0,0.0,0.0,0.0,0.0,0.0,0.0,0.0,0.0,0.0,0.0,0.0,0.0,0.0,0.0,0.0,0.0,0.0,0.0,0.0,0.0,0.0,0.0,0.0,0.0,0.0,0.0,0.0,0.0,0.0,0.0,0.0,0.0,0.0,0.0,0.0,0.0,0.0,0.0,0.0,1.0,0.0,0.0,0.0,0.0,0.0,0.0,0.0,0.0,0.0,0.0,1.0,0.0,0.0,0.0,0.0,0.0,1.0,0.0,0.0,0.0,0.0,0.0,0.0,0.0,0.0,0.0,0.0,0.0,0.0,0.0,0.0,0.0,0.0,0.0,0.0,0.0,0.0,0.0,0.0,0.0,0.0,0.0,0.0,0.0,0.0,0.0,0.0,1.0,0.0,0.0,0.0,0.0,0.0,0.0,0.0,1.0,0.0,0.0,0.0,0.0,1.0,0.0,0.0,1.0,1.0,0.0,0.0,0.0,0.0,1.0,0.0,1.0,0.0,0.0,0.0,0.0,0.0,0.0,0.0,0.0,0.0,1.0,0.0,0.0,0.0,0.0,0.0,0.0,0.0,1.0,0.0,0.0,0.0,0.0,0.0,0.0,0.0,0.0,0.0,0.0,0.0,0.0,0.0,0.0,1.0,0.0,0.0,0.0,0.0,1.0,0.0,0.0,0.0,0.0,0.0,0.0,0.0,0.0,0.0,0.0,0.0,0.0,0.0,0.0,0.0,0.0,0.0,0.0,0.0,0.0,0.0,0.0,0.0,0.0,0.0,0.0,0.0,1.0,0.0,0.0,0.0,0.0,0.0,0.0,0.0
19.8,1.0,0.0,0.0,0.0,0.0,0.0,0.0,0.0,0.0,0.0,0.0,0.0,0.0,0.0,0.0,0.0,0.0,0.0,0.0,0.0,0.0,0.0,0.0,0.0,0.0,0.0,0.0,0.0,0.0,0.0,0.0,0.0,0.0,1.0,0.0,0.0,0.0,0.0,0.0,0.0,0.0,0.0,0.0,0.0,0.0,0.0,0.0,0.0,0.0,0.0,0.0,0.0,0.0,0.0,0.0,0.0,0.0,0.0,0.0,0.0,0.0,1.0,0.0,1.0,0.0,0.0,0.0,0.0,0.0,0.0,0.0,0.0,1.0,0.0,0.0,0.0,0.0,0.0,0.0,0.0,0.0,0.0,0.0,0.0,0.0,0.0,0.0,0.0,0.0,0.0,0.0,0.0,0.0,0.0,0.0,1.0,0.0,0.0,0.0,0.0,0.0,0.0,1.0,0.0,1.0,0.0,0.0,0.0,0.0,0.0,0.0,0.0,0.0,0.0,0.0,0.0,1.0,0.0,0.0,0.0,0.0,0.0,0.0,0.0,0.0,0.0,0.0,0.0,0.0,0.0,0.0,0.0,0.0,0.0,0.0,0.0,0.0,0.0,0.0,0.0,1.0,0.0,0.0,0.0,0.0,0.0,0.0,0.0,0.0,0.0,0.0,0.0,0.0,0.0,0.0,0.0,0.0,0.0,0.0,0.0,0.0,0.0,0.0,1.0,0.0,1.0,0.0,0.0,0.0,0.0,0.0,0.0,0.0,0.0,0.0,0.0,0.0,0.0,0.0,0.0,0.0,0.0,0.0,0.0,0.0,0.0,0.0,0.0,0.0,0.0,0.0,0.0,0.0,0.0,0.0,0.0,0.0,0.0,0.0
